FENGYUN 1C              
1 25730U 99025A   26283.91301733  .00001389  00000+0  58568-3 0  9995
2 25730  98.8560 358.9442 0012111 285.5856  74.3987 14.27313928414462
FENGYUN 1C DEB          
1 29733U 99025X   26283.27873346  .00000846  00000+0  14679-2 0  9996
2 29733  99.2041 298.3608 0564752 225.3675 144.0916 12.96942344930287
FENGYUN 1C DEB          
1 29734U 99025Y   26283.93222543  .00002842  00000+0  45478-2 0  9996
2 29734  99.1649 169.5674 0614447  37.9226 338.8123 12.92225879924503
FENGYUN 1C DEB          
1 29735U 99025Z   26283.93311814 -.00000069  00000+0 -54347-4 0  9995
2 29735  99.3789 153.6882 0696306 225.3794 128.8457 12.75897585912686
FENGYUN 1C DEB          
1 29736U 99025AA  26282.83199830  .00001593  00000+0  35452-2 0  9991
2 29736  99.4391  50.1088 0725739 272.3479 250.3392 12.57851045903298
FENGYUN 1C DEB          
1 29737U 99025AB  26283.56983976 -.00000255  00000+0 -45369-3 0  9990
2 29737  99.5751 194.1473 0689814 205.1728 285.6781 12.66255747906889
FENGYUN 1C DEB          
1 29738U 99025AC  26283.57639204  .00001293  00000+0  18017-2 0  9994
2 29738  99.4174  41.0821 0846525 357.9203   1.8455 12.62482400900247
FENGYUN 1C DEB          
1 29740U 99025AE  26282.83041629  .00001560  00000+0  41273-2 0  9990
2 29740  99.0642  53.8342 0972220 317.5772  35.3944 12.08767890865727
FENGYUN 1C DEB          
1 29741U 99025AF  26282.40101615  .00000883  00000+0  22765-2 0  9998
2 29741  99.1871  76.6978 1025441 193.2387 195.3553 12.01780619557949
FENGYUN 1C DEB          
1 29748U 99025AN  26283.89294387  .00000710  00000+0  66459-2 0  9995
2 29748 100.1837 144.6585 0539971 175.0670 185.5999 11.92615052823332
FENGYUN 1C DEB          
1 29750U 99025AQ  26283.85335241  .00000203  00000+0  13856-3 0  9990
2 29750  98.7263 309.2468 0036375 164.2046  12.0444 14.09872032 13183
FENGYUN 1C DEB          
1 29751U 99025AR  26282.54722720  .00000207  00000+0  10504-3 0  9999
2 29751  98.5146 306.3450 0088503 343.7020 168.4998 14.23833670 23527
FENGYUN 1C DEB          
1 29754U 99025AU  26283.57305738  .00001234  00000+0  59636-3 0  9992
2 29754  98.8964  32.4361 0036326  97.4954 329.8421 14.20101087 16235
FENGYUN 1C DEB          
1 29758U 99025AY  26283.64071818  .00005467  00000+0  15749-2 0  9991
2 29758  98.8685  56.4052 0021020 135.3371 347.3155 14.45005964 20274
FENGYUN 1C DEB          
1 29760U 99025BA  26283.76848080  .00000207  00000+0  13414-3 0  9995
2 29760  98.7717 282.5379 0131229  41.8591 319.2525 14.08471457 13436
FENGYUN 1C DEB          
1 29762U 99025BC  26283.70711368  .00000263  00000+0  11121-3 0  9994
2 29762  98.6119 264.4807 0203294 177.4475 357.5670 14.22957487 22374
FENGYUN 1C DEB          
1 29763U 99025BD  26283.76837120  .00000223  00000+0  14470-3 0  9992
2 29763  98.7964 259.9837 0128151  49.6368  70.3958 14.08083445 13013
FENGYUN 1C DEB          
1 29765U 99025BF  26283.84070340 -.00000043  00000+0  16757-6 0  9990
2 29765  98.8156 297.3298 0057829 331.3662 203.0121 14.02216069  9754
FENGYUN 1C DEB          
1 29766U 99025BG  26282.77562109  .00001414  00000+0  94063-3 0  9996
2 29766  98.7031 221.5161 0142748 170.8973 219.8281 13.97949672    85
FENGYUN 1C DEB          
1 29767U 99025BH  26282.82614613  .00002384  00000+0  92963-3 0  9995
2 29767  98.2223 228.5369 0323412 281.9551 102.1568 14.05677745998274
FENGYUN 1C DEB          
1 29769U 99025BK  26282.98195408  .00001732  00000+0  88736-3 0  9999
2 29769  99.0857 350.6357 0089782   1.0186 359.1154 14.14788520  9357
FENGYUN 1C DEB          
1 29770U 99025BL  26283.48903442  .00001737  00000+0  79439-3 0  9997
2 29770  98.8321   4.1641 0062757 126.4786 246.8940 14.21716620 13697
FENGYUN 1C DEB          
1 29771U 99025BM  26283.41014478  .00257499  00000+0  10897-1 0  9992
2 29771  99.6084 201.8276 0006262 183.1367 176.9824 15.21988155376328
FENGYUN 1C DEB          
1 29772U 99025BN  26278.34191295  .00001492  00000+0  89064-3 0  9996
2 29772  98.3722 109.5818 0135956 169.8729 315.7142 14.04065325  3357
FENGYUN 1C DEB          
1 29773U 99025BP  26283.73458804  .00000590  00000+0  25351-3 0  9995
2 29773  99.0228  91.6078 0047658 136.8608 236.0705 14.28049986 25060
FENGYUN 1C DEB          
1 29774U 99025BQ  26283.63709911  .00000244  00000+0  12804-3 0  9998
2 29774  99.1109 238.6746 0050099 341.4085 195.8280 14.22955845 23692
FENGYUN 1C DEB          
1 29776U 99025BS  26283.82092306  .00000299  00000+0  20043-3 0  9998
2 29776  98.7452 306.5058 0024531 137.4028  37.7917 14.07917388 13304
FENGYUN 1C DEB          
1 29777U 99025BT  26283.44345946  .00000051  00000+0  71880-4 0  9990
2 29777  99.2426 345.0225 0093826 113.9545 258.4741 13.92198047  2381
FENGYUN 1C DEB          
1 29779U 99025BV  26283.76627017  .00000294  00000+0  17491-3 0  9995
2 29779  98.6731 290.9707 0063518  24.1162 336.2963 14.13685310 16802
FENGYUN 1C DEB          
1 29780U 99025BW  26283.54711424  .00002823  00000+0  12651-2 0  9991
2 29780  99.2838 225.1485 0042558 355.0159   5.0588 14.22907673 13658
FENGYUN 1C DEB          
1 29781U 99025BX  26283.79176124  .00000924  00000+0  57788-3 0  9992
2 29781  98.8293 274.8454 0072766  47.0813  75.2267 14.05776164  8843
FENGYUN 1C DEB          
1 29782U 99025BY  26283.45216840  .00001320  00000+0  72506-3 0  9992
2 29782  99.0790 346.2296 0053990  76.9258 296.4493 14.12765790  9298
FENGYUN 1C DEB          
1 29784U 99025CA  26283.57827934  .00000751  00000+0  29598-3 0  9999
2 29784  98.9547 216.2909 0059699 136.4613  38.3253 14.31228130 26732
FENGYUN 1C DEB          
1 29786U 99025CC  26282.84760624  .00000278  00000+0  17914-3 0  9995
2 29786  98.7231 295.7460 0077914 170.1111 314.2724 14.09243596 14008
FENGYUN 1C DEB          
1 29788U 99025CE  26283.85870090  .00002878  00000+0  11727-2 0  9991
2 29788  98.7671   1.3619 0039706  32.8826  61.6820 14.27804417 16657
FENGYUN 1C DEB          
1 29789U 99025CF  26283.78542351  .00001055  00000+0  12062-2 0  9999
2 29789  99.4656  99.1713 0295918 235.7283 254.6888 13.54973713970774
FENGYUN 1C DEB          
1 29790U 99025CG  26283.32286096  .00000503  00000+0  19642-3 0  9991
2 29790  99.1504 299.0322 0076452  22.7454 337.7086 14.32715107 28445
FENGYUN 1C DEB          
1 29791U 99025CH  26283.93026935  .00005695  00000+0  11421-2 0  9996
2 29791  99.0267 316.5027 0037971 219.5611 264.3344 14.61708450 32567
FENGYUN 1C DEB          
1 29792U 99025CJ  26283.07877730  .00001573  00000+0  80678-3 0  9991
2 29792  98.7321 333.0109 0048086 252.3269 107.2652 14.16256468 12048
FENGYUN 1C DEB          
1 29793U 99025CK  26281.42430666  .00001102  00000+0  68662-3 0  9999
2 29793  98.3812  80.5548 0139828 211.8056 174.6698 14.02018153  2566
FENGYUN 1C DEB          
1 29794U 99025CL  26283.62681807  .00000923  00000+0  49127-3 0  9994
2 29794  98.2368  61.1073 0154804 253.0143 171.3870 14.09667729 10893
FENGYUN 1C DEB          
1 29795U 99025CM  26281.34141034  .00000140  00000+0  13273-3 0  9999
2 29795  98.9100  43.9133 0112029 174.7311 249.1584 13.93027969  2243
FENGYUN 1C DEB          
1 29796U 99025CN  26283.91501469  .00000949  00000+0  52538-3 0  9991
2 29796  98.8329 337.1331 0053064 131.6902  42.9882 14.12989282 13255
FENGYUN 1C DEB          
1 29798U 99025CQ  26283.97020646  .00001565  00000+0  10278-2 0  9991
2 29798  99.2928 357.6513 0108947 166.2598   8.6873 14.00637049  1537
FENGYUN 1C DEB          
1 29800U 99025CS  26281.93664352  .00002542  00000+0  16242-2 0  9990
2 29800  98.2842 280.1346 0132432 100.7204 290.4747 14.00025806997753
FENGYUN 1C DEB          
1 29801U 99025CT  26283.98317307  .00000332  00000+0  12212-3 0  9992
2 29801  98.7767 195.8768 0104584  95.2148 324.4913 14.36150924 32782
FENGYUN 1C DEB          
1 29802U 99025CU  26282.83675439  .00014034  00000+0  23093-2 0  9991
2 29802  98.6355  52.4371 0032846 122.5432  29.9667 14.70314447 28850
FENGYUN 1C DEB          
1 29804U 99025CW  26282.83944769  .00000140  00000+0  10984-3 0  9997
2 29804  98.8056 286.9493 0098043 177.8521 304.7498 14.04388173 11159
FENGYUN 1C DEB          
1 29805U 99025CX  26282.06452906  .00000076  00000+0  11417-3 0  9990
2 29805  99.4132 333.8617 0188697 167.4358 193.1590 13.72740454988233
FENGYUN 1C DEB          
1 29806U 99025CY  26283.78129118  .00000618  00000+0  35617-3 0  9997
2 29806  98.7017 295.9624 0029575 112.5739  63.6910 14.12493789 13986
FENGYUN 1C DEB          
1 29807U 99025CZ  26283.27690492  .00000247  00000+0  16298-3 0  9992
2 29807  98.7607 284.3360 0079334 198.8932 160.9290 14.08878353 13364
FENGYUN 1C DEB          
1 29809U 99025DB  26283.73329177  .00000416  00000+0  11865-3 0  9997
2 29809  98.8969 266.9111 0115391 164.2413  10.3935 14.47121498 38346
FENGYUN 1C DEB          
1 29810U 99025DC  26283.14501012  .00000424  00000+0  18085-3 0  9994
2 29810  99.1674 341.1642 0065922 228.2518 186.8138 14.29476243 26804
FENGYUN 1C DEB          
1 29812U 99025DE  26282.42956348  .00001081  00000+0  66052-3 0  9999
2 29812  98.3638  91.6414 0142501 197.1850 193.4452 14.02932490  2677
FENGYUN 1C DEB          
1 29813U 99025DF  26283.28715262  .00000019  00000+0  35065-4 0  9994
2 29813  98.7108 298.5928 0013616  91.9634 281.3084 14.09526367 15083
FENGYUN 1C DEB          
1 29815U 99025DH  26283.01311919  .00002106  00000+0  31506-3 0  9992
2 29815  98.0531 290.4706 0175808 264.1276  93.9865 14.65887576 42629
FENGYUN 1C DEB          
1 29816U 99025DJ  26282.91739763  .00004170  00000+0  83571-3 0  9994
2 29816  98.9550 165.5937 0231706 358.8987  61.8778 14.46747542 25386
FENGYUN 1C DEB          
1 29817U 99025DK  26283.92072964  .00000476  00000+0  26941-3 0  9993
2 29817  98.5854 266.0076 0011095 224.7192 189.2819 14.14598564 16651
FENGYUN 1C DEB          
1 29818U 99025DL  26283.40637800  .00000202  00000+0  14439-3 0  9999
2 29818  98.6769 153.3547 0113392 257.9432 278.6775 14.04680297 10390
FENGYUN 1C DEB          
1 29819U 99025DM  26283.78301338  .00000189  00000+0  12928-3 0  9990
2 29819  98.7667 260.7545 0189556 302.4727 176.8947 14.02479023  8543
FENGYUN 1C DEB          
1 29820U 99025DN  26283.96133373  .00000828  00000+0  54728-3 0  9998
2 29820  98.8342 287.0377 0072897 114.5194 316.9820 14.02999377  7938
FENGYUN 1C DEB          
1 29821U 99025DP  26283.90688344  .00001619  00000+0  47409-3 0  9993
2 29821  98.8351 340.7393 0370391 343.4361 194.4025 14.12257237  7741
FENGYUN 1C DEB          
1 29827U 99025DV  26283.78732817  .00000392  00000+0  19604-3 0  9993
2 29827  98.6258 272.9092 0025637 162.5095 320.9383 14.22053021 21450
FENGYUN 1C DEB          
1 29828U 99025DW  26283.78455976  .00000688  00000+0  41633-3 0  9997
2 29828  98.7440 325.4949 0060546  25.2190  38.1926 14.08802948  9821
FENGYUN 1C DEB          
1 29832U 99025EA  26283.91934810  .00000543  00000+0  10437-3 0  9994
2 29832  98.8548  58.5703 0192886  81.6225 280.6787 14.57080092 46558
FENGYUN 1C DEB          
1 29833U 99025EB  26282.56408288  .00008530  00000+0  69484-3 0  9990
2 29833  99.0741 316.8935 0079359  11.3211 348.9769 14.97353543 50650
FENGYUN 1C DEB          
1 29835U 99025ED  26283.70081525  .00000362  00000+0  10512-3 0  9993
2 29835  99.0700  75.9456 0166200 221.3966 150.5773 14.43582922 38496
FENGYUN 1C DEB          
1 29836U 99025EE  26283.51577175  .00000929  00000+0  19456-3 0  9999
2 29836  98.1880  18.2917 0151673 349.2898  22.8369 14.55240130679432
FENGYUN 1C DEB          
1 29841U 99025EK  26283.65032512  .00000634  00000+0  14763-3 0  9990
2 29841  98.8573 249.1492 0199047 147.0238  27.0518 14.47287552 36863
FENGYUN 1C DEB          
1 29842U 99025EL  26282.99596814  .00003053  00000+0  56150-3 0  9991
2 29842  98.5683  26.4116 0102198 312.7740 105.2681 14.63111810 37493
FENGYUN 1C DEB          
1 29843U 99025EM  26283.86364590  .00000421  00000+0  15282-3 0  9990
2 29843  99.0091 137.9319 0192136 135.1282 239.6658 14.28981118 25866
FENGYUN 1C DEB          
1 29844U 99025EN  26282.73973183  .00001252  00000+0  40985-3 0  9991
2 29844  98.9221 198.1721 0167252   8.1492 352.2348 14.32760709 26516
FENGYUN 1C DEB          
1 29845U 99025EP  26282.78979723  .00000498  00000+0  21586-3 0  9990
2 29845  98.5326 280.5068 0076391 330.9484 203.7298 14.27022711 24014
FENGYUN 1C DEB          
1 29846U 99025EQ  26283.90839859  .00000193  00000+0  10797-3 0  9995
2 29846  98.6159 323.0616 0085277 151.9788  22.6380 14.19245398 21435
FENGYUN 1C DEB          
1 29847U 99025ER  26283.23084556  .00000183  00000+0  14167-3 0  9992
2 29847  98.9196 277.9153 0083729 278.8892 144.6064 14.03179147  9642
FENGYUN 1C DEB          
1 29848U 99025ES  26283.08316244  .00001653  00000+0  71719-3 0  9997
2 29848  98.2216 134.6708 0114948 132.1493 356.2059 14.21886247 13827
FENGYUN 1C DEB          
1 29849U 99025ET  26283.50909050  .00001105  00000+0  68443-3 0  9990
2 29849  99.0017  10.8276 0079410 281.9573  89.2148 14.05794050  6092
FENGYUN 1C DEB          
1 29850U 99025EU  26282.68245314  .00000615  00000+0  41587-3 0  9991
2 29850  98.1110 180.9311 0106635 152.3213 237.7993 14.00739572  2322
FENGYUN 1C DEB          
1 29851U 99025EV  26283.41136185  .00000286  00000+0  27701-3 0  9995
2 29851  99.5441 334.4835 0142424 150.5986 223.8163 13.83795457995392
FENGYUN 1C DEB          
1 29852U 99025EW  26283.01104086  .00001972  00000+0  10816-2 0  9998
2 29852  99.3583 309.0912 0132347  36.3346  21.4729 14.08694884  2193
FENGYUN 1C DEB          
1 29853U 99025EX  26283.21600889  .00000992  00000+0  69304-3 0  9991
2 29853  98.4737  24.9126 0159611 104.5477 257.3449 13.94602185998708
FENGYUN 1C DEB          
1 29854U 99025EY  26282.93558736  .00000237  00000+0  23379-3 0  9997
2 29854  98.9675  74.5224 0145497 319.8739 163.7573 13.83561496995087
FENGYUN 1C DEB          
1 29855U 99025EZ  26281.57169304  .00001666  00000+0  94908-3 0  9999
2 29855  98.1834 198.2001 0177696 274.3930 212.0809 14.03355724999158
FENGYUN 1C DEB          
1 29856U 99025FA  26283.56414056  .00014545  00000+0  22191-2 0  9992
2 29856  98.6931  33.7747 0234321  98.8052  31.4417 14.57090638  7589
FENGYUN 1C DEB          
1 29857U 99025FB  26282.88390517  .00000908  00000+0  75638-3 0  9995
2 29857  98.4374 263.7374 0189715 192.0142 167.6457 13.82777305989364
FENGYUN 1C DEB          
1 29858U 99025FC  26283.52541708  .00000878  00000+0  79112-3 0  9995
2 29858  99.2166  21.5421 0193932 344.7759  28.0544 13.78527825987115
FENGYUN 1C DEB          
1 29859U 99025FD  26283.00398353  .00001765  00000+0  13731-2 0  9995
2 29859  98.3537  85.3377 0292540 118.3118 244.7877 13.75250405981197
FENGYUN 1C DEB          
1 29860U 99025FE  26283.00110115  .00001655  00000+0  13945-2 0  9990
2 29860  98.5995 294.2469 0217074 250.9249 176.4148 13.78898382982894
FENGYUN 1C DEB          
1 29865U 99025FK  26283.71584921  .00005348  00000+0  55433-3 0  9995
2 29865  98.9347 235.4153 0106860 262.5550 219.0871 14.86369352 52395
FENGYUN 1C DEB          
1 29866U 99025FL  26283.93564956  .00002574  00000+0  37090-3 0  9993
2 29866  98.0661 268.5151 0191338 341.2219  70.4423 14.65480038 47514
FENGYUN 1C DEB          
1 29868U 99025FN  26283.82760168  .00007092  00000+0  66272-3 0  9990
2 29868  97.9095 331.1792 0187748 102.6503 259.5773 14.81977888 47653
FENGYUN 1C DEB          
1 29869U 99025FP  26283.66666758  .00000507  00000+0  17818-3 0  9999
2 29869  98.8976 228.8145 0085757 199.7771 284.2282 14.37428060 31520
FENGYUN 1C DEB          
1 29870U 99025FQ  26283.70810507  .00000104  00000+0  53856-4 0  9995
2 29870  98.5014 251.5123 0120523  24.4655 100.9818 14.29078543 29048
FENGYUN 1C DEB          
1 29871U 99025FR  26283.91868279  .00002201  00000+0  64342-3 0  9999
2 29871  99.0040 258.7759 0055512 292.2092 131.8390 14.44239727 30616
FENGYUN 1C DEB          
1 29872U 99025FS  26282.48739490  .00001224  00000+0  29236-3 0  9990
2 29872  98.3336 295.7311 0233861 128.1030 234.1501 14.40067138 29188
FENGYUN 1C DEB          
1 29873U 99025FT  26283.90492277  .00000077  00000+0  82996-4 0  9996
2 29873  99.4042 157.2249 0092631  97.2001 277.0432 13.98424095  5385
FENGYUN 1C DEB          
1 29874U 99025FU  26282.15100303  .00003054  00000+0  10965-2 0  9992
2 29874  98.3634 173.0836 0096157 180.3679 343.7369 14.31985283 11387
FENGYUN 1C DEB          
1 29875U 99025FV  26283.90794542  .00000059  00000+0  41546-4 0  9994
2 29875  98.3619 326.8148 0080991 256.8179 279.1213 14.24936258 26182
FENGYUN 1C DEB          
1 29876U 99025FW  26283.03625980  .00000164  00000+0  93414-4 0  9996
2 29876  98.2930 320.5995 0060544 216.8650 208.7211 14.20460354 21930
FENGYUN 1C DEB          
1 29877U 99025FX  26283.24717171  .00000699  00000+0  31109-3 0  9999
2 29877  98.5415 285.4937 0047202  59.6928 314.5111 14.25355394 22639
FENGYUN 1C DEB          
1 29880U 99025GA  26283.94346390  .00001347  00000+0  82659-3 0  9998
2 29880  98.1774 173.8039 0230574 334.6826  86.1700 13.94860369997746
FENGYUN 1C DEB          
1 29881U 99025GB  26282.78145840  .00001798  00000+0  18356-2 0  9999
2 29881  98.7351 227.9757 0292108   6.9665  20.3493 13.60620558973271
FENGYUN 1C DEB          
1 29884U 99025GE  26283.15397959  .00001223  00000+0  39021-3 0  9990
2 29884  99.5750 357.8151 0042299 343.4809  77.1918 14.41353966 28909
FENGYUN 1C DEB          
1 29885U 99025GF  26283.62158774  .00000195  00000+0  11611-3 0  9995
2 29885  98.3677 204.3219 0118496  15.9939 102.9438 14.13741353 17232
FENGYUN 1C DEB          
1 29887U 99025GH  26283.21593978  .00002747  00000+0  62154-3 0  9994
2 29887  98.7048  12.7108 0282418 187.7616 229.6254 14.35294997 22964
FENGYUN 1C DEB          
1 29888U 99025GJ  26283.12866154  .00000825  00000+0  28304-3 0  9998
2 29888  99.1699 132.8062 0271373 247.7047 109.5153 14.20604173 17804
FENGYUN 1C DEB          
1 29889U 99025GK  26282.98005191  .00000415  00000+0  22005-3 0  9995
2 29889  99.5165  63.9344 0152600 280.1161 205.3360 14.13894990 15716
FENGYUN 1C DEB          
1 29890U 99025GL  26283.65413498  .00000728  00000+0  33693-3 0  9997
2 29890  99.4954  73.5479 0012753 305.8155  54.1835 14.24342341 17383
FENGYUN 1C DEB          
1 29891U 99025GM  26283.73869900  .00000680  00000+0  48147-3 0  9997
2 29891  98.7454 277.3639 0056154 144.0769  28.8902 14.00288657  7127
FENGYUN 1C DEB          
1 29892U 99025GN  26283.07879796  .00007863  00000+0  22197-2 0  9995
2 29892  99.2006  95.2112 0177101 140.6259 339.2733 14.37164193  9729
FENGYUN 1C DEB          
1 29893U 99025GP  26283.93970331  .00000125  00000+0  14001-3 0  9998
2 29893  98.5368 355.8184 0173636  55.8509 118.0792 13.79576007993064
FENGYUN 1C DEB          
1 29894U 99025GQ  26283.93577818  .00000418  00000+0  39335-3 0  9994
2 29894  99.4532 344.1158 0167109 327.3742 209.4114 13.81286642992488
FENGYUN 1C DEB          
1 29895U 99025GR  26283.67063369  .00004375  00000+0  16208-2 0  9996
2 29895  99.9101  67.6079 0294441 238.4177 133.2648 14.11602612997809
FENGYUN 1C DEB          
1 29896U 99025GS  26281.19400898  .00000378  00000+0  42128-3 0  9994
2 29896  99.3893 169.2703 0240330  50.5818  78.2545 13.65640041981294
FENGYUN 1C DEB          
1 29897U 99025GT  26281.01678256  .00001066  00000+0  11386-2 0  9997
2 29897  98.6083 114.1062 0296938  78.4820  70.9746 13.58182109970010
FENGYUN 1C DEB          
1 29898U 99025GU  26282.84476279  .00003434  00000+0  19960-2 0  9998
2 29898  98.2394 238.5154 0421385  95.1748 298.3415 13.72572503972890
FENGYUN 1C DEB          
1 29899U 99025GV  26282.26878859  .00000013  00000+0  61466-4 0  9995
2 29899  98.7060  39.4347 0353186  43.7372 319.1171 13.37580397961028
FENGYUN 1C DEB          
1 29901U 99025GX  26282.83153418  .00000243  00000+0  38253-3 0  9991
2 29901  98.7875  55.8213 0377725 255.4340 264.6037 13.33417273959314
FENGYUN 1C DEB          
1 29904U 99025HA  26283.95789346  .00001693  00000+0  38267-3 0  9998
2 29904  99.0036 345.6920 0207095 139.1665 222.5252 14.45325543 34223
FENGYUN 1C DEB          
1 29906U 99025HC  26283.58131046  .00005969  00000+0  14153-2 0  9994
2 29906  98.7175  43.0653 0032312 311.1861  48.6548 14.54064187 25369
FENGYUN 1C DEB          
1 29907U 99025HD  26283.47668698  .00001565  00000+0  83627-3 0  9992
2 29907  99.0934 359.8083 0083620 122.6960 251.4811 14.12935646  8599
FENGYUN 1C DEB          
1 29909U 99025HF  26282.79197705  .00007937  00000+0  16409-2 0  9996
2 29909  98.6455  43.1055 0037440 170.3750 350.6762 14.60171120 27930
FENGYUN 1C DEB          
1 29911U 99025HH  26283.92475785  .00000868  00000+0  43050-3 0  9991
2 29911  98.6858 326.5925 0025437   4.6661 120.5497 14.19601228 17161
FENGYUN 1C DEB          
1 29912U 99025HJ  26283.28634229  .00003921  00000+0  11001-2 0  9994
2 29912  98.7444  34.2475 0038594  39.2909  14.9287 14.46149440 23921
FENGYUN 1C DEB          
1 29913U 99025HK  26282.93473297  .00000460  00000+0  29190-3 0  9996
2 29913  98.8016 278.8437 0063243 142.4425 279.6576 14.07656592 11927
FENGYUN 1C DEB          
1 29914U 99025HL  26283.86159918 -.00000062  00000+0 -12484-4 0  9990
2 29914  98.8158 308.4770 0035399 354.2661 181.5799 14.03246823 10229
FENGYUN 1C DEB          
1 29916U 99025HN  26283.77846784  .00000368  00000+0  45195-3 0  9997
2 29916  99.1859 288.4991 0270387 205.6596 332.4525 13.57307883975494
FENGYUN 1C DEB          
1 29917U 99025HP  26283.31544045  .00000791  00000+0  77624-3 0  9995
2 29917  98.8478 126.9075 0224418  47.2345 126.1368 13.71063845982622
FENGYUN 1C DEB          
1 29918U 99025HQ  26283.20705347  .00002508  00000+0  88446-3 0  9990
2 29918  98.8468  17.9128 0015000 152.3597 266.5913 14.35623788 21170
FENGYUN 1C DEB          
1 29919U 99025HR  26283.66211559  .00000133  00000+0  14123-3 0  9991
2 29919  98.5263  55.1011 0136775 237.0866 135.2870 13.85252628997158
FENGYUN 1C DEB          
1 29920U 99025HS  26277.76686648  .00001276  00000+0  77023-3 0  9999
2 29920  98.3693 114.5646 0123509 161.1814 199.3981 14.04458975  4338
FENGYUN 1C DEB          
1 29921U 99025HT  26283.80602668  .00000286  00000+0  19537-3 0  9998
2 29921  98.7904 286.3860 0044533 300.6300 236.4247 14.06961540 11237
FENGYUN 1C DEB          
1 29922U 99025HU  26283.92795226 -.00000001  00000+0  29940-4 0  9991
2 29922  99.0949 344.5722 0092591 255.9693 103.1163 13.98722975  6563
FENGYUN 1C DEB          
1 29923U 99025HV  26283.85714446  .00000643  00000+0  35799-3 0  9998
2 29923  98.6881 288.8144 0017979  32.7026  87.5254 14.14375306 15433
FENGYUN 1C DEB          
1 29924U 99025HW  26282.50576701  .00000043  00000+0  49150-4 0  9991
2 29924  98.7282 291.0695 0027750 126.4430  25.6868 14.08962002 14447
FENGYUN 1C DEB          
1 29926U 99025HY  26283.75134436  .00000492  00000+0  13692-3 0  9995
2 29926  98.3122 265.7032 0248525 118.4863   7.3855 14.33956940 29077
FENGYUN 1C DEB          
1 29927U 99025HZ  26283.94873751  .00030692  00000+0  35908-2 0  9995
2 29927  99.0630 351.9539 0012790 343.1508 115.1663 14.84944156 31177
FENGYUN 1C DEB          
1 29928U 99025JA  26283.84884171  .00000661  00000+0  54423-3 0  9990
2 29928  99.5561 320.8789 0141959  19.0369 157.2381 13.88486752996835
FENGYUN 1C DEB          
1 29929U 99025JB  26283.55847285  .00001937  00000+0  11896-2 0  9997
2 29929  98.6203 191.7019 0132372  50.9172  72.2378 14.02512715  1740
FENGYUN 1C DEB          
1 29930U 99025JC  26283.97181038  .00000388  00000+0  17624-3 0  9997
2 29930  99.0063 177.8661 0162123 269.3150 101.7625 14.21112092 21827
FENGYUN 1C DEB          
1 29931U 99025JD  26283.88856453  .00000023  00000+0  41278-4 0  9997
2 29931  98.8255 316.0313 0031040 330.9079 205.3088 14.04037812 10512
FENGYUN 1C DEB          
1 29932U 99025JE  26283.79101296  .00000350  00000+0  19397-3 0  9995
2 29932  98.6309 290.6178 0036248 282.4281 253.7432 14.17078714 18066
FENGYUN 1C DEB          
1 29933U 99025JF  26283.65126993  .00017368  00000+0  25312-2 0  9992
2 29933  98.7565  54.3188 0005672 132.2558 354.2259 14.75884996 29443
FENGYUN 1C DEB          
1 29934U 99025JG  26283.94559492  .00003888  00000+0  67029-3 0  9993
2 29934  98.8701 359.9608 0098186  41.8913 318.9748 14.66031998 41945
FENGYUN 1C DEB          
1 29935U 99025JH  26283.90482425  .00000118  00000+0  73840-4 0  9993
2 29935  98.4189 334.5980 0151564  67.2377 107.7097 14.14351258 18133
FENGYUN 1C DEB          
1 29936U 99025JJ  26283.59525474  .00000172  00000+0  70893-4 0  9996
2 29936  98.6863  43.4498 0113785  15.0173 345.4345 14.35556380 32626
FENGYUN 1C DEB          
1 29937U 99025JK  26283.79891822  .00000315  00000+0  22347-3 0  9991
2 29937  98.7843 300.2405 0031089 253.2416 282.8493 14.04410643 11767
FENGYUN 1C DEB          
1 29938U 99025JL  26283.96824396  .00000202  00000+0  14429-3 0  9990
2 29938  98.8279 271.6807 0033413 177.3773 242.6841 14.07596313 13062
FENGYUN 1C DEB          
1 29939U 99025JM  26283.98176065  .00000036  00000+0  41945-4 0  9995
2 29939  98.7232 280.2164 0066254   0.7895  53.2833 14.12142665 17240
FENGYUN 1C DEB          
1 29940U 99025JN  26282.94158872  .00000768  00000+0  37556-3 0  9992
2 29940  98.6194 289.4828 0072686 311.7962 110.0881 14.19445819 17375
FENGYUN 1C DEB          
1 29942U 99025JQ  26283.91397764  .00001221  00000+0  47133-3 0  9994
2 29942  98.6072 352.2803 0050227 108.4463 252.2189 14.31277442 21899
FENGYUN 1C DEB          
1 29943U 99025JR  26283.93822821  .00000044  00000+0  49123-4 0  9998
2 29943  98.7284 287.5181 0036729  92.5801 327.9652 14.09722224 15600
FENGYUN 1C DEB          
1 29944U 99025JS  26283.92242212  .00018126  00000+0  13830-2 0  9992
2 29944  99.0365 265.8685 0151849 346.2004  13.5082 14.93305995 49560
FENGYUN 1C DEB          
1 29945U 99025JT  26283.85872777  .00000257  00000+0  18339-3 0  9996
2 29945  98.7700 303.1101 0030107 231.0653 253.9565 14.05674784 12231
FENGYUN 1C DEB          
1 29946U 99025JU  26283.96196163  .00000191  00000+0  13247-3 0  9997
2 29946  98.8021 273.5450 0079702 210.1135 205.9907 14.08471538 12897
FENGYUN 1C DEB          
1 29947U 99025JV  26283.09426337  .00000475  00000+0  32960-3 0  9999
2 29947  98.8068 309.4399 0039661   0.5957  67.8105 14.03232076  9756
FENGYUN 1C DEB          
1 29948U 99025JW  26282.95332579  .00000064  00000+0  62344-4 0  9992
2 29948  98.8541 267.0652 0085419 108.5795 313.4573 14.06319321 12109
FENGYUN 1C DEB          
1 29949U 99025JX  26283.97506999  .00000224  00000+0  15932-3 0  9993
2 29949  98.7518 295.0708 0024254 170.7552 250.4886 14.06871551 13575
FENGYUN 1C DEB          
1 29950U 99025JY  26283.83788410  .00000181  00000+0  12486-3 0  9993
2 29950  98.7100 310.9926 0034190 106.3454  67.3437 14.10446938 15491
FENGYUN 1C DEB          
1 29953U 99025KB  26282.89396501  .00000390  00000+0  32878-3 0  9996
2 29953  98.9668 264.0165 0105482 164.9274 226.3005 13.91075465   439
FENGYUN 1C DEB          
1 29954U 99025KC  26283.23180271  .00001948  00000+0  67633-3 0  9998
2 29954 100.1294  18.2643 0074390 139.9935 220.6759 14.35432523 25082
FENGYUN 1C DEB          
1 29955U 99025KD  26283.57243485  .00002895  00000+0  92570-3 0  9993
2 29955  99.2737  33.6374 0007821 102.7186 270.6564 14.40481466 24013
FENGYUN 1C DEB          
1 29956U 99025KE  26283.96169727 -.00000002  00000+0  24315-4 0  9995
2 29956  98.7628 308.5896 0052460 246.5764 176.4587 14.06230232 12939
FENGYUN 1C DEB          
1 29957U 99025KF  26283.26134554  .00011100  00000+0  23004-2 0  9991
2 29957  98.9196  76.0259 0030627 338.8404 141.9060 14.60114271 18516
FENGYUN 1C DEB          
1 29958U 99025KG  26283.93033355  .00000376  00000+0  21448-3 0  9997
2 29958  98.6599 294.3781 0054464 187.0273 173.0143 14.14716193 17178
FENGYUN 1C DEB          
1 29959U 99025KH  26283.34551207  .00000073  00000+0  69967-4 0  9997
2 29959  98.7780 310.2619 0041968 198.4952 175.2291 14.06163019 11799
FENGYUN 1C DEB          
1 29960U 99025KJ  26282.92994612  .00000441  00000+0  23152-3 0  9997
2 29960  98.6446 264.4858 0091873 140.2423 276.1625 14.16840200 17144
FENGYUN 1C DEB          
1 29961U 99025KK  26283.57759954  .00000210  00000+0  10324-3 0  9999
2 29961  98.9143 181.9862 0074896 150.7150 209.8259 14.26427421 26120
FENGYUN 1C DEB          
1 29962U 99025KL  26283.88979485  .00000382  00000+0  23837-3 0  9990
2 29962  98.7692 288.1366 0111198  90.5077  26.2154 14.07326986 12474
FENGYUN 1C DEB          
1 29963U 99025KM  26283.95732934  .00000954  00000+0  38073-3 0  9998
2 29963  98.9684 182.5223 0051066 142.0408 280.5010 14.30222245 24596
FENGYUN 1C DEB          
1 29964U 99025KN  26283.73463530  .00001425  00000+0  86578-3 0  9995
2 29964  98.3643 107.1819 0130602 134.2300 226.9681 14.03491479  5525
FENGYUN 1C DEB          
1 29965U 99025KP  26283.93784921  .00000116  00000+0  10726-3 0  9996
2 29965  98.9827 275.8368 0144473 317.9833  94.2020 13.95916772  4823
FENGYUN 1C DEB          
1 29966U 99025KQ  26283.88455370  .00000589  00000+0  26529-3 0  9996
2 29966  99.4548 160.2975 0038442 205.2373 154.6927 14.26190410 23496
FENGYUN 1C DEB          
1 29967U 99025KR  26282.71175263  .00002338  00000+0  98175-3 0  9998
2 29967  98.8541   6.8666 0076271 144.3126   8.1268 14.25302423 14754
FENGYUN 1C DEB          
1 29968U 99025KS  26283.97332697  .00000299  00000+0  19653-3 0  9992
2 29968  98.8303 271.4519 0089017 223.5650 198.3207 14.07425949 12978
FENGYUN 1C DEB          
1 29969U 99025KT  26282.70935337  .00002668  00000+0  93340-3 0  9990
2 29969  98.7655  16.3743 0041939 239.9819 279.1333 14.35534945 19582
FENGYUN 1C DEB          
1 29970U 99025KU  26283.65029257  .00001439  00000+0  40732-3 0  9994
2 29970  98.8307 228.1881 0090421   6.5431 117.4939 14.44881090 34795
FENGYUN 1C DEB          
1 29971U 99025KV  26283.35496853  .00001089  00000+0  54097-3 0  9992
2 29971  98.6487 321.2192 0022825  23.1391  40.8123 14.19008028 16143
FENGYUN 1C DEB          
1 29972U 99025KW  26283.92926132  .00005696  00000+0  94275-3 0  9994
2 29972  98.8996 327.7636 0061884 155.2077 330.0381 14.69478945 39184
FENGYUN 1C DEB          
1 29973U 99025KX  26283.96489519  .00000786  00000+0  48778-3 0  9994
2 29973  98.8524 282.9153 0059083  21.9399  31.8743 14.07114897  9676
FENGYUN 1C DEB          
1 29974U 99025KY  26283.21492376  .00001816  00000+0  93400-3 0  9995
2 29974  98.8847  11.4143 0044528 302.9660 111.0266 14.16021959 11906
FENGYUN 1C DEB          
1 29975U 99025KZ  26283.90920697  .00000110  00000+0  10433-3 0  9995
2 29975  99.2998 334.5949 0112580 269.2765 265.9083 13.98145332  6559
FENGYUN 1C DEB          
1 29976U 99025LA  26283.95602028  .00000037  00000+0  40032-4 0  9993
2 29976  98.9360 278.5204 0268237 123.7963 293.2001 13.98391931  5602
FENGYUN 1C DEB          
1 29977U 99025LB  26283.34556405  .00000851  00000+0  50439-3 0  9999
2 29977  98.3700 128.0956 0127661 119.2486  55.0506 14.05980871  5883
FENGYUN 1C DEB          
1 29978U 99025LC  26283.90466772  .00000144  00000+0  13412-3 0  9994
2 29978  99.0188 333.7325 0075165 303.8684 231.7605 13.95992013  5308
FENGYUN 1C DEB          
1 29979U 99025LD  26283.28406574  .00000797  00000+0  32762-3 0  9993
2 29979  98.3523 297.9193 0106468 357.2600  64.0057 14.26526386 23725
FENGYUN 1C DEB          
1 29980U 99025LE  26283.94117515 -.00000001  00000+0  23119-4 0  9998
2 29980  98.5875  82.1211 0088549 112.9340  17.4461 14.06477409 12379
FENGYUN 1C DEB          
1 29982U 99025LG  26283.91995041  .00001734  00000+0  27818-3 0  9997
2 29982  99.3781 154.6268 0119783  86.5576 287.5141 14.68641866 47174
FENGYUN 1C DEB          
1 29985U 99025LK  26283.29786809 -.00000004  00000+0  21300-4 0  9992
2 29985  98.7011 293.7824 0029684  76.2554 297.4987 14.10374523 15994
FENGYUN 1C DEB          
1 29986U 99025LL  26282.75744600  .00002599  00000+0  10008-2 0  9997
2 29986  99.3879  19.0579 0024729 208.2247 303.5245 14.31135202 17845
FENGYUN 1C DEB          
1 29987U 99025LM  26283.24233123  .00002859  00000+0  14103-2 0  9995
2 29987  98.8831 179.5926 0079712  92.0643  31.1954 14.16613638  6371
FENGYUN 1C DEB          
1 29988U 99025LN  26283.57731690  .00007757  00000+0  16731-2 0  9995
2 29988  98.7104  43.7525 0113389 179.6732 244.2209 14.54710601 24472
FENGYUN 1C DEB          
1 29989U 99025LP  26283.72206973  .00000243  00000+0  13422-3 0  9992
2 29989  98.7037 260.0600 0124243  51.3744 122.5418 14.16015178 18801
FENGYUN 1C DEB          
1 29992U 99025LS  26283.73906483  .00000117  00000+0  84497-4 0  9991
2 29992  98.7493 276.1080 0089228  31.3336 143.9440 14.11710991 16483
FENGYUN 1C DEB          
1 29993U 99025LT  26283.81697112  .00000213  00000+0  14852-3 0  9991
2 29993  98.7569 317.2122 0039269 180.3614 179.7534 14.08228758 14228
FENGYUN 1C DEB          
1 29994U 99025LU  26283.95009655  .00000569  00000+0  36583-3 0  9995
2 29994  98.7972 311.5223 0130487  90.4902 345.2290 14.02807184  9639
FENGYUN 1C DEB          
1 29996U 99025LW  26283.12203282  .00001950  00000+0  10279-2 0  9996
2 29996  99.2893 335.6796 0128231 327.2853  86.0339 14.11078026  3825
FENGYUN 1C DEB          
1 29997U 99025LX  26283.96011124  .00000963  00000+0  64984-3 0  9997
2 29997  98.8842 291.3316 0078400 207.0067 218.4776 14.01378993  6188
FENGYUN 1C DEB          
1 29998U 99025LY  26283.50653485  .00001461  00000+0  58967-3 0  9998
2 29998  99.2853   8.6711 0005927 165.2572 194.8782 14.29642257 21856
FENGYUN 1C DEB          
1 29999U 99025LZ  26283.74960845  .00000699  00000+0  29004-3 0  9998
2 29999  98.6078 264.6903 0187360 332.8407 151.4754 14.20642028 20109
FENGYUN 1C DEB          
1 30001U 99025MA  26283.54663760  .00005431  00000+0  16371-2 0  9999
2 30001  98.9537  17.6988 0035107 277.5724  95.6300 14.42586808 17711
FENGYUN 1C DEB          
1 30003U 99025MC  26282.95874687  .00000210  00000+0  20637-3 0  9998
2 30003  99.6082 269.9237 0143607  42.5181  18.5951 13.85846548996603
FENGYUN 1C DEB          
1 30004U 99025MD  26283.79633602  .00000911  00000+0  46677-3 0  9992
2 30004  99.2198 121.3687 0037094 209.7030 163.0648 14.17800100 15858
FENGYUN 1C DEB          
1 30005U 99025ME  26281.29186952  .00001000  00000+0  10675-2 0  9995
2 30005  99.3290 230.8033 0346493  55.4525 307.8805 13.52903061969966
FENGYUN 1C DEB          
1 30007U 99025MG  26282.71687046  .00002230  00000+0  91213-3 0  9999
2 30007  99.1694 203.3786 0060630 231.2487 158.1607 14.27337404 16472
FENGYUN 1C DEB          
1 30008U 99025MH  26283.86108976  .00013421  00000+0  20923-2 0  9990
2 30008  99.3836 290.0337 0035534 351.3220 129.3427 14.72645559 34992
FENGYUN 1C DEB          
1 30009U 99025MJ  26283.92140898  .00000751  00000+0  47983-3 0  9995
2 30009  98.9902 341.6332 0062839 209.3347 150.4287 14.05626027  7253
FENGYUN 1C DEB          
1 30010U 99025MK  26283.15630003  .00000124  00000+0  70513-4 0  9994
2 30010  99.0506 130.1756 0073979  63.7996  55.9217 14.25130894 25523
FENGYUN 1C DEB          
1 30012U 99025MM  26283.43489630  .00000192  00000+0  19150-3 0  9999
2 30012  99.4228 344.0373 0136880  63.0697 311.5171 13.85927110997273
FENGYUN 1C DEB          
1 30013U 99025MN  26283.92076568  .00000195  00000+0  19120-3 0  9996
2 30013  99.5545 315.7930 0126930 320.1934 162.1360 13.87989565998733
FENGYUN 1C DEB          
1 30015U 99025MQ  26283.89077667  .00000950  00000+0  37262-3 0  9991
2 30015  99.2179 310.3671 0036854 333.9920 149.2108 14.31612537 24895
FENGYUN 1C DEB          
1 30016U 99025MR  26283.81015652  .00015341  00000+0  17560-2 0  9998
2 30016  98.8820 334.3520 0041013 162.1470 259.1542 14.85466960 39309
FENGYUN 1C DEB          
1 30017U 99025MS  26283.45895784  .00000451  00000+0  75332-4 0  9990
2 30017  98.7141 350.0441 0214914 325.6668  33.0795 14.61761549 48516
FENGYUN 1C DEB          
1 30018U 99025MT  26283.23347492  .00002270  00000+0  31002-3 0  9991
2 30018  98.7580  35.0058 0111110 328.6120  91.6245 14.75596816 48808
FENGYUN 1C DEB          
1 30020U 99025MV  26283.76280274  .00000646  00000+0  37076-3 0  9998
2 30020  98.8529 285.2397 0181646 305.1561 231.4139 14.04908206  8961
FENGYUN 1C DEB          
1 30021U 99025MW  26283.94395105 -.00000167  00000+0 -75515-4 0  9990
2 30021  98.8592 272.9990 0073024 160.1019 255.1579 14.04989110 11767
FENGYUN 1C DEB          
1 30022U 99025MX  26283.89248939  .00000067  00000+0  48698-4 0  9996
2 30022  99.0348 145.6802 0068239 122.5934 305.9243 14.23211575 24881
FENGYUN 1C DEB          
1 30023U 99025MY  26283.85641291  .00000532  00000+0  31247-3 0  9999
2 30023  99.2719 133.1493 0045732 300.1359  72.1394 14.12249835 14609
FENGYUN 1C DEB          
1 30028U 99025ND  26282.92224943  .00002189  00000+0  40974-3 0  9999
2 30028  98.1665 273.6209 0172561  13.8134  47.8566 14.56711003 41055
FENGYUN 1C DEB          
1 30035U 99025NL  26283.64018916  .00000090  00000+0  45409-4 0  9996
2 30035  99.2860 226.8789 0113522 262.5862 273.0202 14.37101489 34601
FENGYUN 1C DEB          
1 30036U 99025NM  26283.81795340  .00001352  00000+0  30841-3 0  9994
2 30036  98.2264 307.8958 0187763   6.4577 170.5209 14.47174045 35410
FENGYUN 1C DEB          
1 30037U 99025NN  26283.70747495  .00000217  00000+0  80132-4 0  9999
2 30037  98.4209 256.2012 0171607 235.7490 301.0601 14.34446168 31160
FENGYUN 1C DEB          
1 30038U 99025NP  26283.93271745  .00000868  00000+0  20124-3 0  9991
2 30038  98.3958 270.4375 0253357 274.1864 138.0452 14.40029967 32407
FENGYUN 1C DEB          
1 30040U 99025NR  26282.52038897  .00002824  00000+0  91371-3 0  9993
2 30040  98.2247 291.4692 0032902 124.4432  26.9882 14.39465227 22383
FENGYUN 1C DEB          
1 30041U 99025NS  26283.64792431  .00000489  00000+0  28378-3 0  9991
2 30041  99.4943  52.8731 0035373  98.5204 275.9335 14.13612655 15490
FENGYUN 1C DEB          
1 30043U 99025NU  26283.52915377  .00001003  00000+0  30286-3 0  9990
2 30043  98.6305  21.4457 0277915 332.2112  26.4450 14.24800871 16341
FENGYUN 1C DEB          
1 30044U 99025NV  26283.52643854  .00006540  00000+0  14675-2 0  9993
2 30044  98.2090 202.7544 0075016 319.0633  40.4946 14.55153614 24210
FENGYUN 1C DEB          
1 30045U 99025NW  26282.64797611  .00002196  00000+0  94197-3 0  9998
2 30045  99.1653 335.5620 0089323 333.9113 177.5567 14.23785638  9687
FENGYUN 1C DEB          
1 30047U 99025NY  26283.76475484  .00000366  00000+0  29170-3 0  9991
2 30047  99.9405 108.5696 0124733 240.3218 131.6621 13.94842350  1209
FENGYUN 1C DEB          
1 30048U 99025NZ  26283.86281090  .00000191  00000+0  19278-3 0  9995
2 30048  98.6308 129.0889 0187035 148.5009 225.7789 13.80047166992937
FENGYUN 1C DEB          
1 30050U 99025PB  26283.91623825  .00000650  00000+0  53087-3 0  9996
2 30050  96.8164 167.4022 0167580 247.5056 124.2497 13.85658203993867
FENGYUN 1C DEB          
1 30052U 99025PD  26283.34391223  .00000418  00000+0  36646-3 0  9993
2 30052  99.2749 305.3649 0289195 161.4966 215.1277 13.73273016986943
FENGYUN 1C DEB          
1 30053U 99025PE  26282.99436530  .00004882  00000+0  23027-2 0  9992
2 30053  98.6071  81.2420 0323904 220.7572 264.9858 13.96169193991871
FENGYUN 1C DEB          
1 30054U 99025PF  26283.02776558  .00000299  00000+0  29945-3 0  9999
2 30054  99.3395 312.2312 0275309 301.3234 121.8199 13.70155638984740
FENGYUN 1C DEB          
1 30056U 99025PH  26282.95655434  .00001643  00000+0  12691-2 0  9994
2 30056  98.3516  76.0011 0296605 116.1994 246.9976 13.75249844981145
FENGYUN 1C DEB          
1 30057U 99025PJ  26283.91357975  .00000720  00000+0  79868-3 0  9996
2 30057  98.8601 328.6090 0290744  85.3758  87.8472 13.57697663973355
FENGYUN 1C DEB          
1 30058U 99025PK  26282.99689312  .00000391  00000+0  51073-3 0  9999
2 30058  99.6563 282.6195 0315446 124.0846 302.3354 13.48590961969085
FENGYUN 1C DEB          
1 30059U 99025PL  26282.85842045  .00000091  00000+0  15910-3 0  9996
2 30059  98.8537 247.8088 0325758 258.8556 126.9833 13.45640772968470
FENGYUN 1C DEB          
1 30060U 99025PM  26283.86278100  .00001031  00000+0  12792-2 0  9994
2 30060  99.2892 133.5589 0346284  38.0996 337.6284 13.44462093963025
FENGYUN 1C DEB          
1 30061U 99025PN  26283.07542779  .00001155  00000+0  13154-2 0  9994
2 30061 101.9038  94.4334 0364374 285.6664 196.7299 13.47928326961571
FENGYUN 1C DEB          
1 30062U 99025PP  26283.85436522  .00000340  00000+0  22510-3 0  9991
2 30062  98.7796 289.4612 0047576 277.2496 203.3154 14.07452596 11549
FENGYUN 1C DEB          
1 30063U 99025PQ  26283.76769741  .00000077  00000+0  60579-4 0  9999
2 30063  98.5596 255.0208 0032062 349.5285 129.7220 14.15699157 19390
FENGYUN 1C DEB          
1 30064U 99025PR  26283.81652965  .00000193  00000+0  12077-3 0  9993
2 30064  98.6581 290.7042 0064971 328.9785 206.4708 14.14448285 17753
FENGYUN 1C DEB          
1 30065U 99025PS  26282.82725277  .00000073  00000+0  91264-4 0  9994
2 30065  98.7242 240.0278 0129996 290.1610  68.5604 13.87019666998457
FENGYUN 1C DEB          
1 30066U 99025PT  26283.92832101  .00000191  00000+0  10336-3 0  9993
2 30066  98.6590 272.1628 0118537 110.3967 315.4686 14.19285759 21225
FENGYUN 1C DEB          
1 30067U 99025PU  26283.46983654  .00000611  00000+0  16845-3 0  9991
2 30067  98.7326 183.2602 0149244 194.0534 340.1544 14.44376831 35500
FENGYUN 1C DEB          
1 30068U 99025PV  26283.76284758  .00000148  00000+0  87925-4 0  9997
2 30068  98.7647 269.5849 0189050 209.7557 149.2757 14.12226702 16044
FENGYUN 1C DEB          
1 30069U 99025PW  26283.93560674  .00000231  00000+0  16720-3 0  9998
2 30069  98.8349 262.5263 0047869 286.3187 128.1151 14.05445556 10904
FENGYUN 1C DEB          
1 30070U 99025PX  26283.09976546  .00002046  00000+0  69488-3 0  9991
2 30070  98.2546 324.5804 0324443 170.5192 249.5979 14.11904837  1281
FENGYUN 1C DEB          
1 30071U 99025PY  26283.57953340  .00007017  00000+0  15527-2 0  9999
2 30071  98.6672  38.6788 0035622 264.1659 108.2009 14.57141317 26149
FENGYUN 1C DEB          
1 30072U 99025PZ  26283.20913641  .00005686  00000+0  16985-2 0  9999
2 30072  99.0956  94.9741 0054604 105.3685 255.3545 14.42501728 15125
FENGYUN 1C DEB          
1 30073U 99025QA  26282.97488267  .00001766  00000+0  83825-3 0  9997
2 30073  99.4299 280.1963 0052615 149.8431 266.7650 14.20219243 11940
FENGYUN 1C DEB          
1 30074U 99025QB  26282.65835946  .00001509  00000+0  78238-3 0  9990
2 30074  99.1120 359.7542 0093294  24.9650 335.5991 14.14170337  8842
FENGYUN 1C DEB          
1 30075U 99025QC  26283.90471661  .00000167  00000+0  15878-3 0  9990
2 30075  99.3198 341.6745 0091658  81.7899  91.3543 13.92624479  2629
FENGYUN 1C DEB          
1 30076U 99025QD  26283.93229537  .00000197  00000+0  21895-3 0  9996
2 30076  99.2684 267.3459 0175652  17.7421  35.8907 13.76470836990511
FENGYUN 1C DEB          
1 30077U 99025QE  26283.84481573  .00000201  00000+0  14490-3 0  9996
2 30077  98.7477 294.8956 0022247 131.6806 352.1185 14.07115385 13606
FENGYUN 1C DEB          
1 30078U 99025QF  26283.46696852  .00002956  00000+0  12630-2 0  9995
2 30078  98.8177   4.5423 0051304 127.0816 295.9609 14.25040452 14086
FENGYUN 1C DEB          
1 30079U 99025QG  26283.90925525  .00000790  00000+0  53862-3 0  9994
2 30079  98.9959 340.2701 0086178 182.8808 352.7041 14.01019430  7688
FENGYUN 1C DEB          
1 30080U 99025QH  26283.92189446  .00000249  00000+0  15020-3 0  9995
2 30080  98.7329 260.5892 0131644 282.7538 138.7982 14.11024425 14992
FENGYUN 1C DEB          
1 30081U 99025QJ  26283.74596666  .00000402  00000+0  30363-3 0  9990
2 30081  98.9411 277.1253 0074809 223.9283 311.3687 13.98534213  5711
FENGYUN 1C DEB          
1 30082U 99025QK  26283.90972157  .00066218  00000+0  18012-2 0  9995
2 30082  98.8385 270.9332 0041909 217.3806 142.4517 15.36394254 59013
FENGYUN 1C DEB          
1 30086U 99025QP  26283.87513475  .00000182  00000+0  13975-3 0  9991
2 30086  98.8780 316.1145 0061239  12.3109 161.8029 14.04104673  9317
FENGYUN 1C DEB          
1 30087U 99025QQ  26283.33029458  .00000534  00000+0  15017-3 0  9996
2 30087  98.3490 311.9598 0226745 299.9128  68.6430 14.36250777 30221
FENGYUN 1C DEB          
1 30088U 99025QR  26283.92760990  .00001177  00000+0  33034-3 0  9998
2 30088  98.3854 264.8594 0201362  64.1395 350.5672 14.36573980 30083
FENGYUN 1C DEB          
1 30089U 99025QS  26283.55788366  .00000435  00000+0  17853-3 0  9992
2 30089  98.8921 200.8577 0074680  51.2840 123.4020 14.30631966 27935
FENGYUN 1C DEB          
1 30090U 99025QT  26282.52850942  .00000309  00000+0  13833-3 0  9994
2 30090  99.4072 124.5659 0056874 331.6839  57.3831 14.29561196 25660
FENGYUN 1C DEB          
1 30092U 99025QV  26283.05772244  .00000758  00000+0  24639-3 0  9997
2 30092  98.9213 119.8081 0083245  79.8551  50.1195 14.39919183 30768
FENGYUN 1C DEB          
1 30093U 99025QW  26283.98809111  .00001835  00000+0  52475-3 0  9990
2 30093  98.8348 175.9940 0068056 153.3514 220.3545 14.45027411 31687
FENGYUN 1C DEB          
1 30095U 99025QY  26283.71246162  .00012286  00000+0  10275-2 0  9997
2 30095  99.2430 258.6400 0143776  97.3877 264.3701 14.90904021 38228
FENGYUN 1C DEB          
1 30096U 99025QZ  26283.53117955  .00000448  00000+0  17799-3 0  9991
2 30096  99.1399  23.7269 0079983  78.1131 282.9006 14.32107332 28616
FENGYUN 1C DEB          
1 30099U 99025RC  26283.18061060  .00000365  00000+0  16622-3 0  9992
2 30099  98.5093 352.3823 0062692  83.7935 332.0527 14.26278166 24813
FENGYUN 1C DEB          
1 30102U 99025RF  26283.95990968  .00000455  00000+0  20146-3 0  9996
2 30102  98.3847 282.0174 0140792 196.8230 233.2143 14.22447925 22533
FENGYUN 1C DEB          
1 30103U 99025RG  26283.26121351  .00000663  00000+0  29569-3 0  9992
2 30103  99.2656 286.2480 0062614 339.6646  33.3066 14.25413634 22145
FENGYUN 1C DEB          
1 30104U 99025RH  26282.47406955  .00000729  00000+0  31184-3 0  9990
2 30104  98.3526 110.8063 0072051 305.1383  83.9583 14.26427060 21775
FENGYUN 1C DEB          
1 30105U 99025RJ  26282.88609440  .00000473  00000+0  19401-3 0  9994
2 30105  98.6231 266.8165 0196488 280.8073  77.1045 14.21892540 20404
FENGYUN 1C DEB          
1 30106U 99025RK  26282.87659378  .00166554  00000+0  59886-2 0  9992
2 30106  98.9109 240.8024 0012277 298.1448  85.6602 15.27838086 30584
FENGYUN 1C DEB          
1 30107U 99025RL  26282.38487229  .00000015  00000+0  27680-4 0  9991
2 30107  98.8053 340.8336 0127964 139.8297 221.2421 14.14537921 18102
FENGYUN 1C DEB          
1 30108U 99025RM  26283.73077532  .00000315  00000+0  14759-3 0  9999
2 30108  98.6900 267.6230 0195617 234.0180 302.9639 14.17539324 18751
FENGYUN 1C DEB          
1 30109U 99025RN  26283.82123012  .00000570  00000+0  25929-3 0  9999
2 30109  98.5312 270.2289 0168477  80.1304  37.1383 14.17992162 18334
FENGYUN 1C DEB          
1 30110U 99025RP  26282.65979173  .00000147  00000+0  21153-3 0  9993
2 30110  98.9104   8.1371 0266751 297.7240  59.7075 13.56356864975940
FENGYUN 1C DEB          
1 30112U 99025RR  26283.76728546  .00001085  00000+0  41207-3 0  9998
2 30112  99.3076 279.5103 0198746 328.8885  30.0645 14.23089113 18769
FENGYUN 1C DEB          
1 30113U 99025RS  26282.63725344  .00003670  00000+0  98331-3 0  9999
2 30113  99.0202 159.8727 0035909 183.3854 204.3756 14.48500041 22591
FENGYUN 1C DEB          
1 30114U 99025RT  26283.74025892  .00000285  00000+0  18102-3 0  9991
2 30114  98.7561 282.7928 0080905 346.3202 190.7707 14.09846660 14096
FENGYUN 1C DEB          
1 30115U 99025RU  26283.00074301  .00001199  00000+0  56319-3 0  9997
2 30115  98.5988 307.3592 0065369 268.7442 152.4023 14.20805764 16056
FENGYUN 1C DEB          
1 30116U 99025RV  26282.74365303  .00002542  00000+0  97903-3 0  9990
2 30116  99.3900  22.4555 0021777 195.2907 319.4774 14.31188026 18067
FENGYUN 1C DEB          
1 30117U 99025RW  26283.72094560  .00000389  00000+0  22643-3 0  9990
2 30117  98.8311 269.9828 0164921  79.8231  93.9298 14.07360291 12366
FENGYUN 1C DEB          
1 30118U 99025RX  26283.85702641 -.00000019  00000+0  14912-4 0  9993
2 30118  98.8107 283.8984 0083335 292.8064 186.1549 14.05226612 11727
FENGYUN 1C DEB          
1 30119U 99025RY  26282.84571199  .00001966  00000+0  80123-3 0  9991
2 30119  97.9421 252.2684 0129484 120.6036 269.4749 14.23897989 14447
FENGYUN 1C DEB          
1 30120U 99025RZ  26283.21846869  .00002342  00000+0  91322-3 0  9996
2 30120  98.8438  14.3380 0060581  56.1468 358.2045 14.29649225 16735
FENGYUN 1C DEB          
1 30121U 99025SA  26283.65748234  .00006187  00000+0  18163-2 0  9994
2 30121 102.1613  76.8572 0028211  91.2615 280.0383 14.44138840 18837
FENGYUN 1C DEB          
1 30123U 99025SC  26283.92047198  .00001939  00000+0  61306-3 0  9995
2 30123  96.9160 167.0901 0223222 242.0760 115.7666 14.27751332 15553
FENGYUN 1C DEB          
1 30124U 99025SD  26283.97029513  .00001216  00000+0  59198-3 0  9996
2 30124  99.1045 349.3228 0139901 332.6111 203.4666 14.15174829 11866
FENGYUN 1C DEB          
1 30125U 99025SE  26283.52826402  .00004932  00000+0  11852-2 0  9992
2 30125  98.7308  25.6465 0336042 187.4506 186.6706 14.24707106 12150
FENGYUN 1C DEB          
1 30127U 99025SG  26282.51994765  .00004876  00000+0  14482-2 0  9999
2 30127  98.1889 131.5756 0079757 253.4133 105.8287 14.41825620 15642
FENGYUN 1C DEB          
1 30128U 99025SH  26283.57956477  .00007923  00000+0  18245-2 0  9992
2 30128  96.9900 236.0012 0094864 250.8757 168.5831 14.52803294 16724
FENGYUN 1C DEB          
1 30129U 99025SJ  26283.52443414  .00000444  00000+0  27256-3 0  9994
2 30129  98.0351 194.9457 0183434 311.6689 225.1606 14.01984065  7051
FENGYUN 1C DEB          
1 30131U 99025SL  26283.56144970  .00003184  00000+0  13700-2 0  9998
2 30131  99.0772  29.3411 0077080  15.0102 358.2280 14.23781214  9803
FENGYUN 1C DEB          
1 30132U 99025SM  26283.68633368  .00000369  00000+0  29576-3 0  9997
2 30132  99.6143 254.3153 0104420 318.3155 219.2208 13.95143837  3004
FENGYUN 1C DEB          
1 30133U 99025SN  26283.97170037  .00001419  00000+0  83201-3 0  9991
2 30133  98.3522  72.4740 0084410 118.8539   2.6575 14.07839647  6298
FENGYUN 1C DEB          
1 30134U 99025SP  26282.99033091  .00000557  00000+0  31612-3 0  9992
2 30134  98.6784 298.3571 0019588  49.1188   9.2833 14.13796478 14990
FENGYUN 1C DEB          
1 30136U 99025SR  26282.40219728  .00000441  00000+0  33035-3 0  9996
2 30136  98.5190 158.3962 0127847 314.1932 222.0318 13.95615874  2383
FENGYUN 1C DEB          
1 30138U 99025ST  26283.98180648  .00001318  00000+0  62799-3 0  9993
2 30138  98.7307 338.8981 0019211 350.6610 131.2434 14.20911144 16929
FENGYUN 1C DEB          
1 30139U 99025SU  26279.46650447  .00001456  00000+0  86763-3 0  9991
2 30139  98.3574 104.5757 0129505 165.5724 262.2628 14.04615431  3768
FENGYUN 1C DEB          
1 30140U 99025SV  26282.66936322  .00001668  00000+0  76489-3 0  9997
2 30140  98.8057 350.1393 0042210 166.4963 345.8178 14.22215197 14088
FENGYUN 1C DEB          
1 30141U 99025SW  26283.63856940  .00006642  00000+0  14935-2 0  9997
2 30141  99.0208 233.8327 0013645 204.2342 155.8214 14.56776072 26282
FENGYUN 1C DEB          
1 30142U 99025SX  26283.48545794  .00002062  00000+0  10949-2 0  9996
2 30142  99.1174   9.0950 0102436 182.2225 177.8504 14.12053553  5561
FENGYUN 1C DEB          
1 30143U 99025SY  26283.72297632  .00001509  00000+0  94561-3 0  9997
2 30143  98.7472 100.1941 0101788 164.9977 256.4691 14.03470909  4424
FENGYUN 1C DEB          
1 30144U 99025SZ  26283.96035906  .00000306  00000+0  25543-3 0  9996
2 30144  99.0318 273.6517 0125519 186.5089 230.6007 13.92156319   430
FENGYUN 1C DEB          
1 30145U 99025TA  26283.64316376  .00003157  00000+0  15459-2 0  9996
2 30145  99.2768  50.2525 0084868  19.2933 353.6360 14.16773955  4666
FENGYUN 1C DEB          
1 30146U 99025TB  26283.14985132  .00000403  00000+0  33120-3 0  9991
2 30146  98.0576  45.7876 0176915   5.4995 116.4835 13.87003567995954
FENGYUN 1C DEB          
1 30148U 99025TD  26283.00791310  .00000568  00000+0  47183-3 0  9997
2 30148  99.5815  85.0451 0134481 114.1943   8.4235 13.88957142996983
FENGYUN 1C DEB          
1 30150U 99025TF  26283.59980750  .00000583  00000+0  49232-3 0  9996
2 30150  99.0314  53.7078 0146262 239.9041 132.8329 13.86970673996424
FENGYUN 1C DEB          
1 30151U 99025TG  26283.76381575  .00000451  00000+0  39442-3 0  9992
2 30151  99.0652 286.5106 0162090 186.0740 350.3097 13.84935461994255
FENGYUN 1C DEB          
1 30152U 99025TH  26282.08064666  .00002425  00000+0  15423-2 0  9991
2 30152  99.0770 141.5493 0165118 341.7063  17.8205 13.98234870995739
FENGYUN 1C DEB          
1 30153U 99025TJ  26283.05130649  .00000533  00000+0  49379-3 0  9991
2 30153 100.4653 309.9042 0197822 320.0782  94.3248 13.79332397989284
FENGYUN 1C DEB          
1 30154U 99025TK  26281.04949103  .00001136  00000+0  88176-3 0  9990
2 30154  98.4293 298.7088 0180943  96.4442 329.7437 13.86880751991322
FENGYUN 1C DEB          
1 30155U 99025TL  26283.91866209  .00002476  00000+0  21540-2 0  9993
2 30155  99.7484   9.0123 0234324 282.9994  74.5088 13.75309314980165
FENGYUN 1C DEB          
1 30156U 99025TM  26282.86048007  .00001099  00000+0  92042-3 0  9991
2 30156  98.9364 238.7669 0196189 173.4577 214.2315 13.81742529988482
FENGYUN 1C DEB          
1 30157U 99025TN  26281.28994674  .00003354  00000+0  89821-3 0  9994
2 30157  98.7209  32.1200 0032709  14.1305  12.8832 14.48611519 24006
FENGYUN 1C DEB          
1 30160U 99025TR  26283.62031575  .00000646  00000+0  83674-3 0  9991
2 30160  98.8978 202.4356 0343075  86.4579  31.7799 13.43289948964662
FENGYUN 1C DEB          
1 30161U 99025TS  26282.51093817  .00000818  00000+0  97466-3 0  9991
2 30161 100.5175 292.0267 0325535 250.7868 266.2442 13.50516559966185
FENGYUN 1C DEB          
1 30162U 99025TT  26283.98166877  .00001815  00000+0  19942-2 0  9991
2 30162  99.4673 332.9084 0312539 307.1688 172.7960 13.54484416967517
FENGYUN 1C DEB          
1 30163U 99025TU  26283.21270447  .00000905  00000+0  11649-2 0  9992
2 30163  98.7030   1.1804 0371488 192.5916 236.3698 13.39460616959807
FENGYUN 1C DEB          
1 30167U 99025TY  26283.57043926  .00000790  00000+0  19560-3 0  9998
2 30167  98.9701  32.4828 0141003 330.0385  41.7894 14.49426819 37293
FENGYUN 1C DEB          
1 30168U 99025TZ  26283.10308405  .00004129  00000+0  88763-3 0  9995
2 30168  97.3632 325.2156 0092573 281.7420  77.3406 14.56345484 26856
FENGYUN 1C DEB          
1 30169U 99025UA  26282.71655544  .00006628  00000+0  95065-3 0  9990
2 30169  98.3126 359.5088 0192169   8.5950 142.5436 14.64970646 21154
FENGYUN 1C DEB          
1 30170U 99025UB  26282.91033733  .00000229  00000+0  17772-3 0  9994
2 30170  98.8809 265.7642 0079075 158.9642 231.3111 14.00642645  6279
FENGYUN 1C DEB          
1 30171U 99025UC  26283.04713641  .00000600  00000+0  39464-3 0  9998
2 30171  98.3706 119.5373 0185560 143.1378 218.2711 13.97037445  4692
FENGYUN 1C DEB          
1 30172U 99025UD  26283.95595574  .00001867  00000+0  98518-3 0  9993
2 30172  99.2560 278.0421 0069775  74.5764 340.2806 14.13933458  7862
FENGYUN 1C DEB          
1 30173U 99025UE  26283.21866521  .00001668  00000+0  89375-3 0  9996
2 30173  98.9595 359.0420 0081882 159.0390 264.8966 14.12748923  7995
FENGYUN 1C DEB          
1 30174U 99025UF  26282.50956803  .00062997  00000+0  39487-2 0  9991
2 30174  98.7729 112.1275 0010013 159.5046 227.6272 15.09036706 28637
FENGYUN 1C DEB          
1 30175U 99025UG  26282.09640062  .00000285  00000+0  27150-3 0  9990
2 30175  99.3432 342.0264 0146375 133.5813 257.2556 13.84105223994956
FENGYUN 1C DEB          
1 30177U 99025UJ  26282.73793081  .00001285  00000+0  84517-3 0  9994
2 30177  98.6361 198.5745 0447726  65.0439 326.7091 13.63576937975648
FENGYUN 1C DEB          
1 30178U 99025UK  26283.14888461  .00001082  00000+0  11985-2 0  9991
2 30178 102.2577 236.4185 0278128 159.6435 323.4921 13.59551621972667
FENGYUN 1C DEB          
1 30181U 99025UN  26282.74123028  .00002764  00000+0  10538-2 0  9992
2 30181  98.8366  15.6618 0041843 197.7705 314.6129 14.31181130 17960
FENGYUN 1C DEB          
1 30182U 99025UP  26283.96184323  .00000313  00000+0  25265-3 0  9995
2 30182  99.0240 334.7546 0073694 272.8852 210.3306 13.96570727  5158
FENGYUN 1C DEB          
1 30183U 99025UQ  26283.96135713  .00000653  00000+0  37076-3 0  9995
2 30183  98.7562 325.0765 0027504 115.5583   5.7364 14.13151909 14057
FENGYUN 1C DEB          
1 30191U 99025UY  26283.27651958  .00004019  00000+0  48125-3 0  9999
2 30191  98.7650  26.9884 0090295  28.4408  25.7778 14.81886343 47361
FENGYUN 1C DEB          
1 30193U 99025VA  26283.03526916  .00002850  00000+0  68699-3 0  9999
2 30193  98.7513 208.0062 0103999 304.1345 117.9561 14.50837138 35345
FENGYUN 1C DEB          
1 30196U 99025VD  26283.49440226  .00000063  00000+0  43255-4 0  9997
2 30196  98.6359  16.5784 0084771 262.9808 157.2900 14.25928501 26621
FENGYUN 1C DEB          
1 30197U 99025VE  26283.66048674  .00001727  00000+0  57041-3 0  9993
2 30197  98.9557 226.3430 0058313  45.9987  77.6911 14.38408962 28261
FENGYUN 1C DEB          
1 30198U 99025VF  26283.64581176  .00002877  00000+0  65714-3 0  9994
2 30198  98.4816  62.1373 0101104 355.7882  14.3306 14.53440891 28765
FENGYUN 1C DEB          
1 30199U 99025VG  26283.00774492  .00001660  00000+0  52241-3 0  9990
2 30199  98.3639 304.7998 0078234 123.4822 299.4041 14.39937837 27448
FENGYUN 1C DEB          
1 30200U 99025VH  26283.84212056  .00000232  00000+0  11308-3 0  9991
2 30200  99.0897 133.6137 0145853 315.9113  43.0509 14.22472443 22730
FENGYUN 1C DEB          
1 30201U 99025VJ  26282.97297868  .00000562  00000+0  26843-3 0  9995
2 30201  99.4392  83.1328 0029366 177.4504 182.6826 14.23459381 21010
FENGYUN 1C DEB          
1 30202U 99025VK  26283.25296428  .00007940  00000+0  17490-2 0  9993
2 30202  98.6463  35.7229 0036824 214.0239 145.8596 14.57277763 26710
FENGYUN 1C DEB          
1 30205U 99025VN  26283.52897199  .00000169  00000+0  16600-3 0  9997
2 30205  99.0153  29.3534 0121510  83.0014 338.7735 13.88228962998259
FENGYUN 1C DEB          
1 30206U 99025VP  26282.94746998  .00000724  00000+0  17527-3 0  9999
2 30206  98.2439 280.4805 0142767 192.0053 167.7727 14.50051399 37646
FENGYUN 1C DEB          
1 30207U 99025VQ  26283.47422661  .00000119  00000+0  11765-3 0  9993
2 30207  98.5800  11.1080 0260425  52.4649   7.7834 13.79273531992228
FENGYUN 1C DEB          
1 30208U 99025VR  26283.95875137  .00000735  00000+0  33606-3 0  9999
2 30208  98.5722 282.1852 0034761 109.2963 304.9680 14.24079021 21291
FENGYUN 1C DEB          
1 30209U 99025VS  26283.73696316  .00000287  00000+0  17455-3 0  9992
2 30209  98.7297 277.8607 0040482  98.5447  77.3991 14.13198894 14728
FENGYUN 1C DEB          
1 30210U 99025VT  26282.98581110  .00000554  00000+0  34279-3 0  9995
2 30210  99.1580 342.8210 0055483  17.6111 106.6712 14.08777895  9987
FENGYUN 1C DEB          
1 30212U 99025VV  26283.28091197  .00000041  00000+0  59466-4 0  9999
2 30212  99.4175 161.7799 0097304 138.7958 222.0601 13.97321001  4362
FENGYUN 1C DEB          
1 30213U 99025VW  26282.68463689  .00001557  00000+0  84011-3 0  9998
2 30213  99.1119   9.2269 0070460 120.1906  39.2374 14.12963547  7631
FENGYUN 1C DEB          
1 30214U 99025VX  26283.47191758  .00002657  00000+0  98708-3 0  9992
2 30214  98.7086   2.9415 0021517 229.6621 262.2624 14.32878261 18190
FENGYUN 1C DEB          
1 30217U 99025WA  26283.70741922  .00000451  00000+0  19087-3 0  9998
2 30217  98.4646 261.3621 0137976 296.0962  62.6073 14.25219627 23727
FENGYUN 1C DEB          
1 30218U 99025WB  26283.55602321  .00003758  00000+0  13874-2 0  9991
2 30218  98.9876  27.8152 0067805  99.3098 274.6612 14.31795310 14223
FENGYUN 1C DEB          
1 30221U 99025WE  26283.22462861  .00000851  00000+0  22287-3 0  9992
2 30221  98.9606  32.7496 0143190 220.6752 138.3675 14.46369669 37592
FENGYUN 1C DEB          
1 30222U 99025WF  26283.06390312 -.00000152  00000+0 -68224-4 0  9994
2 30222  98.8082 312.7948 0036177 273.2345 141.4430 14.04158072 10684
FENGYUN 1C DEB          
1 30224U 99025WH  26283.41302844  .00000321  00000+0  28390-3 0  9993
2 30224  99.4475 332.3571 0110672 254.8444 117.0852 13.90083302999328
FENGYUN 1C DEB          
1 30225U 99025WJ  26283.02586429  .00000169  00000+0  10415-3 0  9993
2 30225  98.6341 305.6841 0098281 303.1482 119.4017 14.15360607 17937
FENGYUN 1C DEB          
1 30229U 99025WN  26283.52923284  .00006683  00000+0  12503-2 0  9992
2 30229  99.0449  17.1730 0036075 195.9061 176.1436 14.64821173 33296
FENGYUN 1C DEB          
1 30231U 99025WQ  26283.93051104  .00000886  00000+0  46874-3 0  9991
2 30231  98.7680 327.6658 0126466 250.9472 235.8639 14.12260608 12830
FENGYUN 1C DEB          
1 30232U 99025WR  26283.88460582  .00002155  00000+0  35824-3 0  9994
2 30232  98.6632 145.7822 0131976 131.8387 242.5445 14.65644690 41728
FENGYUN 1C DEB          
1 30234U 99025WT  26283.80968388  .00000410  00000+0  21997-3 0  9993
2 30234  98.6305 290.7901 0064726 287.1801 248.9089 14.17213687 17328
FENGYUN 1C DEB          
1 30235U 99025WU  26283.84356870  .00000467  00000+0  26218-3 0  9998
2 30235  98.7349 298.1013 0154789 104.3971  70.0895 14.09142988 11465
FENGYUN 1C DEB          
1 30237U 99025WW  26282.82363730  .00004618  00000+0  13474-2 0  9991
2 30237  98.8362  41.3236 0015138 135.7331  15.5018 14.44528932 20377
FENGYUN 1C DEB          
1 30239U 99025WY  26283.88063954  .00014319  00000+0  28296-1 0  9991
2 30239  99.5305 337.9794 1426722 219.4603 129.3572 11.43396389579828
FENGYUN 1C DEB          
1 30241U 99025XA  26282.99253661  .00000310  00000+0  18446-3 0  9995
2 30241  99.1908  66.5053 0144948 319.5978 160.0518 14.09829878 11576
FENGYUN 1C DEB          
1 30242U 99025XB  26283.78930198  .00000741  00000+0  38110-3 0  9999
2 30242  98.6534 315.7751 0009774 260.4130 191.7834 14.18219505 17041
FENGYUN 1C DEB          
1 30243U 99025XC  26283.28269755  .00000421  00000+0  24698-3 0  9990
2 30243  98.6888 291.0178 0011788 345.8894  27.4474 14.13380637 15319
FENGYUN 1C DEB          
1 30244U 99025XD  26282.67976779  .00000372  00000+0  21489-3 0  9994
2 30244  99.1139 184.3543 0009126 175.2067 214.7734 14.15371023 16003
FENGYUN 1C DEB          
1 30245U 99025XE  26283.70182207  .00000750  00000+0  66594-3 0  9991
2 30245  98.9145 258.4425 0191350 161.4360 199.3901 13.79733284988578
FENGYUN 1C DEB          
1 30246U 99025XF  26282.79250418  .00000047  00000+0  10319-3 0  9993
2 30246  98.7085  28.1429 0370346  63.7304  83.7463 13.37165214961635
FENGYUN 1C DEB          
1 30247U 99025XG  26282.49668446  .00009261  00000+0  13159-2 0  9996
2 30247  98.2643 196.0968 0170146 127.9020 288.7528 14.67628792 16839
FENGYUN 1C DEB          
1 30248U 99025XH  26282.59319068  .00012230  00000+0  20851-2 0  9998
2 30248  99.0842 143.2405 0026567 315.9299  43.9786 14.68933706 17916
FENGYUN 1C DEB          
1 30249U 99025XJ  26283.33151509  .00010739  00000+0  19492-2 0  9997
2 30249  98.9603 118.4206 0021277 201.9061 333.3899 14.66269055 19614
FENGYUN 1C DEB          
1 30250U 99025XK  26283.77464328  .00000758  00000+0  51497-3 0  9995
2 30250  98.7745 268.9103 0066925 101.6571  21.8681 14.01909240  7238
FENGYUN 1C DEB          
1 30251U 99025XL  26282.54675374  .00000611  00000+0  25218-3 0  9995
2 30251  99.0217 137.1768 0050874 176.8089 213.5164 14.29893367 24401
FENGYUN 1C DEB          
1 30252U 99025XM  26283.82509601  .00000391  00000+0  23991-3 0  9998
2 30252  98.7333 295.1821 0067461 106.4506  68.1751 14.10117423 12208
FENGYUN 1C DEB          
1 30253U 99025XN  26282.41677377  .00001486  00000+0  13661-2 0  9997
2 30253  98.7335 350.0122 0219373 318.4448  98.6117 13.74029874981421
FENGYUN 1C DEB          
1 30257U 99025XS  26283.97373241  .00000104  00000+0  82726-4 0  9992
2 30257  98.7641 279.4103 0058003 325.3239  89.8801 14.09863011 14735
FENGYUN 1C DEB          
1 30259U 99025XU  26283.39617605  .00001133  00000+0  19981-3 0  9990
2 30259  98.7227 152.8977 0241259  72.6400 100.2744 14.52446095 38512
FENGYUN 1C DEB          
1 30263U 99025XY  26282.77680244  .00001857  00000+0  11272-2 0  9992
2 30263  98.9511  37.2636 0144707 243.4161 275.0450 14.02493950  2327
FENGYUN 1C DEB          
1 30264U 99025XZ  26283.39782500  .00001141  00000+0  65392-3 0  9999
2 30264  98.9472 341.3589 0107024 162.3559 260.6476 14.08596830  8030
FENGYUN 1C DEB          
1 30265U 99025YA  26283.29402559  .00008628  00000+0  16220-2 0  9994
2 30265  98.6796  52.1283 0026888 162.0385 258.2702 14.64672424 28096
FENGYUN 1C DEB          
1 30266U 99025YB  26283.97000225  .00001892  00000+0  94405-3 0  9992
2 30266  99.0239 357.2820 0081162 288.0614 248.6300 14.16447466 10675
FENGYUN 1C DEB          
1 30267U 99025YC  26283.93815224  .00002340  00000+0  99667-3 0  9996
2 30267  98.8344   2.0407 0058212  92.6323 268.1521 14.25224046 15968
FENGYUN 1C DEB          
1 30270U 99025YF  26283.94321553  .00000097  00000+0  76907-4 0  9998
2 30270  98.6946 293.2948 0007678  35.6572  25.7514 14.11387242 16238
FENGYUN 1C DEB          
1 30272U 99025YH  26283.94179072  .00001791  00000+0  92241-3 0  9997
2 30272  98.8825 355.6989 0047902 324.2242  35.5726 14.15886246 11300
FENGYUN 1C DEB          
1 30273U 99025YJ  26283.81099414  .00000298  00000+0  21531-3 0  9990
2 30273  98.8305 294.4849 0061858 126.3439  47.9573 14.03106824  7658
FENGYUN 1C DEB          
1 30274U 99025YK  26283.73292622  .00006551  00000+0  14773-2 0  9995
2 30274  99.3189  91.3125 0001936  15.8944 357.0231 14.56712359 26000
FENGYUN 1C DEB          
1 30275U 99025YL  26282.98472633  .00004518  00000+0  11964-2 0  9994
2 30275  98.6223  17.9302 0035079 357.7822  59.2848 14.48910849 24290
FENGYUN 1C DEB          
1 30276U 99025YM  26283.93686589  .00002100  00000+0  85203-3 0  9991
2 30276  98.8432   4.4350 0023449 287.0415  72.8196 14.28609833 18218
FENGYUN 1C DEB          
1 30277U 99025YN  26283.18369321  .00001217  00000+0  61052-3 0  9995
2 30277  98.9518 359.7803 0121067  44.6216  10.1769 14.14713153 10472
FENGYUN 1C DEB          
1 30279U 99025YQ  26283.68406343  .00001144  00000+0  40957-3 0  9998
2 30279  99.1779 236.2037 0215727 289.0275 194.7678 14.24107416 19074
FENGYUN 1C DEB          
1 30280U 99025YR  26282.94494179  .00000150  00000+0  13085-3 0  9990
2 30280  98.8013 264.8099 0079862 213.1197 215.4426 13.98557224  5845
FENGYUN 1C DEB          
1 30281U 99025YS  26283.92677669  .00000256  00000+0  16671-3 0  9998
2 30281  98.7821 271.4136 0029718 101.4194 322.8487 14.10678468 14826
FENGYUN 1C DEB          
1 30282U 99025YT  26283.73336094  .00000254  00000+0  12891-3 0  9990
2 30282  98.5140 277.3553 0208750 215.4477 321.4175 14.13291526 16158
FENGYUN 1C DEB          
1 30283U 99025YU  26283.97250626  .00000121  00000+0  93732-4 0  9990
2 30283  98.8883 274.9108 0181846 281.5334 139.7986 14.02112434  9270
FENGYUN 1C DEB          
1 30284U 99025YV  26283.17788778  .00002347  00000+0  91083-3 0  9995
2 30284  98.7024 356.6680 0034723 305.0378 109.9220 14.30567254 17770
FENGYUN 1C DEB          
1 30286U 99025YX  26282.96725650  .00000082  00000+0  66086-4 0  9993
2 30286  98.6966 283.5438 0063818 356.3379  58.4814 14.12820776 17107
FENGYUN 1C DEB          
1 30287U 99025YY  26282.55033841  .00000912  00000+0  60663-3 0  9999
2 30287  98.6171 291.1102 0410194 291.8464 224.9441 13.69375763979745
FENGYUN 1C DEB          
1 30288U 99025YZ  26282.81589956  .00003236  00000+0  11486-2 0  9992
2 30288  99.3966  35.1703 0022648 178.5706 332.9099 14.35082751 18808
FENGYUN 1C DEB          
1 30289U 99025ZA  26283.55311578  .00003342  00000+0  13442-2 0  9990
2 30289  98.9304  31.2952 0038098 176.6861 196.4762 14.28399991 13792
FENGYUN 1C DEB          
1 30290U 99025ZB  26282.75685994  .00082550  00000+0  64720-2 0  9992
2 30290 102.6054 205.6585 0009125 316.8067  70.9089 15.00521464 23548
FENGYUN 1C DEB          
1 30291U 99025ZC  26283.09530628  .00007536  00000+0  14364-2 0  9994
2 30291  97.2104 137.7752 0099558 136.1132 355.3640 14.61080023 20873
FENGYUN 1C DEB          
1 30293U 99025ZE  26282.47237362  .00001436  00000+0  36947-3 0  9991
2 30293  99.2303 147.4124 0073922 301.2069 178.4624 14.50365307 33330
FENGYUN 1C DEB          
1 30294U 99025ZF  26283.78942309  .00000487  00000+0  14886-3 0  9994
2 30294  98.3826 268.1784 0197643 127.4999 353.7974 14.35493808 28680
FENGYUN 1C DEB          
1 30295U 99025ZG  26281.98991587  .00000198  00000+0  98251-4 0  9995
2 30295  98.4882 300.0547 0091979 284.6397 103.8788 14.25257099 24468
FENGYUN 1C DEB          
1 30297U 99025ZJ  26283.64753140  .00015358  00000+0  31362-2 0  9995
2 30297  98.8372 242.6962 0358263 319.5717 219.1756 14.27597904994529
FENGYUN 1C DEB          
1 30298U 99025ZK  26283.54554975  .00002499  00000+0  11410-2 0  9994
2 30298  99.0016  25.0846 0044276 342.6226  29.8702 14.21974591 11140
FENGYUN 1C DEB          
1 30299U 99025ZL  26281.74345608  .00001658  00000+0  93538-3 0  9994
2 30299  99.0794   1.1574 0103221 248.0719 241.6854 14.09080785  4951
FENGYUN 1C DEB          
1 30300U 99025ZM  26282.71788225  .00003765  00000+0  14463-2 0  9991
2 30300  99.0314   7.5846 0073384 146.6943   5.2941 14.29590157 12515
FENGYUN 1C DEB          
1 30301U 99025ZN  26283.74313645  .00013681  00000+0  26138-2 0  9996
2 30301  98.6448  91.8129 0056973  81.3111 292.1905 14.62986268 16202
FENGYUN 1C DEB          
1 30302U 99025ZP  26283.95892084  .00004210  00000+0  20710-2 0  9997
2 30302  98.5423 183.8040 0106484 333.5108  26.0647 14.15211692  3090
FENGYUN 1C DEB          
1 30303U 99025ZQ  26282.70399355  .00003802  00000+0  14833-2 0  9998
2 30303  99.0121  14.3336 0075508 135.1196 225.6124 14.28700730 12506
FENGYUN 1C DEB          
1 30304U 99025ZR  26281.74757015  .00001526  00000+0  76600-3 0  9995
2 30304  99.0180   3.1360 0072225 275.4256  83.8681 14.16763288 10596
FENGYUN 1C DEB          
1 30305U 99025ZS  26283.50067744  .00000195  00000+0  24333-3 0  9992
2 30305  98.5930 192.3207 0265549  31.3001 144.2805 13.60359014978763
FENGYUN 1C DEB          
1 30306U 99025ZT  26283.80199015  .00002079  00000+0  77605-3 0  9996
2 30306  98.5629 324.9177 0111923 189.9728 169.9233 14.29523784 19836
FENGYUN 1C DEB          
1 30309U 99025ZW  26283.14390590  .00000044  00000+0  64640-4 0  9993
2 30309  99.1880 343.9588 0093912  93.7095 267.4810 13.93710888  2300
FENGYUN 1C DEB          
1 30310U 99025ZX  26282.97410069  .00000752  00000+0  35343-3 0  9992
2 30310  98.6506 296.0129 0238433 222.8317 135.4062 14.09077639  9725
FENGYUN 1C DEB          
1 30311U 99025ZY  26282.68608622  .00000208  00000+0  22325-3 0  9997
2 30311  99.1354  12.1765 0165644 118.9661 242.8211 13.78099812991053
FENGYUN 1C DEB          
1 30312U 99025ZZ  26283.21223495  .00005648  00000+0  14661-2 0  9995
2 30312  98.8605  22.0242 0008825  32.6275  26.5734 14.50109236 22830
FENGYUN 1C DEB          
1 30313U 99025AAA 26283.53433601  .00003209  00000+0  12964-2 0  9998
2 30313  98.8706  18.7519 0057937 181.1336 192.2320 14.27680203 13898
FENGYUN 1C DEB          
1 30314U 99025AAB 26281.40415411  .00001351  00000+0  83173-3 0  9999
2 30314  98.4017  93.5854 0142445 231.0228 127.8179 14.02171451  2838
FENGYUN 1C DEB          
1 30315U 99025AAC 26283.96765061  .00000450  00000+0  23310-3 0  9998
2 30315  98.6004 289.6730 0034596 204.5068 220.3713 14.19414777 19944
FENGYUN 1C DEB          
1 30316U 99025AAD 26282.00102951  .00008436  00000+0  16978-2 0  9999
2 30316  98.6586  41.9067 0034534 194.2443 165.7786 14.61445213 27156
FENGYUN 1C DEB          
1 30317U 99025AAE 26283.95327178  .00000012  00000+0  32433-4 0  9993
2 30317  98.7984 281.1070 0025699 144.1604 216.1296 14.07075263 12602
FENGYUN 1C DEB          
1 30320U 99025AAH 26281.76424715  .00000189  00000+0  15772-3 0  9990
2 30320  99.1490 345.9876 0086077 191.0992 297.3328 13.98697294  5909
FENGYUN 1C DEB          
1 30321U 99025AAJ 26283.96705660  .00000449  00000+0  24025-3 0  9996
2 30321  98.6695 280.1308 0061731  89.7011 325.7325 14.16964703 18243
FENGYUN 1C DEB          
1 30322U 99025AAK 26283.79435603  .00001268  00000+0  72763-3 0  9997
2 30322  98.3719 124.6781 0125710 112.7160 248.7355 14.07060157  4438
FENGYUN 1C DEB          
1 30325U 99025AAL 26283.32025845  .00000141  00000+0  10537-3 0  9992
2 30325  98.7172 298.1495 0017199 119.4808 240.8081 14.09191758 12523
FENGYUN 1C DEB          
1 30326U 99025AAM 26283.41753873  .00000088  00000+0  10376-3 0  9993
2 30326  98.6103 152.1989 0140684 287.8476  70.7380 13.85581192996331
FENGYUN 1C DEB          
1 30327U 99025AAN 26282.65039920  .00002866  00000+0  12741-2 0  9992
2 30327  98.4250 167.6932 0117592 351.4349  37.3209 14.20039284  7119
FENGYUN 1C DEB          
1 30328U 99025AAP 26282.78175521  .00000134  00000+0  95480-4 0  9994
2 30328  98.6843 288.7180 0005977  35.5673 139.4858 14.12605219 15080
FENGYUN 1C DEB          
1 30329U 99025AAQ 26283.04647318  .00000282  00000+0  25888-3 0  9991
2 30329  99.2635 204.6519 0140852 307.9383 117.6078 13.86990305995875
FENGYUN 1C DEB          
1 30330U 99025AAR 26283.24616715  .00001141  00000+0  94430-3 0  9996
2 30330  98.9079 264.0915 0187709  92.1428 285.0224 13.82944363988245
FENGYUN 1C DEB          
1 30331U 99025AAS 26283.84348681  .00000747  00000+0  53512-3 0  9994
2 30331  98.9247 315.5923 0095065 253.6668 283.4491 13.98119089  3351
FENGYUN 1C DEB          
1 30332U 99025AAT 26283.93916252  .00000349  00000+0  35670-3 0  9993
2 30332  99.7507 267.5341 0177634  38.3718  16.4231 13.76975681988742
FENGYUN 1C DEB          
1 30334U 99025AAV 26282.76967535  .00001412  00000+0  10206-2 0  9994
2 30334  99.0232  19.8107 0143379 239.2918 274.5097 13.93483586994126
FENGYUN 1C DEB          
1 30335U 99025AAW 26282.97249453  .00000182  00000+0  13737-3 0  9996
2 30335  98.9315 272.3970 0136443  15.3613  43.2836 14.01529113  8079
FENGYUN 1C DEB          
1 30336U 99025AAX 26283.84536234  .00000487  00000+0  24825-3 0  9998
2 30336  98.5824 300.7805 0042709 213.3006 321.6131 14.19679176 18853
FENGYUN 1C DEB          
1 30338U 99025AAZ 26283.44659931  .00002682  00000+0  45095-3 0  9997
2 30338  98.4316 358.7584 0261797 354.6729  64.9487 14.50373804 25154
FENGYUN 1C DEB          
1 30339U 99025ABA 26283.61790889  .00004798  00000+0  14722-2 0  9997
2 30339  98.9787  49.6279 0020974 260.2508 112.5486 14.42014340 17705
FENGYUN 1C DEB          
1 30340U 99025ABB 26283.95137553 -.00000033  00000+0  64969-5 0  9999
2 30340  98.9599 342.5035 0145404  13.1464 161.8061 14.04713112 10233
FENGYUN 1C DEB          
1 30341U 99025ABC 26282.72894936  .00005020  00000+0  16586-2 0  9998
2 30341  99.2100 196.5890 0045514 267.7444 120.7721 14.37902628 14024
FENGYUN 1C DEB          
1 30342U 99025ABD 26283.40235161  .00000508  00000+0  47952-3 0  9992
2 30342 100.1849 131.2935 0168755  67.1247  55.6401 13.80403181990503
FENGYUN 1C DEB          
1 30344U 99025ABF 26283.22355113  .00006515  00000+0  14635-2 0  9999
2 30344  98.8171  26.4790 0005959 266.6554 155.3577 14.56855093 24601
FENGYUN 1C DEB          
1 30345U 99025ABG 26283.17767600  .00003971  00000+0  11528-2 0  9993
2 30345  98.9057   1.4631 0016114  76.4591 283.8393 14.44858924 21238
FENGYUN 1C DEB          
1 30346U 99025ABH 26282.76706692  .00004642  00000+0  15601-2 0  9994
2 30346  98.8129  30.7779 0055022 214.4174 299.1730 14.36790356 17312
FENGYUN 1C DEB          
1 30347U 99025ABJ 26283.71411178  .00000041  00000+0  56918-4 0  9990
2 30347  98.4023  84.4626 0148794 273.7486 151.4419 13.92903401  1654
FENGYUN 1C DEB          
1 30348U 99025ABK 26283.23416425  .00003555  00000+0  11931-2 0  9995
2 30348  98.8672  31.7241 0020326 202.1323 220.5544 14.37773752 18595
FENGYUN 1C DEB          
1 30349U 99025ABL 26282.39622324  .00001575  00000+0  84048-3 0  9999
2 30349  98.6044 237.5088 0084227 234.5670 282.0096 14.12883465  4682
FENGYUN 1C DEB          
1 30350U 99025ABM 26283.69219262  .00000810  00000+0  63996-3 0  9998
2 30350  98.1271  65.7378 0218789 195.6616 178.5321 13.83347870991567
FENGYUN 1C DEB          
1 30352U 99025ABP 26283.34630003  .00000322  00000+0  21470-3 0  9991
2 30352  98.7460 300.1943 0028398 185.3898 188.1001 14.07764534 11463
FENGYUN 1C DEB          
1 30355U 99025ABS 26283.74979895  .00000847  00000+0  41564-3 0  9991
2 30355  98.5948 283.9730 0053601 155.7573  19.1820 14.19530636 16221
FENGYUN 1C DEB          
1 30356U 99025ABT 26282.95208300  .00000718  00000+0  39706-3 0  9992
2 30356  98.6996 274.6210 0052904 148.7485 266.8578 14.13707161 12595
FENGYUN 1C DEB          
1 30357U 99025ABU 26283.01151721  .00000391  00000+0  26472-3 0  9998
2 30357  98.7798 306.1542 0049026 202.9402 220.8335 14.05382045 10331
FENGYUN 1C DEB          
1 30358U 99025ABV 26283.09058356  .00001840  00000+0  81790-3 0  9991
2 30358  98.5559 108.0959 0082318  44.6510  82.5787 14.22299676 11968
FENGYUN 1C DEB          
1 30359U 99025ABW 26282.69545375  .00002606  00000+0  17963-2 0  9990
2 30359 101.6158 190.7888 0144196 315.3536  43.6077 13.95690759992658
FENGYUN 1C DEB          
1 30360U 99025ABX 26282.69230845  .00002013  00000+0  82346-3 0  9995
2 30360  98.7468 357.7076 0027360 350.6243 161.3242 14.28167586 16927
FENGYUN 1C DEB          
1 30361U 99025ABY 26283.02948912  .00001402  00000+0  58767-3 0  9996
2 30361  98.5442 316.8752 0064111 229.1884 130.3726 14.26441921 19114
FENGYUN 1C DEB          
1 30362U 99025ABZ 26282.75271113  .00002820  00000+0  14571-2 0  9997
2 30362  99.0514 213.8814 0088320 215.5561 143.9706 14.13842815  4176
FENGYUN 1C DEB          
1 30363U 99025ACA 26282.67815254  .00001701  00000+0  82290-3 0  9990
2 30363  99.0157   3.4921 0077145 261.5106  97.7319 14.18377168 10713
FENGYUN 1C DEB          
1 30364U 99025ACB 26281.18591964  .00001995  00000+0  56669-3 0  9991
2 30364  98.1222 178.6327 0319199 162.4538 351.4263 14.20554376998880
FENGYUN 1C DEB          
1 30365U 99025ACC 26283.78007611  .00000388  00000+0  17893-3 0  9992
2 30365  98.6388 275.5401 0165897 320.0657 216.6394 14.19542904 18788
FENGYUN 1C DEB          
1 30366U 99025ACD 26282.77393220  .00000939  00000+0  34365-3 0  9990
2 30366  98.9309 214.8560 0063509  58.2606 331.7723 14.34216264 26382
FENGYUN 1C DEB          
1 30368U 99025ACF 26283.56627289  .00000336  00000+0  34709-3 0  9998
2 30368  99.1994  23.8398 0185580 231.6931 140.8849 13.75549888988117
FENGYUN 1C DEB          
1 30369U 99025ACG 26283.79137575  .00000258  00000+0  15573-3 0  9999
2 30369  98.7374 278.2944 0100230  57.5873 117.4696 14.12270388 15105
FENGYUN 1C DEB          
1 30370U 99025ACH 26282.66430407  .00001478  00000+0  67649-3 0  9992
2 30370  99.0330 350.1094 0101026 178.7278 334.5435 14.20338073 13643
FENGYUN 1C DEB          
1 30371U 99025ACJ 26283.11071666  .00001647  00000+0  63653-3 0  9991
2 30371  98.5493 326.6119 0008633 157.6777 257.8750 14.31453174 22115
FENGYUN 1C DEB          
1 30374U 99025ACM 26283.97221273  .00009747  00000+0  17997-2 0  9997
2 30374  99.2487 189.5343 0038729 332.5790  89.0931 14.65208599 33420
FENGYUN 1C DEB          
1 30377U 99025ACQ 26282.51594524  .00000600  00000+0  41474-3 0  9998
2 30377  98.8800 298.1391 0118315 152.9848   0.4269 13.99464017  4148
FENGYUN 1C DEB          
1 30379U 99025ACS 26283.80614032  .00000235  00000+0  16122-3 0  9996
2 30379  98.7490 294.5004 0036938 145.2657  29.7098 14.08297603 10617
FENGYUN 1C DEB          
1 30380U 99025ACT 26283.46936662  .00000658  00000+0  14742-3 0  9991
2 30380  98.8747 353.3697 0176246  28.2350 332.8262 14.51318248 39400
FENGYUN 1C DEB          
1 30381U 99025ACU 26283.05793761  .00001138  00000+0  61433-3 0  9991
2 30381  98.7889 318.1876 0053026 298.2134  61.3691 14.13943964964239
FENGYUN 1C DEB          
1 30382U 99025ACV 26283.89840455  .00001448  00000+0  54769-3 0  9995
2 30382  98.4711 317.8318 0153279 191.1853 296.2128 14.26421427 18387
FENGYUN 1C DEB          
1 30385U 99025ACY 26283.93652869  .00000636  00000+0  20224-3 0  9990
2 30385  99.0512 326.8696 0125776 120.4852   2.6611 14.39236940 31132
FENGYUN 1C DEB          
1 30386U 99025ACZ 26282.60488295  .00001181  00000+0  12805-2 0  9995
2 30386  98.6678 147.6508 0304060  95.1187 295.3491 13.56400814969077
FENGYUN 1C DEB          
1 30387U 99025ADA 26282.48986447  .00000314  00000+0  18309-3 0  9997
2 30387  98.6469 293.5391 0001082  77.0032  78.6641 14.15338036 15784
FENGYUN 1C DEB          
1 30388U 99025ADB 26282.99535995  .00000609  00000+0  24112-3 0  9998
2 30388  98.5814 300.2113 0218408 270.6581 154.9314 14.20427280 17040
FENGYUN 1C DEB          
1 30389U 99025ADC 26282.73805119  .00004641  00000+0  12623-2 0  9992
2 30389  98.8330  21.5266 0011332  50.3426 104.7888 14.47950542 21356
FENGYUN 1C DEB          
1 30390U 99025ADD 26283.25980296  .00002284  00000+0  85150-3 0  9999
2 30390  98.8153  15.7805 0064194   3.6317  58.0691 14.31839239 16965
FENGYUN 1C DEB          
1 30391U 99025ADE 26283.09628161  .00001281  00000+0  63864-3 0  9996
2 30391  98.7555 329.7801 0072221 120.5837 294.4215 14.17298871 11341
FENGYUN 1C DEB          
1 30392U 99025ADF 26283.32202544  .00000698  00000+0  37616-3 0  9993
2 30392  98.7702 298.6736 0179066 226.0591 145.7776 14.08033598  9060
FENGYUN 1C DEB          
1 30393U 99025ADG 26282.99257123  .00000452  00000+0  33568-3 0  9999
2 30393  99.1247 345.0757 0071253 151.5967 331.7966 13.99087351  5371
FENGYUN 1C DEB          
1 30394U 99025ADH 26283.37744367  .00000036  00000+0  58634-4 0  9994
2 30394  99.4016 323.3323 0088832   4.9200  62.2183 13.95975275  3124
FENGYUN 1C DEB          
1 30395U 99025ADJ 26283.79905095  .00000419  00000+0  29841-3 0  9990
2 30395  98.9203 295.6101 0158409 273.3355 264.6014 13.97056908  2353
FENGYUN 1C DEB          
1 30396U 99025ADK 26282.38383500  .00000075  00000+0  88078-4 0  9992
2 30396  98.2469 256.6204 0134592  18.8457 138.4186 13.87252639997476
FENGYUN 1C DEB          
1 30397U 99025ADL 26282.84575616  .00000822  00000+0  53816-3 0  9996
2 30397  98.4369  51.9570 0147647 327.0305 185.2989 13.99544088999751
FENGYUN 1C DEB          
1 30398U 99025ADM 26283.62517457  .00000247  00000+0  25917-3 0  9995
2 30398  99.6941 192.3338 0171943 228.4864 251.7342 13.78951480989175
FENGYUN 1C DEB          
1 30400U 99025ADP 26282.78865146  .00002157  00000+0  95145-3 0  9998
2 30400  99.1624 221.8382 0215484 210.9189 178.2900 14.12836545997629
FENGYUN 1C DEB          
1 30401U 99025ADQ 26283.94611740  .00000308  00000+0  13420-3 0  9999
2 30401  98.9055 172.6408 0106610 331.7319  27.8101 14.28203255 26183
FENGYUN 1C DEB          
1 30403U 99025ADS 26283.90944533  .00004132  00000+0  17757-2 0  9991
2 30403  99.0530  15.7073 0074906 235.4370 123.9724 14.23754259 11036
FENGYUN 1C DEB          
1 30404U 99025ADT 26282.20104316  .00000518  00000+0  73479-3 0  9999
2 30404  99.8260   7.7859 0382048 131.7652 231.6799 13.34762672620447
FENGYUN 1C DEB          
1 30405U 99025ADU 26283.56059568  .00002199  00000+0  84461-3 0  9998
2 30405  98.7958  25.5754 0047147 351.7915 129.7011 14.30888890 17033
FENGYUN 1C DEB          
1 30406U 99025ADV 26283.85798461  .00000956  00000+0  10320-2 0  9994
2 30406  98.6016 143.6347 0278631 290.5588  80.0317 13.59989564972722
FENGYUN 1C DEB          
1 30408U 99025ADX 26281.76069767  .00005725  00000+0  18594-2 0  9994
2 30408  99.0213 259.5387 0044806 148.2803 335.2132 14.38681999658453
FENGYUN 1C DEB          
1 30409U 99025ADY 26282.90944660  .00000505  00000+0  30435-3 0  9996
2 30409  98.5031 255.7300 0164944 234.2540 151.2747 14.04349051  6547
FENGYUN 1C DEB          
1 30411U 99025AEA 26282.66920120  .00002049  00000+0  11181-2 0  9998
2 30411  98.5684 183.7311 0123530 334.3187  25.1882 14.09326487  2190
FENGYUN 1C DEB          
1 30413U 99025AEC 26283.26967612  .00003735  00000+0  13072-2 0  9998
2 30413 102.0665 278.9801 0043902 147.5420 225.9492 14.35578010 14562
FENGYUN 1C DEB          
1 30414U 99025AED 26283.05420857  .00003188  00000+0  10684-2 0  9999
2 30414  99.1006 101.6519 0055903  26.9959 333.4115 14.37171081 14035
FENGYUN 1C DEB          
1 30415U 99025AEE 26283.97809898  .00001110  00000+0  10935-2 0  9999
2 30415  99.6318 349.5379 0233266 212.6742 324.8063 13.69640564980149
FENGYUN 1C DEB          
1 30416U 99025AEF 26283.79796471  .00000066  00000+0  68835-4 0  9995
2 30416  98.8121 303.8543 0056215  67.9733 292.7393 14.02822676  8590
FENGYUN 1C DEB          
1 30417U 99025AEG 26283.75733935  .00000344  00000+0  19643-3 0  9999
2 30417  98.7181 271.3529 0063351 338.7315 197.5136 14.14951507 16532
FENGYUN 1C DEB          
1 30418U 99025AEH 26283.83600174  .00007741  00000+0  77256-3 0  9999
2 30418  98.8476 122.6718 0102315 230.9990 140.7486 14.87994107 50804
FENGYUN 1C DEB          
1 30419U 99025AEJ 26282.83678564  .00000720  00000+0  36605-3 0  9990
2 30419  99.2678 247.4780 0050197 254.6962 134.4115 14.18701408 16187
FENGYUN 1C DEB          
1 30432U 99025AET 26283.55935591  .00001003  00000+0  31050-3 0  9995
2 30432  98.8188 197.3139 0081344 160.2580 200.1788 14.41642565 30828
FENGYUN 1C DEB          
1 30434U 99025AEV 26283.71613608  .00000303  00000+0  25976-3 0  9999
2 30434  99.0280 266.6162 0121813 129.4197  45.8604 13.90887086999040
FENGYUN 1C DEB          
1 30435U 99025AEW 26283.72950013  .00002820  00000+0  22933-2 0  9990
2 30435  99.0329 261.5849 0209070  25.3285 150.0670 13.81052788983267
FENGYUN 1C DEB          
1 30436U 99025AEX 26282.65084875  .00003909  00000+0  16077-2 0  9997
2 30436  98.4072 168.9274 0097897 335.8414  52.5750 14.24922168  7205
FENGYUN 1C DEB          
1 30437U 99025AEY 26283.90886991  .00037763  00000+0  28843-2 0  9995
2 30437  98.8873 349.5036 0023457 206.2917 208.5563 15.01634629 37017
FENGYUN 1C DEB          
1 30438U 99025AEZ 26282.49954279  .00001117  00000+0  82588-3 0  9995
2 30438  98.7430 287.8940 0134823  79.8359 281.7979 13.93008682994927
FENGYUN 1C DEB          
1 30439U 99025AFA 26283.80489646  .00000165  00000+0  11889-3 0  9991
2 30439  98.7455 291.6946 0037980 199.2281 336.6679 14.09170713 10335
FENGYUN 1C DEB          
1 30441U 99025AFC 26282.46453351  .00000343  00000+0  33800-3 0  9994
2 30441  99.1225   5.3293 0184446 179.8572 180.2664 13.77972861990118
FENGYUN 1C DEB          
1 30442U 99025AFD 26282.73294773  .00003309  00000+0  12480-2 0  9991
2 30442  98.8685  26.8791 0055007 132.5834 228.0008 14.31234008 14635
FENGYUN 1C DEB          
1 30443U 99025AFE 26282.85590972  .00003789  00000+0  12123-2 0  9991
2 30443  98.8629 244.5075 0023875 161.7501 198.4548 14.40038331 17634
FENGYUN 1C DEB          
1 30445U 99025AFG 26283.66425231  .00000969  00000+0  24733-3 0  9996
2 30445  98.8723 255.0259 0102821 188.2579 171.6925 14.49934592 35567
FENGYUN 1C DEB          
1 30446U 99025AFH 26283.51362344  .00003761  00000+0  10272-2 0  9991
2 30446  98.6053  15.6615 0032197 263.9923  95.7599 14.47598590 25407
FENGYUN 1C DEB          
1 30447U 99025AFJ 26282.66952797  .00006485  00000+0  12838-2 0  9990
2 30447  98.9536 173.3864 0050884 193.1764 195.5543 14.61864710 24778
FENGYUN 1C DEB          
1 30448U 99025AFK 26283.29211637  .00003516  00000+0  11788-2 0  9997
2 30448  98.8327  27.4930 0018631 198.2093 226.0337 14.37837484 16698
FENGYUN 1C DEB          
1 30450U 99025AFM 26282.99087517  .00003097  00000+0  47232-3 0  9992
2 30450  98.0696 295.7957 0183508 341.2188  74.1250 14.63869114 39417
FENGYUN 1C DEB          
1 30452U 99025AFP 26281.48517675  .00008940  00000+0  13113-2 0  9992
2 30452  99.3346 108.2568 0040323  51.1787 338.6696 14.75283481 24988
FENGYUN 1C DEB          
1 30453U 99025AFQ 26283.95794414  .00002190  00000+0  86871-3 0  9998
2 30453  98.7945   1.9312 0113142  70.9482 104.3195 14.26370337 15417
FENGYUN 1C DEB          
1 30454U 99025AFR 26281.32464689  .00004223  00000+0  17855-2 0  9990
2 30454  98.1366 231.4069 0170433  41.3217 113.7201 14.18456933  1990
FENGYUN 1C DEB          
1 30462U 99025AFZ 26283.93750970 -.00000042  00000+0  26323-7 0  9990
2 30462  98.8440 269.9316 0140313 121.4724 294.5739 14.06456820 10375
FENGYUN 1C DEB          
1 30464U 99025AGB 26283.43447164  .00000158  00000+0  10669-3 0  9994
2 30464  98.7943 332.8351 0110087 125.5665 248.1875 14.10331718 13122
FENGYUN 1C DEB          
1 30465U 99025AGC 26283.23237720  .00003534  00000+0  12206-2 0  9997
2 30465  98.8277  23.2442 0018007 216.0416 205.7919 14.36364235 16810
FENGYUN 1C DEB          
1 30466U 99025AGD 26282.94379838  .00001472  00000+0  61967-3 0  9990
2 30466  98.6302 322.5445 0115687 229.5343 252.8537 14.23699896 16354
FENGYUN 1C DEB          
1 30467U 99025AGE 26283.86088814  .00001276  00000+0  62963-3 0  9993
2 30467  98.6535 309.0778 0062842 339.9495 196.4837 14.18170771 14466
FENGYUN 1C DEB          
1 30468U 99025AGF 26283.22630561  .00002137  00000+0  95533-3 0  9992
2 30468  98.9126  12.7921 0071459 252.4903 162.4124 14.22391855 10732
FENGYUN 1C DEB          
1 30469U 99025AGG 26283.07048926  .00001200  00000+0  79379-3 0  9994
2 30469  98.4601 115.2741 0159209  47.9850  76.4690 13.97268627999136
FENGYUN 1C DEB          
1 30471U 99025AGJ 26282.78236655  .00001700  00000+0  87087-3 0  9992
2 30471  99.0510  19.4003 0081774 125.0793  26.6876 14.15128767  6881
FENGYUN 1C DEB          
1 30472U 99025AGK 26283.28247355  .00007824  00000+0  16603-2 0  9996
2 30472  98.6628  40.8915 0035248 233.0156 190.3072 14.59037094 24264
FENGYUN 1C DEB          
1 30474U 99025AGM 26283.07708800  .00004367  00000+0  13667-2 0  9998
2 30474  98.9229  19.3296 0025837 191.7276 293.3352 14.41019261 17269
FENGYUN 1C DEB          
1 30475U 99025AGN 26283.75675131  .00000993  00000+0  51601-3 0  9996
2 30475  98.7682 325.9075 0044128 148.6134 278.0302 14.16455384 12240
FENGYUN 1C DEB          
1 30476U 99025AGP 26282.62399900  .00001656  00000+0  75702-3 0  9994
2 30476  99.1030 334.5948 0046395 160.9337   0.7431 14.22369045 11177
FENGYUN 1C DEB          
1 30477U 99025AGQ 26283.92430663  .00001527  00000+0  22283-2 0  9993
2 30477  99.4188 343.9738 0429685 270.9048 270.2341 13.24452496947181
FENGYUN 1C DEB          
1 30480U 99025AGS 26283.25517475  .00000543  00000+0  18145-3 0  9990
2 30480  98.2187 288.2972 0164094 324.9060  47.0970 14.34024637 29897
FENGYUN 1C DEB          
1 30481U 99025AGT 26283.98167898  .00001703  00000+0  41522-3 0  9995
2 30481  98.3232 298.1542 0222537  70.3726 350.7245 14.40022722 28248
FENGYUN 1C DEB          
1 30489U 99025AHB 26283.31562454  .00000321  00000+0  16589-3 0  9997
2 30489  98.4631 288.3740 0140561 115.2960 258.9963 14.16113956 16545
FENGYUN 1C DEB          
1 30492U 99025AHE 26283.12866907  .00013018  00000+0  25459-2 0  9992
2 30492 102.3218  87.7885 0088037 340.5212  19.2616 14.60631664 12783
FENGYUN 1C DEB          
1 30493U 99025AHF 26283.25556545  .00001203  00000+0  81459-3 0  9997
2 30493  98.5848  97.1231 0180965 101.4049  72.6742 13.94334405992952
FENGYUN 1C DEB          
1 30494U 99025AHG 26281.35278847  .00000785  00000+0  69663-3 0  9990
2 30494  99.2574 315.6600 0187150 148.3021 212.9562 13.80121332986183
FENGYUN 1C DEB          
1 30495U 99025AHH 26283.56997348  .00001109  00000+0  18567-2 0  9997
2 30495 102.2729  54.0465 0590476   8.1169 352.8993 12.95396678925805
FENGYUN 1C DEB          
1 30496U 99025AHJ 26283.64572561  .00004068  00000+0  29834-3 0  9990
2 30496  98.7912 231.5246 0118951 196.0568 163.6868 14.98672059 56609
FENGYUN 1C DEB          
1 30498U 99025AHL 26282.13816056  .00001119  00000+0  66187-3 0  9991
2 30498  99.2258 344.4382 0097816  42.9362 346.8008 14.07498779999930
FENGYUN 1C DEB          
1 30500U 99025AHN 26282.25182218  .00002971  00000+0  11938-2 0  9994
2 30500  99.0744  29.6502 0060063 327.8187  61.6159 14.27987292  9635
FENGYUN 1C DEB          
1 30501U 99025AHP 26282.99191486  .00002276  00000+0  94449-3 0  9990
2 30501  99.0940 290.1896 0041608  56.1358 358.7970 14.27094865 12136
FENGYUN 1C DEB          
1 30503U 99025AHR 26283.88393500  .00000311  00000+0  18032-3 0  9994
2 30503  99.1725 142.0968 0009308 127.4609 243.7259 14.16392165 16248
FENGYUN 1C DEB          
1 30504U 99025AHS 26282.09689214  .00000168  00000+0  92215-4 0  9993
2 30504  98.9901 339.0411 0111093  78.9112 282.4533 14.21064467 16586
FENGYUN 1C DEB          
1 30505U 99025AHT 26283.51645938  .00002385  00000+0  10432-2 0  9999
2 30505  98.9160  12.0051 0063122  97.0989  25.5305 14.23669167 12078
FENGYUN 1C DEB          
1 30506U 99025AHU 26283.97735047  .00000215  00000+0  14604-3 0  9997
2 30506  98.7620 285.5274 0069535 212.8880 204.6883 14.08923121 10786
FENGYUN 1C DEB          
1 30507U 99025AHV 26283.47376147  .00001431  00000+0  71648-3 0  9997
2 30507  98.9916 355.0200 0126119  43.9456  76.9363 14.14248554  7509
FENGYUN 1C DEB          
1 30509U 99025AHX 26283.36260054  .00001894  00000+0  10641-2 0  9994
2 30509  98.4515 141.6903 0099566 287.1470 250.2993 14.09169014999685
FENGYUN 1C DEB          
1 30510U 99025AHY 26283.03169772  .00001534  00000+0  80685-3 0  9992
2 30510  99.2302 309.9043 0077371  42.1965  25.0709 14.14112343  8281
FENGYUN 1C DEB          
1 30514U 99025AJC 26283.82314826  .00001163  00000+0  35931-3 0  9997
2 30514  98.3912 304.3695 0170089 273.9127  84.2629 14.35270951 25558
FENGYUN 1C DEB          
1 30515U 99025AJD 26282.83384049  .00000836  00000+0  47118-3 0  9998
2 30515  98.4754 127.5246 0494394 355.9182  15.2390 13.64628778974367
FENGYUN 1C DEB          
1 30516U 99025AJE 26283.61369953  .00004577  00000+0  13214-2 0  9998
2 30516  98.8670  44.7618 0009619 125.3847 247.7271 14.45097698 20702
FENGYUN 1C DEB          
1 30520U 99025AJJ 26283.86706160  .00032576  00000+0  11828-2 0  9994
2 30520  98.6980 148.8659 0052963 157.0384 203.3236 15.26900634 56349
FENGYUN 1C DEB          
1 30521U 99025AJK 26283.73652620  .00001356  00000+0  26139-3 0  9996
2 30521  99.0258  89.5845 0133238  44.8383 316.3489 14.59926858 39840
FENGYUN 1C DEB          
1 30523U 99025AJM 26283.70263802  .00000531  00000+0  17127-3 0  9996
2 30523  98.5021 258.8812 0240836 300.3613 238.2523 14.28366816 24100
FENGYUN 1C DEB          
1 30524U 99025AJN 26283.74015002  .00004709  00000+0  29725-2 0  9995
2 30524  99.3226 103.5483 0198641 151.3222 209.9036 13.95387655980936
FENGYUN 1C DEB          
1 30525U 99025AJP 26282.56458097  .00000670  00000+0  72807-3 0  9993
2 30525  98.5760 136.0562 0290302 243.5859 113.5225 13.59308770972030
FENGYUN 1C DEB          
1 30526U 99025AJQ 26283.95260713  .00001247  00000+0  15005-2 0  9991
2 30526  99.5322 358.9190 0309067 228.1228 129.3159 13.50317773967361
FENGYUN 1C DEB          
1 30527U 99025AJR 26282.62220187  .00000832  00000+0  11477-2 0  9994
2 30527 100.0411 324.8027 0410257 229.9982 286.4833 13.31598908953606
FENGYUN 1C DEB          
1 30528U 99025AJS 26283.86641819  .00000491  00000+0  25250-3 0  9997
2 30528  98.1983 134.3131 0144594  72.6835  53.5133 14.13855602 14046
FENGYUN 1C DEB          
1 30529U 99025AJT 26282.17477900  .00000747  00000+0  70978-3 0  9990
2 30529  98.4734 174.8205 0229773 136.8279 225.1142 13.72330681981288
FENGYUN 1C DEB          
1 30530U 99025AJU 26283.36552014  .00000412  00000+0  14543-3 0  9999
2 30530  98.3609 318.8337 0097892 315.5237  56.0687 14.37165842 31188
FENGYUN 1C DEB          
1 30531U 99025AJV 26283.75848904  .00018181  00000+0  28429-2 0  9998
2 30531 102.3085 265.0982 0023877  96.0184 264.3730 14.72713356 21186
FENGYUN 1C DEB          
1 30533U 99025AJX 26283.93338394  .00012353  00000+0  24728-2 0  9990
2 30533  98.8467  76.3835 0072020 305.8007 184.3313 14.60308439 22122
FENGYUN 1C DEB          
1 30539U 99025AKD 26283.29451511  .00001555  00000+0  33000-3 0  9998
2 30539  98.8985 288.5348 0115532  79.0611 282.3558 14.56649595 37320
FENGYUN 1C DEB          
1 30540U 99025AKE 26283.61895441  .00003706  00000+0  12989-2 0  9992
2 30540  98.8907  44.9992 0050958 254.0893 116.7212 14.34971801 16128
FENGYUN 1C DEB          
1 30541U 99025AKF 26282.10493126  .00001358  00000+0  60766-3 0  9998
2 30541  98.6699 329.7423 0015524 288.7856  71.1639 14.24179216 15957
FENGYUN 1C DEB          
1 30542U 99025AKG 26283.35114854  .00000102  00000+0  86223-4 0  9998
2 30542  98.7589 308.1421 0027635 201.3796 228.7401 14.07105154 11455
FENGYUN 1C DEB          
1 30543U 99025AKH 26283.75863719  .00000311  00000+0  21973-3 0  9996
2 30543  98.8316 289.8008 0070806 268.7782 269.2469 14.03932198  7418
FENGYUN 1C DEB          
1 30545U 99025AKK 26282.45675268  .00000152  00000+0  25759-3 0  9993
2 30545  98.9914  98.2009 0471889   2.2080 358.0982 13.20952750949007
FENGYUN 1C DEB          
1 30546U 99025AKL 26282.67279036  .00007190  00000+0  68013-3 0  9990
2 30546  98.8717 180.8012 0084214 279.2564 110.3105 14.91362291 49376
FENGYUN 1C DEB          
1 30547U 99025AKM 26282.31603853  .00000338  00000+0  12101-3 0  9994
2 30547  98.8705 140.7082 0096300  50.9309   8.1609 14.38111514 30404
FENGYUN 1C DEB          
1 30548U 99025AKN 26282.31116801  .00002105  00000+0  83381-3 0  9999
2 30548  99.6785 217.1359 0063376 203.4213 309.7550 14.29062067183855
FENGYUN 1C DEB          
1 30549U 99025AKP 26283.55633096  .00001990  00000+0  95403-3 0  9996
2 30549  98.4838  27.5634 0288656 129.4307 233.2793 14.00380593995163
FENGYUN 1C DEB          
1 30550U 99025AKQ 26283.47217815  .00002286  00000+0  13709-2 0  9993
2 30550  99.0430 182.3446 0124092 178.6852 356.7342 14.04201726996273
FENGYUN 1C DEB          
1 30552U 99025AKS 26283.66017009  .00010149  00000+0  20372-2 0  9990
2 30552  98.8462  79.5598 0011854  57.1553 303.0786 14.61844354 20539
FENGYUN 1C DEB          
1 30553U 99025AKT 26282.81873567  .00019060  00000+0  23002-2 0  9990
2 30553  99.1358  62.9070 0016480 280.8344  79.1011 14.83751382 29108
FENGYUN 1C DEB          
1 30555U 99025AKV 26283.15338008  .00001700  00000+0  77897-3 0  9990
2 30555  98.7328 338.8828 0043549 123.9278 298.9040 14.22156288 12198
FENGYUN 1C DEB          
1 30556U 99025AKW 26283.74292964  .00000099  00000+0  91354-4 0  9991
2 30556  98.8023 271.0778 0067496 118.3259  56.0210 14.01654612  4811
FENGYUN 1C DEB          
1 30557U 99025AKX 26282.13205635  .00001611  00000+0  88437-3 0  9991
2 30557  98.9017 350.0849 0069000 105.9180 254.9609 14.11956584  5378
FENGYUN 1C DEB          
1 30558U 99025AKY 26278.79919157  .00001772  00000+0  23878-2 0  9995
2 30558  99.4720  40.9876 0423558 274.8301  80.4598 13.29505213947049
FENGYUN 1C DEB          
1 30560U 99025ALA 26283.93893355  .00000410  00000+0  20929-3 0  9994
2 30560  98.6844 275.4335 0116103  64.5992   1.5671 14.17345924 16503
FENGYUN 1C DEB          
1 30561U 99025ALB 26283.75660509  .00000397  00000+0  23860-3 0  9999
2 30561  98.7340 282.6459 0059355 338.0142 197.1878 14.11575502 12399
FENGYUN 1C DEB          
1 30562U 99025ALC 26282.66208769  .00001970  00000+0  84950-3 0  9990
2 30562  98.7443 354.0882 0059958 115.8609  38.5619 14.24690571 12755
FENGYUN 1C DEB          
1 30564U 99025ALE 26282.50772494  .00000851  00000+0  45107-3 0  9994
2 30564  98.7911 290.8560 0200792 353.7653 157.7354 14.06439422  5212
FENGYUN 1C DEB          
1 30565U 99025ALF 26282.57097079  .00001993  00000+0  10253-2 0  9992
2 30565  98.4399 140.1424 0136459 216.4073 161.9665 14.11623623  1633
FENGYUN 1C DEB          
1 30566U 99025ALG 26282.65834124  .00001217  00000+0  66545-3 0  9997
2 30566  99.1948 344.2644 0066912  60.2900  91.2981 14.12822652  6290
FENGYUN 1C DEB          
1 30567U 99025ALH 26283.72872808  .00000427  00000+0  25538-3 0  9997
2 30567  98.8001 272.0172 0109745  57.3326 117.5116 14.09176675 10269
FENGYUN 1C DEB          
1 30568U 99025ALJ 26283.81625902  .00007861  00000+0  15888-2 0  9994
2 30568  98.9406 122.1490 0018660 350.8530  21.9452 14.61559382 20564
FENGYUN 1C DEB          
1 30569U 99025ALK 26282.43612962  .00020531  00000+0  22429-2 0  9992
2 30569  98.7459  93.6592 0005270 207.4897 152.6038 14.87903712 26502
FENGYUN 1C DEB          
1 30570U 99025ALL 26283.01389765  .00000514  00000+0  28748-3 0  9991
2 30570  98.6849 312.7723 0036244  73.7249 354.2024 14.14701373 12517
FENGYUN 1C DEB          
1 30571U 99025ALM 26283.30483090  .00000263  00000+0  16957-3 0  9990
2 30571  98.7064 305.5940 0022509  99.9255 272.0016 14.10936967 11337
FENGYUN 1C DEB          
1 30572U 99025ALN 26283.79049292  .00000300  00000+0  19675-3 0  9998
2 30572  98.7428 309.9039 0022925 157.2106 294.5129 14.09156783 10111
FENGYUN 1C DEB          
1 30573U 99025ALP 26283.13569118  .00001934  00000+0  97538-3 0  9999
2 30573  99.2058 335.5975 0088958 146.4599 269.7950 14.15498895  4608
FENGYUN 1C DEB          
1 30574U 99025ALQ 26281.43314098  .00001485  00000+0  12570-2 0  9999
2 30574  99.3303  84.8063 0216825 276.3696  81.2806 13.79021469978977
FENGYUN 1C DEB          
1 30575U 99025ALR 26282.81580079  .00001614  00000+0  50340-3 0  9999
2 30575  99.1796  40.3698 0053440  73.1889  78.2459 14.41544357 25443
FENGYUN 1C DEB          
1 30577U 99025ALT 26283.86366082  .00000577  00000+0  33979-3 0  9999
2 30577  98.7399 315.3372 0030132 144.2498  31.5391 14.11579122 10358
FENGYUN 1C DEB          
1 30579U 99025ALV 26283.29751340  .00000269  00000+0  18966-3 0  9990
2 30579  98.7839 303.9777 0052210 338.6484  34.0445 14.05519181  6935
FENGYUN 1C DEB          
1 30594U 99025ALZ 26283.85272213  .00000178  00000+0  92736-4 0  9993
2 30594  99.1095 153.5925 0193281 179.5715 180.5660 14.17540160 17930
FENGYUN 1C DEB          
1 30596U 99025AMB 26283.75482627  .00000553  00000+0  14961-3 0  9996
2 30596  98.4282 279.2629 0247834 109.0831  63.9874 14.34951859 28900
FENGYUN 1C DEB          
1 30599U 99025AME 26283.82457631  .00001011  00000+0  31293-3 0  9991
2 30599  98.5972 292.6454 0299019 189.2223 170.3390 14.20771180 14545
FENGYUN 1C DEB          
1 30600U 99025AMF 26283.50837990  .00004667  00000+0  16075-2 0  9999
2 30600  98.3942 213.6859 0314944 101.8327 261.8347 14.11998517986850
FENGYUN 1C DEB          
1 30603U 99025AMJ 26282.94187769  .00000975  00000+0  78520-3 0  9993
2 30603  98.4035 279.5736 0183132  99.6434 323.4234 13.84967465990445
FENGYUN 1C DEB          
1 30604U 99025AMK 26282.87169187  .00000413  00000+0  15952-3 0  9997
2 30604  98.3713 309.0737 0208207 204.2758 284.5581 14.24051355 20939
FENGYUN 1C DEB          
1 30606U 99025AMM 26283.86440111  .00003381  00000+0  53376-3 0  9997
2 30606  98.0913 291.6125 0204898 273.2863 207.8428 14.59973515 36486
FENGYUN 1C DEB          
1 30608U 99025AMP 26283.97898786  .00002037  00000+0  81107-3 0  9996
2 30608  98.6787 350.8236 0013211  15.0543 159.7383 14.29678531 17557
FENGYUN 1C DEB          
1 30609U 99025AMQ 26280.96597962  .00001912  00000+0  98059-3 0  9990
2 30609  98.5611 189.5618 0114581 280.0381  78.7880 14.13232795999529
FENGYUN 1C DEB          
1 30616U 99025AMX 26282.01915415  .00000523  00000+0  71312-3 0  9993
2 30616  98.6222 299.9199 0381608 221.2693 135.9012 13.36636269957115
FENGYUN 1C DEB          
1 30619U 99025ANA 26282.49723782  .00000537  00000+0  13827-3 0  9994
2 30619  98.2747 301.6299 0212142 228.9249 129.3446 14.41762594 32711
FENGYUN 1C DEB          
1 30621U 99025ANC 26282.81472139  .00001728  00000+0  10083-2 0  9993
2 30621  98.7047 218.9601 0131675 179.2344 207.1262 14.05450104998177
FENGYUN 1C DEB          
1 30622U 99025AND 26282.22379156  .00005093  00000+0  17531-2 0  9998
2 30622 100.9932  19.1933 0068643 275.2834 114.1483 14.35262388731031
FENGYUN 1C DEB          
1 30623U 99025ANE 26283.64782919  .00000108  00000+0  19324-3 0  9996
2 30623  98.8595  64.9395 0404014  82.5769 295.4004 13.29582775952285
FENGYUN 1C DEB          
1 30624U 99025ANF 26281.77110860  .00018519  00000+0  26991-2 0  9991
2 30624  98.8833  35.0696 0014388  69.0143 291.2601 14.75810150 18947
FENGYUN 1C DEB          
1 30625U 99025ANG 26283.64879224  .00008321  00000+0  22336-2 0  9995
2 30625  98.9242 259.8906 0044619 115.8056 244.7748 14.47785470 10465
FENGYUN 1C DEB          
1 30628U 99025ANK 26283.12628681  .00016444  00000+0  22862-2 0  9999
2 30628  99.3485 249.3624 0022427  37.3738 322.9023 14.77766542 29042
FENGYUN 1C DEB          
1 30629U 99025ANL 26283.64679594  .00010680  00000+0  18846-2 0  9999
2 30629  99.2569  61.5504 0005117 346.8151  25.9157 14.67676528 23078
FENGYUN 1C DEB          
1 30630U 99025ANM 26282.50097716  .00001022  00000+0  47097-3 0  9996
2 30630  99.1809 113.1967 0024895 297.0991  91.1177 14.23321117 14885
FENGYUN 1C DEB          
1 30632U 99025ANP 26283.01220993  .00013545  00000+0  20635-2 0  9991
2 30632  98.8372  83.5800 0013577 307.0303 174.5389 14.73991192 21147
FENGYUN 1C DEB          
1 30633U 99025ANQ 26282.52564671  .00001264  00000+0  74893-3 0  9992
2 30633  98.3933 130.7093 0129484 126.6821 264.6074 14.05112809  1134
FENGYUN 1C DEB          
1 30634U 99025ANR 26282.99369537  .00002803  00000+0  14657-2 0  9999
2 30634  99.3113 281.5345 0118255 338.0798  80.9772 14.11726499998656
FENGYUN 1C DEB          
1 30639U 99025ANW 26282.36456977  .00004701  00000+0  15796-2 0  9994
2 30639  99.0283  52.6544 0064346 124.9537 235.7714 14.36485977 10288
FENGYUN 1C DEB          
1 30640U 99025ANX 26283.20716541  .00001526  00000+0  77474-3 0  9990
2 30640  99.0404   3.7797 0077679 326.7077  89.0364 14.15977214  7099
FENGYUN 1C DEB          
1 30641U 99025ANY 26282.90902275  .00002960  00000+0  33329-3 0  9992
2 30641  98.9749 257.2720 0127457 257.0235 129.4897 14.81899832 49890
FENGYUN 1C DEB          
1 30646U 99025APD 26282.99716733  .00000670  00000+0  39791-3 0  9993
2 30646  98.6374 296.7659 0046737 255.7464 103.8514 14.10265688  8463
FENGYUN 1C DEB          
1 30647U 99025APE 26283.66788567  .00009628  00000+0  18926-2 0  9991
2 30647  99.0000 246.1321 0028958 341.0532 194.2864 14.62597555 23940
FENGYUN 1C DEB          
1 30648U 99025APF 26281.83858152  .00004084  00000+0  10170-2 0  9991
2 30648  98.6447  29.2518 0030431 293.7360 188.8920 14.51984562 22172
FENGYUN 1C DEB          
1 30649U 99025APG 26282.77712397  .00002304  00000+0  87095-3 0  9990
2 30649  98.8124  27.0027 0046847  12.8830 138.9496 14.31658389 13670
FENGYUN 1C DEB          
1 30650U 99025APH 26282.59214343  .00001697  00000+0  87547-3 0  9996
2 30650  99.1851 337.0715 0070609  65.4364  96.4248 14.15223511  5457
FENGYUN 1C DEB          
1 30652U 99025APJ 26283.02224397  .00000220  00000+0  15448-3 0  9999
2 30652  98.7521 312.4495 0009145 132.4012 287.8938 14.07891604  9318
FENGYUN 1C DEB          
1 30654U 99025APL 26281.82738110  .00001302  00000+0  65298-3 0  9990
2 30654  99.2534 222.2603 0034969 333.8667  26.0740 14.18184090  9303
FENGYUN 1C DEB          
1 30656U 99025APN 26283.79739803  .00005462  00000+0  14303-2 0  9991
2 30656  99.0149 122.9431 0029258 270.8620  88.9220 14.49490611 14505
FENGYUN 1C DEB          
1 30657U 99025APP 26283.28663356  .00004487  00000+0  13802-2 0  9994
2 30657  98.8441  36.1406 0017672 170.3213 244.4083 14.41948542 15729
FENGYUN 1C DEB          
1 30658U 99025APQ 26282.99498952  .00001566  00000+0  11719-2 0  9990
2 30658  98.4210 291.3872 0182026 117.6124 244.3650 13.88353288988638
FENGYUN 1C DEB          
1 30660U 99025APS 26283.57920050  .00004984  00000+0  42813-3 0  9994
2 30660  98.1492  34.0050 0128835  65.6065 307.4925 14.91673761 52795
FENGYUN 1C DEB          
1 30661U 99025APT 26283.84130796  .00000174  00000+0  93421-4 0  9994
2 30661  99.4826 127.0050 0142891 273.8384  84.6464 14.21327663 21944
FENGYUN 1C DEB          
1 30662U 99025APU 26282.67056641  .00001787  00000+0  79554-3 0  9992
2 30662  99.0316 352.0129 0034344 130.0005  22.8572 14.23883167  9116
FENGYUN 1C DEB          
1 30663U 99025APV 26283.45806937  .00001684  00000+0  12765-2 0  9997
2 30663  99.2919 175.3436 0646000 125.7129 240.5877 13.24884731930412
FENGYUN 1C DEB          
1 30665U 99025APX 26282.93285112  .00001823  00000+0  96611-3 0  9995
2 30665  99.2266 268.4570 0069185  76.8836 338.9560 14.13768976  2137
FENGYUN 1C DEB          
1 30666U 99025APY 26283.93521096  .00000214  00000+0  16292-3 0  9991
2 30666  98.8557 263.7147 0061698  23.0875  31.8210 14.02826803  3349
FENGYUN 1C DEB          
1 30668U 99025AQA 26283.19723561  .00001722  00000+0  90537-3 0  9991
2 30668  99.1196   7.0592 0080070 120.1580 295.8742 14.13826689  3126
FENGYUN 1C DEB          
1 30669U 99025AQB 26281.78988328  .00001528  00000+0  93151-3 0  9998
2 30669  98.6432 208.5910 0120004  53.4016   3.3615 14.03965796996629
FENGYUN 1C DEB          
1 30670U 99025AQC 26283.91641381  .00000139  00000+0  92080-4 0  9990
2 30670  98.6694 325.8940 0037976 283.8857 201.9163 14.15933700 14060
FENGYUN 1C DEB          
1 30671U 99025AQD 26283.19111008  .00001220  00000+0  85999-3 0  9991
2 30671  99.2303 353.9032 0124637 291.0848 124.5698 13.96398807994017
FENGYUN 1C DEB          
1 30673U 99025AQF 26283.38545368 -.00000073  00000+0 -18822-4 0  9993
2 30673  98.8786 331.0451 0052121  23.5730 349.5560 14.03586694  7639
FENGYUN 1C DEB          
1 30675U 99025AQH 26283.23763381  .00001898  00000+0  75420-3 0  9996
2 30675  98.7433   8.0427 0049848   9.4685  50.7150 14.29250300 11942
FENGYUN 1C DEB          
1 30676U 99025AQJ 26283.69694326  .00000968  00000+0  47631-3 0  9999
2 30676  98.2941  75.7439 0467000 308.4437  47.5662 13.75020148980725
FENGYUN 1C DEB          
1 30677U 99025AQK 26281.64539566  .00002180  00000+0  69039-3 0  9991
2 30677  98.2320 320.1494 0064249  22.4812 100.7729 14.39880000 22829
FENGYUN 1C DEB          
1 30678U 99025AQL 26282.87900308  .00004465  00000+0  17766-2 0  9991
2 30678  99.0799 259.5908 0071733  80.8870 309.8212 14.27767267  1587
FENGYUN 1C DEB          
1 30679U 99025AQM 26283.93083615  .00000443  00000+0  42066-3 0  9997
2 30679  99.3493 337.6347 0170060   0.3060 175.5946 13.80069314986870
FENGYUN 1C DEB          
1 30680U 99025AQN 26283.74561417  .00002694  00000+0  27329-2 0  9993
2 30680  99.6463 325.7413 0316374 126.3468 236.7314 13.57957504963500
FENGYUN 1C DEB          
1 30683U 99025AQR 26283.76942616  .00000977  00000+0  62493-3 0  9996
2 30683  99.3993 309.4317 0137009 119.2427 302.5381 14.01372787997802
FENGYUN 1C DEB          
1 30684U 99025AQS 26282.11181837  .00000683  00000+0  71605-3 0  9994
2 30684  99.5073 323.9778 0234163 217.5684 140.8900 13.67363527977331
FENGYUN 1C DEB          
1 30686U 99025AQU 26283.89451714  .00005704  00000+0  70878-3 0  9996
2 30686  99.0012 157.5582 0135892 257.4741 165.8467 14.76687028 40580
FENGYUN 1C DEB          
1 30688U 99025AQW 26282.69189311  .00002674  00000+0  95543-3 0  9995
2 30688  98.6870   2.5427 0017699 150.8793   9.5707 14.34861654 15747
FENGYUN 1C DEB          
1 30689U 99025AQX 26283.94371150  .00000625  00000+0  34400-3 0  9998
2 30689  98.7377 267.0516 0109746 324.9355  89.5422 14.12186253 11470
FENGYUN 1C DEB          
1 30690U 99025AQY 26282.77911376  .00000953  00000+0  60733-3 0  9992
2 30690  99.1707 220.3019 0103633 325.5975  63.4295 14.03564833999296
FENGYUN 1C DEB          
1 30691U 99025AQZ 26282.99202486  .00000903  00000+0  70513-3 0  9994
2 30691  98.7452 281.3508 0139162 127.6976 290.3568 13.90170319993012
FENGYUN 1C DEB          
1 30693U 99025ARB 26283.73364161  .00000356  00000+0  21052-3 0  9994
2 30693  98.7167 265.6597 0030006  30.0022 330.2862 14.13596746 11997
FENGYUN 1C DEB          
1 30694U 99025ARC 26283.29613328  .00005329  00000+0  46726-3 0  9998
2 30694  99.0625 298.1070 0120789  52.8945 308.3236 14.91687117 45854
FENGYUN 1C DEB          
1 30696U 99025ARE 26283.43048248  .00001728  00000+0  47435-3 0  9996
2 30696  98.3570 333.4366 0085661 290.7551  80.8867 14.46212195 26506
FENGYUN 1C DEB          
1 30697U 99025ARF 26282.68225909  .00001371  00000+0  70862-3 0  9998
2 30697  98.8863 343.2434 0085198  53.2284  98.5962 14.14790825  5103
FENGYUN 1C DEB          
1 30699U 99025ARH 26282.36485368  .00004217  00000+0  10754-2 0  9997
2 30699  99.3303  78.1905 0003418  88.5228 271.6355 14.51165198 19690
FENGYUN 1C DEB          
1 30700U 99025ARJ 26283.02794724  .00000242  00000+0  11944-3 0  9990
2 30700  98.5142 307.3330 0085788 346.2151  13.6687 14.24021586 18517
FENGYUN 1C DEB          
1 30701U 99025ARK 26282.82494913 -.00000022  00000+0  10897-4 0  9999
2 30701  98.6779 321.0240 0033989 325.4583  89.6351 14.13951179 13752
FENGYUN 1C DEB          
1 30702U 99025ARL 26278.79275093  .00000928  00000+0  59705-3 0  9991
2 30702  98.7554 293.0322 0070776 188.1901 348.5857 14.04273326  3160
FENGYUN 1C DEB          
1 30703U 99025ARM 26283.28931507  .00001358  00000+0  61165-3 0  9992
2 30703  99.1602 283.6357 0115839 153.7987 221.0005 14.20485105  8157
FENGYUN 1C DEB          
1 30704U 99025ARN 26282.92271442  .00000489  00000+0  33775-3 0  9998
2 30704  98.8865 278.9061 0080849 341.7607  46.8469 14.02248628  3300
FENGYUN 1C DEB          
1 30705U 99025ARP 26283.30527285  .00001377  00000+0  11454-2 0  9997
2 30705 102.1906 119.7886 0198182 286.8443 248.4994 13.82640380981755
FENGYUN 1C DEB          
1 30706U 99025ARQ 26283.49799078  .00001256  00000+0  52936-3 0  9996
2 30706  99.0461 193.6568 0027136 343.2952  16.7331 14.27403621 19317
FENGYUN 1C DEB          
1 30707U 99025ARR 26282.71402733  .00002300  00000+0  93703-3 0  9998
2 30707  99.3950   4.7188 0025517 285.1921 226.9013 14.28372200 10935
FENGYUN 1C DEB          
1 30708U 99025ARS 26283.78969868  .00000166  00000+0  11312-3 0  9998
2 30708  98.6830 293.1134 0009336  64.7363 110.6024 14.12328959 10567
FENGYUN 1C DEB          
1 30709U 99025ART 26283.61672890  .00002853  00000+0  13240-2 0  9993
2 30709  99.1603 276.2858 0080928 131.6247 229.1898 14.19798734  2765
FENGYUN 1C DEB          
1 30710U 99025ARU 26283.24549861  .00002534  00000+0  15402-2 0  9993
2 30710 102.7483 291.6524 0221983  89.5232 335.6407 13.96211025989948
FENGYUN 1C DEB          
1 30714U 99025ARY 26283.90209391  .00000278  00000+0  19962-3 0  9990
2 30714  98.8052 328.3563 0067287 160.1079  15.1348 14.03758102  1760
FENGYUN 1C DEB          
1 30715U 99025ARZ 26283.16599129  .00001958  00000+0  99125-3 0  9995
2 30715  98.9583 359.0475 0064190  33.6803 326.8425 14.16216777  4406
FENGYUN 1C DEB          
1 30716U 99025ASA 26283.34996194  .00030873  00000+0  26769-2 0  9990
2 30716  98.8530 147.3065 0012117 204.0449 212.3634 14.96965015 23117
FENGYUN 1C DEB          
1 30717U 99025ASB 26282.69825817  .00001723  00000+0  79034-3 0  9997
2 30717  99.0030   4.5106 0048047 118.4715 242.1314 14.22059619  8045
FENGYUN 1C DEB          
1 30718U 99025ASC 26283.47987184  .00002030  00000+0  85635-3 0  9997
2 30718  98.8816  12.6846 0052797   5.5145 354.6605 14.26035563 10384
FENGYUN 1C DEB          
1 30719U 99025ASD 26283.75455025  .00012669  00000+0  22038-2 0  9999
2 30719  98.8990  94.5592 0009108 340.0722  20.0123 14.68233716 18575
FENGYUN 1C DEB          
1 30720U 99025ASE 26283.76034900  .00000609  00000+0  25325-3 0  9991
2 30720  99.0437 113.7232 0030614 172.5733 248.7060 14.30034061 17666
FENGYUN 1C DEB          
1 30721U 99025ASF 26283.70596023  .00019591  00000+0  23052-2 0  9999
2 30721  98.7212  85.1418 0021527 106.2234  22.1569 14.84710783 22873
FENGYUN 1C DEB          
1 30723U 99025ASH 26283.58277995  .00004793  00000+0  13872-2 0  9998
2 30723  98.8421  25.9660 0015047  90.5022  35.5953 14.44905245 17244
FENGYUN 1C DEB          
1 30724U 99025ASJ 26282.54427444  .00000557  00000+0  19293-3 0  9998
2 30724  99.2971 136.9684 0093668 104.1173 287.1330 14.37613770 27676
FENGYUN 1C DEB          
1 30725U 99025ASK 26283.20149531  .00001917  00000+0  93327-3 0  9992
2 30725  98.9904   0.4627 0086150 252.6481 163.0917 14.17476111  6102
FENGYUN 1C DEB          
1 30726U 99025ASL 26283.76592272  .00001132  00000+0  64523-3 0  9993
2 30726  99.2655 299.4741 0079185 105.2067 312.0016 14.10284373  2371
FENGYUN 1C DEB          
1 30728U 99025ASN 26282.28695651  .00000074  00000+0  49167-4 0  9998
2 30728  98.5326 284.9303 0097189 286.5102  72.5416 14.23571173 19629
FENGYUN 1C DEB          
1 30730U 99025ASQ 26282.62312955  .00001307  00000+0  54278-3 0  9990
2 30730  98.5931 321.4455 0075964 250.0304 263.2702 14.26597336 12842
FENGYUN 1C DEB          
1 30731U 99025ASR 26283.54032164  .00004445  00000+0  12770-2 0  9990
2 30731  98.8536  20.0170 0013141  78.1717  51.4370 14.45327092 17056
FENGYUN 1C DEB          
1 30732U 99025ASS 26283.80375075  .00000654  00000+0  40881-3 0  9994
2 30732  98.7871 299.3431 0124637  83.7746  91.3183 14.04195407  4291
FENGYUN 1C DEB          
1 30735U 99025ASV 26283.47317435  .00001841  00000+0  78111-3 0  9992
2 30735  98.7465 358.7077 0059429  92.0773  29.6243 14.25620699 10385
FENGYUN 1C DEB          
1 30736U 99025ASW 26282.49682561  .00001018  00000+0  10509-2 0  9991
2 30736  98.7609 295.5655 0277709 348.2641 168.0166 13.62471811969474
FENGYUN 1C DEB          
1 30737U 99025ASX 26282.40213752  .00000311  00000+0  17031-3 0  9998
2 30737  98.6123 260.4069 0023399 349.4734 164.7635 14.18589282 12911
FENGYUN 1C DEB          
1 30739U 99025ASZ 26282.91242367  .00000333  00000+0  18406-3 0  9991
2 30739  98.7205 267.9131 0100631 175.0614 215.7498 14.15312240 11112
FENGYUN 1C DEB          
1 30740U 99025ATA 26282.80541078  .00006479  00000+0  14448-2 0  9990
2 30740  98.6995  44.7818 0027637 293.5626  66.2669 14.56972842 20175
FENGYUN 1C DEB          
1 30741U 99025ATB 26282.97747956  .00000147  00000+0  10081-3 0  9998
2 30741  98.6788 288.2186 0005958 352.5577  64.1454 14.13385293 10609
FENGYUN 1C DEB          
1 30742U 99025ATC 26283.38605164  .00001443  00000+0  79960-3 0  9990
2 30742  98.8501 328.6784 0071960  96.0123 277.9575 14.11526220  2739
FENGYUN 1C DEB          
1 30744U 99025ATE 26283.07410959  .00373841  00000+0  67252-2 0  9998
2 30744  98.7180 117.2919 0006265 315.4838 167.4466 15.48428185 26361
FENGYUN 1C DEB          
1 30746U 99025ATG 26282.80441413  .00000775  00000+0  32731-3 0  9997
2 30746  99.0554 119.5031 0045518 167.0968 322.6273 14.28096922 17426
FENGYUN 1C DEB          
1 30749U 99025ATK 26283.79064050  .00000321  00000+0  24353-3 0  9995
2 30749  98.8608 306.3959 0058095 110.1372 250.6056 13.99920625  1901
FENGYUN 1C DEB          
1 30750U 99025ATL 26282.75780515  .00002405  00000+0  92905-3 0  9996
2 30750  98.9081   9.3099 0037643 299.5080 213.3246 14.30764016 10811
FENGYUN 1C DEB          
1 30751U 99025ATM 26282.65525499  .00001434  00000+0  73400-3 0  9994
2 30751  98.8343 344.6447 0049637 316.4368 196.6378 14.16479228  5329
FENGYUN 1C DEB          
1 30753U 99025ATP 26283.33102970  .00000940  00000+0  51513-3 0  9999
2 30753  98.7840 321.6915 0055672 216.5853 143.1512 14.13505684  6121
FENGYUN 1C DEB          
1 30755U 99025ATR 26283.68731314  .00001592  00000+0  39935-3 0  9997
2 30755  98.2771 275.6444 0150893  70.3443 351.4540 14.46041060 27934
FENGYUN 1C DEB          
1 30756U 99025ATS 26282.70177434  .00001659  00000+0  78377-3 0  9994
2 30756  98.9738 359.1175 0073000 178.1176 334.1670 14.19764127  6685
FENGYUN 1C DEB          
1 30758U 99025ATU 26283.59905764  .00001474  00000+0  73352-3 0  9992
2 30758  99.0437  52.2201 0039630 223.8622 150.7437 14.18232987  7666
FENGYUN 1C DEB          
1 30759U 99025ATV 26282.92441485  .00007470  00000+0  15522-2 0  9990
2 30759  99.2692  69.5131 0006372 339.4370 175.3642 14.60424536 20448
FENGYUN 1C DEB          
1 30760U 99025ATW 26283.26185911  .00000336  00000+0  23129-3 0  9996
2 30760  98.8395 277.0867 0052150 216.8575 142.9004 14.05376828  4552
FENGYUN 1C DEB          
1 30761U 99025ATX 26283.58660872  .00001329  00000+0  44614-3 0  9991
2 30761  98.9838 227.2770 0083112 145.8509 214.8062 14.37030311 20769
FENGYUN 1C DEB          
1 30762U 99025ATY 26283.23521039 -.00000068  00000+0 -15147-4 0  9996
2 30762  98.8998 269.8228 0197139 180.5906 303.9963 13.98451586998512
FENGYUN 1C DEB          
1 30763U 99025ATZ 26283.53721089  .00019657  00000+0  30562-2 0  9995
2 30763  98.8874  25.4286 0016449  64.6602  63.1796 14.72981520 15681
FENGYUN 1C DEB          
1 30764U 99025AUA 26283.86252308  .00170797  00000+0  18857-2 0  9991
2 30764  98.7698 321.8209 0036180 192.5509 167.4848 15.61688899 58847
FENGYUN 1C DEB          
1 30765U 99025AUB 26283.40683324  .00000920  00000+0  48253-3 0  9992
2 30765  98.7585 329.4178 0068068  69.7938 303.2163 14.15460432 10660
FENGYUN 1C DEB          
1 30766U 99025AUC 26281.22693466  .00000693  00000+0  40318-3 0  9990
2 30766  98.6856 276.0386 0081535 305.7142 115.6735 14.10166459670178
FENGYUN 1C DEB          
1 30768U 99025AUE 26282.76982175  .00004642  00000+0  11649-2 0  9992
2 30768  98.6177  24.2406 0023197 260.5911 251.4849 14.51658931 22345
FENGYUN 1C DEB          
1 30770U 99025AUG 26282.97925464  .00000357  00000+0  20233-3 0  9995
2 30770  98.6581 285.4643 0014322 137.7449 288.6877 14.15995097 11610
FENGYUN 1C DEB          
1 30771U 99025AUH 26283.96600069  .00006964  00000+0  19108-2 0  9995
2 30771  98.9175 279.2000 0022546 111.0591 249.3014 14.47240128 14265
FENGYUN 1C DEB          
1 30802U 99025AUL 26283.21874399  .00002885  00000+0  10316-2 0  9997
2 30802  98.8347  21.3050 0018892 228.2321 190.5163 14.34781396 15213
FENGYUN 1C DEB          
1 30803U 99025AUM 26282.59291021  .00001249  00000+0  66589-3 0  9990
2 30803  99.2243 329.6484 0105079  80.7059  73.5018 14.12465296  1917
FENGYUN 1C DEB          
1 30804U 99025AUN 26283.06562794  .00000837  00000+0  16495-3 0  9995
2 30804  98.8715  12.4342 0182546 356.0332 125.3387 14.55640772 38549
FENGYUN 1C DEB          
1 30805U 99025AUP 26283.86453777  .00000600  00000+0  40094-3 0  9994
2 30805  98.7927 321.8313 0073088 160.8873  14.0789 14.03436709  1973
FENGYUN 1C DEB          
1 30806U 99025AUQ 26282.54764255  .00000738  00000+0  67514-3 0  9993
2 30806  99.0178 296.1446 0268211  58.6406  91.1660 13.70957045978169
FENGYUN 1C DEB          
1 30809U 99025AUT 26283.50935649  .00002452  00000+0  93178-3 0  9990
2 30809  98.7868  20.5229 0048236  10.9271 349.2947 14.31292234 13969
FENGYUN 1C DEB          
1 30810U 99025AUU 26282.89075154  .00005267  00000+0  27126-2 0  9995
2 30810  98.6780  87.3357 0174553 284.1398  74.0432 14.08048353986161
FENGYUN 1C DEB          
1 30811U 99025AUV 26282.51099330  .00001058  00000+0  10896-2 0  9997
2 30811  98.7599 297.0864 0276442 339.9997  19.0479 13.62669000969627
FENGYUN 1C DEB          
1 30814U 99025AUY 26283.74968881  .00009485  00000+0  16809-2 0  9994
2 30814  99.0901 296.3333 0028870  30.2051  24.6304 14.67257329 21627
FENGYUN 1C DEB          
1 30815U 99025AUZ 26282.35151190  .00016258  00000+0  17932-2 0  9992
2 30815  99.2929 131.3499 0002731   1.6226 173.1948 14.87590637 21960
FENGYUN 1C DEB          
1 30816U 99025AVA 26283.21133660  .00002334  00000+0  11122-2 0  9996
2 30816  98.8966 359.9780 0050831 270.3463 151.6906 14.19619486  6686
FENGYUN 1C DEB          
1 30817U 99025AVB 26282.93537387  .00000066  00000+0  70836-4 0  9998
2 30817  98.7894 266.6735 0058664 124.5862 236.0858 14.00878280  1155
FENGYUN 1C DEB          
1 30820U 99025AVE 26282.75076634  .00002361  00000+0  10459-2 0  9998
2 30820  98.6764  19.3783 0048974  37.5928 115.2073 14.23423374  7012
FENGYUN 1C DEB          
1 30821U 99025AVF 26282.45030623  .00001007  00000+0  25656-3 0  9996
2 30821  99.1362  94.9036 0085470  27.2652   1.7644 14.50985646 31481
FENGYUN 1C DEB          
1 30822U 99025AVG 26283.83875176  .00000439  00000+0  25773-3 0  9998
2 30822  98.7085 308.4291 0074594 146.6198  26.6125 14.11660507  9591
FENGYUN 1C DEB          
1 30823U 99025AVH 26283.62254955  .00000264  00000+0  18368-3 0  9990
2 30823  98.8056  59.0310 0132419 320.9753 101.7762 14.02854609  2578
FENGYUN 1C DEB          
1 30826U 99025AVL 26283.89777979  .00003762  00000+0  37903-3 0  9990
2 30826  98.8341 156.8617 0139803 115.3936 258.6682 14.84830894 47670
FENGYUN 1C DEB          
1 30827U 99025AVM 26281.95423167  .00005322  00000+0  16211-2 0  9995
2 30827  99.0159 288.0729 0043242  15.4802 344.7697 14.41907872  8580
FENGYUN 1C DEB          
1 30828U 99025AVN 26283.60209432  .00006245  00000+0  56700-3 0  9990
2 30828  98.3986  49.1904 0189665 290.6866  67.4104 14.82935570 31083
FENGYUN 1C DEB          
1 30829U 99025AVP 26282.44239050  .00000251  00000+0  16902-3 0  9992
2 30829  98.7981 272.5555 0035037 203.2086 156.7503 14.09016328  6632
FENGYUN 1C DEB          
1 30830U 99025AVQ 26282.93357332  .00000267  00000+0  16716-3 0  9992
2 30830  98.7560 269.0035 0031936  55.2404 334.0795 14.12489217  8488
FENGYUN 1C DEB          
1 30831U 99025AVR 26283.77255193  .00000393  00000+0  16393-3 0  9999
2 30831  99.3552 104.3054 0054092 243.4473 116.1158 14.31652060695713
FENGYUN 1C DEB          
1 30833U 99025AVT 26283.77158076  .00000488  00000+0  22038-3 0  9991
2 30833  99.8671 112.9493 0033101  52.7207 307.6980 14.27284314687199
FENGYUN 1C DEB          
1 30836U 99025AVW 26282.90987169  .00000360  00000+0  21835-3 0  9994
2 30836  98.7141 312.6390 0027410 109.5721 250.8415 14.12258922662549
FENGYUN 1C DEB          
1 30837U 99025AVX 26282.92713362  .00000375  00000+0  21541-3 0  9999
2 30837  98.7078 266.3125 0032491 356.4021  60.3936 14.14849723 10693
FENGYUN 1C DEB          
1 30838U 99025AVY 26283.51788290  .00007304  00000+0  17939-2 0  9992
2 30838  99.0452 224.5150 0034499 338.8689  21.1077 14.52301925 16845
FENGYUN 1C DEB          
1 30840U 99025AWA 26283.75814325  .00001950  00000+0  28095-3 0  9997
2 30840  98.0178 291.6490 0211992 139.0505 222.6839 14.63249386775454
FENGYUN 1C DEB          
1 30843U 99025AWD 26283.52153869  .00000415  00000+0  10045-3 0  9995
2 30843  98.8236  15.9558 0146108 285.9198  72.5937 14.52898364 36722
FENGYUN 1C DEB          
1 30845U 99025AWF 26283.66829623  .00000196  00000+0  20462-3 0  9990
2 30845  98.4064 254.0558 0192558 172.5346   3.9445 13.77054320983984
FENGYUN 1C DEB          
1 30846U 99025AWG 26282.81918633  .00001356  00000+0  41492-3 0  9992
2 30846  99.3160 128.8139 0052450 172.4441 201.0751 14.42866729 22618
FENGYUN 1C DEB          
1 30847U 99025AWH 26283.73828642  .00002266  00000+0  10875-2 0  9996
2 30847  98.7603  84.4044 0063580 181.5893 308.5187 14.18857263  3356
FENGYUN 1C DEB          
1 30848U 99025AWJ 26281.38165692  .00001429  00000+0  50313-3 0  9997
2 30848  99.0366 135.8456 0041508 177.6613 182.4773 14.36011795 16061
FENGYUN 1C DEB          
1 30849U 99025AWK 26281.68824963  .00001609  00000+0  76565-3 0  9991
2 30849  99.0272 352.7922 0048769 228.7999 283.3056 14.20252630  6227
FENGYUN 1C DEB          
1 30850U 99025AWL 26281.53519811  .00002617  00000+0  12166-2 0  9996
2 30850  98.3815 135.4304 0110433  48.7415  11.1765 14.18197312   438
FENGYUN 1C DEB          
1 30852U 99025AWN 26282.48221956  .00000569  00000+0  33655-3 0  9994
2 30852  98.7201 296.4848 0057509 102.3384 258.4233 14.10725377  6140
FENGYUN 1C DEB          
1 30856U 99025AWS 26282.48304119  .00008818  00000+0  19890-2 0  9990
2 30856  98.2017 104.8759 0077368  33.0903 355.4117 14.54690532  8771
FENGYUN 1C DEB          
1 30857U 99025AWT 26280.51997277  .00009045  00000+0  18498-2 0  9992
2 30857  98.9699 297.9394 0036492 109.2035 251.3117 14.60655641 10742
FENGYUN 1C DEB          
1 30858U 99025AWU 26283.39731718  .00000446  00000+0  23748-3 0  9999
2 30858  98.7640 342.6780 0028751 326.4218 164.5122 14.18170500 12550
FENGYUN 1C DEB          
1 30859U 99025AWV 26283.90401876  .00014581  00000+0  33968-2 0  9995
2 30859  98.9155 357.6572 0030812 195.5057 164.5197 14.54627446 14174
FENGYUN 1C DEB          
1 30860U 99025AWW 26282.15907711  .00001669  00000+0  69757-3 0  9991
2 30860  98.8912   5.3788 0037058  41.7856 318.6143 14.27159762  7996
FENGYUN 1C DEB          
1 30862U 99025AWY 26283.12291757  .00006877  00000+0  18274-2 0  9990
2 30862  98.9587  35.7090 0044851 341.7071 143.9634 14.48343198 10484
FENGYUN 1C DEB          
1 30863U 99025AWZ 26283.63587333  .00001353  00000+0  26974-2 0  9995
2 30863  99.1505  48.9245 0865700 333.6215  33.8997 12.41266459634857
FENGYUN 1C DEB          
1 30867U 99025AXD 26283.93887443  .00003307  00000+0  12713-2 0  9994
2 30867  97.8606 166.7412 0048205 168.1091 314.3363 14.30342588  8553
FENGYUN 1C DEB          
1 30868U 99025AXE 26283.87197457  .00000131  00000+0  85338-4 0  9994
2 30868  98.2196 142.4043 0136827  63.9146 309.9754 14.11251011  9717
FENGYUN 1C DEB          
1 30872U 99025AXJ 26283.44785943  .00001968  00000+0  62314-3 0  9992
2 30872  99.1630   2.3298 0041558 221.5354 198.6676 14.40865606 20644
FENGYUN 1C DEB          
1 30873U 99025AXK 26283.75383559  .00000220  00000+0  11739-3 0  9999
2 30873  98.6238 280.8955 0109189 136.4970 224.4885 14.19358365 14771
FENGYUN 1C DEB          
1 30874U 99025AXL 26282.82000558  .00000541  00000+0  27109-3 0  9996
2 30874  98.4640 305.7549 0040362 245.4043 291.3101 14.20126048 12890
FENGYUN 1C DEB          
1 30876U 99025AXN 26283.73704883 -.00000073  00000+0 -21006-4 0  9994
2 30876  98.8414 262.9088 0068084 158.9985  16.1758 13.99379511999335
FENGYUN 1C DEB          
1 30878U 99025AXQ 26278.94831035  .00000507  00000+0  29601-3 0  9991
2 30878  98.7299 277.5142 0040503 167.0994 224.5242 14.12397514  5517
FENGYUN 1C DEB          
1 30879U 99025AXR 26282.71767979  .00022727  00000+0  23041-2 0  9996
2 30879  99.3287 190.7821 0164933  68.9297 292.9459 14.81275091663779
FENGYUN 1C DEB          
1 30880U 99025AXS 26283.93095853  .00002208  00000+0  92199-3 0  9991
2 30880  98.7764   1.7184 0019765 305.6735  54.2605 14.27120298 10201
FENGYUN 1C DEB          
1 30882U 99025AXU 26282.96475269  .00009657  00000+0  78204-3 0  9994
2 30882  97.9037 344.0665 0138933 127.4762 233.9187 14.92600227 41351
FENGYUN 1C DEB          
1 30883U 99025AXV 26283.88975892  .00000270  00000+0  15092-3 0  9992
2 30883  98.3308 306.4082 0113144  62.6209  57.8555 14.14737456 11747
FENGYUN 1C DEB          
1 30884U 99025AXW 26283.81078176  .00011085  00000+0  14489-2 0  9999
2 30884  98.8838 313.1605 0060928 106.1770 254.6156 14.79344500 30936
FENGYUN 1C DEB          
1 30885U 99025AXX 26281.57871302  .00004995  00000+0  11864-2 0  9999
2 30885  99.0102 149.0831 0052533  35.7515 354.5445 14.53564975 13011
FENGYUN 1C DEB          
1 30886U 99025AXY 26283.42954944  .00002355  00000+0  10323-2 0  9997
2 30886  99.1950 195.2834 0032347 257.9838 101.7713 14.24438861  6853
FENGYUN 1C DEB          
1 30887U 99025AXZ 26283.41318257  .00002036  00000+0  37987-3 0  9990
2 30887  98.3298 339.8841 0260732  90.8174 272.2899 14.46458922 24800
FENGYUN 1C DEB          
1 30888U 99025AYA 26282.35320685  .00008477  00000+0  62910-3 0  9990
2 30888  99.4688 330.4685 0069747 267.6307  91.6925 15.01458009 44188
FENGYUN 1C DEB          
1 30891U 99025AYD 26282.59270632  .00000772  00000+0  48623-3 0  9991
2 30891  98.7486 325.6279 0056611  64.2931  88.4348 14.06379366  2005
FENGYUN 1C DEB          
1 30892U 99025AYE 26282.14766708  .00000466  00000+0  24460-3 0  9990
2 30892  99.6979 257.8503 0039173  71.6090 288.9337 14.19362513685643
FENGYUN 1C DEB          
1 30893U 99025AYF 26277.26737057  .00000926  00000+0  48652-3 0  9993
2 30893  98.2453 278.5370 0306486 344.6129  26.4500 13.94818883990046
FENGYUN 1C DEB          
1 30895U 99025AYH 26283.01634553  .00000476  00000+0  15288-3 0  9991
2 30895  98.6876 357.5363 0214767 318.4038 165.4244 14.32102119 20986
FENGYUN 1C DEB          
1 30899U 99025AYM 26283.60143610  .00004308  00000+0  15012-2 0  9991
2 30899  99.1669 204.5903 0030983 129.7827 353.5330 14.35641339  9193
FENGYUN 1C DEB          
1 30902U 99025AYQ 26274.28976639  .00001430  00000+0  54698-3 0  9992
2 30902 100.2598 303.0017 0091136 186.2977 173.7061 14.30402344756744
FENGYUN 1C DEB          
1 30903U 99025AYR 26283.44375848  .00000167  00000+0  14515-3 0  9996
2 30903  99.3343 179.5996 0096228 352.7035   7.2721 13.97723237729197
FENGYUN 1C DEB          
1 30905U 99025AYT 26283.47390135  .00001907  00000+0  91365-3 0  9998
2 30905  98.8779   4.3301 0052951 298.9478  60.6394 14.19509354  3481
FENGYUN 1C DEB          
1 30906U 99025AYU 26283.23363390  .00001144  00000+0  55254-3 0  9996
2 30906  99.1793 283.7542 0076756 115.9097 245.0015 14.19142684683534
FENGYUN 1C DEB          
1 30907U 99025AYV 26282.95917513  .00001091  00000+0  57239-3 0  9993
2 30907  99.9260 342.2987 0055698  31.1729 329.2726 14.15934762 58115
FENGYUN 1C DEB          
1 30912U 99025AZA 26282.91679186  .00010814  00000+0  92687-3 0  9995
2 30912  98.9652 171.9646 0048749 208.9389 150.9124 14.96833437 38978
FENGYUN 1C DEB          
1 30913U 99025AZB 26282.52027910  .00000476  00000+0  31564-3 0  9995
2 30913  98.7228 303.3844 0048864  58.0470 302.5436 14.05453079  1308
FENGYUN 1C DEB          
1 30914U 99025AZC 26278.43421970  .00001534  00000+0  23915-2 0  9991
2 30914  99.9818 148.7919 0510528  31.7282 331.3553 13.09683222629585
FENGYUN 1C DEB          
1 30915U 99025AZD 26282.68741705  .00001853  00000+0  77168-3 0  9999
2 30915  98.9317   9.7878 0049979  17.9801 342.3133 14.26904558  7886
FENGYUN 1C DEB          
1 30916U 99025AZE 26283.94735095  .00001380  00000+0  79513-3 0  9996
2 30916  98.9701 348.5402 0065004 131.8835  42.7580 14.09744018   683
FENGYUN 1C DEB          
1 30918U 99025AZG 26282.74288699  .00000687  00000+0  46489-3 0  9993
2 30918  98.4233  14.9656 0155079   2.7472 148.7402 13.97644278992560
FENGYUN 1C DEB          
1 30920U 99025AZJ 26283.66164235  .00004685  00000+0  21042-2 0  9996
2 30920  98.9146  71.4957 0106003 314.8503  44.4097 14.19928709993740
FENGYUN 1C DEB          
1 30921U 99025AZK 26283.53995475  .00003112  00000+0  11044-2 0  9996
2 30921  98.8410  22.6716 0018216 223.4432 148.3968 14.35106978 11385
FENGYUN 1C DEB          
1 30922U 99025AZL 26283.80021146  .00000822  00000+0  42118-3 0  9994
2 30922  98.6290 296.2769 0012719 260.8874 272.6392 14.18116905  8441
FENGYUN 1C DEB          
1 30925U 99025AZP 26282.89337876  .00004714  00000+0  12941-2 0  9999
2 30925  98.8963  73.8412 0030770  60.0813  92.6723 14.47264529 14181
FENGYUN 1C DEB          
1 30926U 99025AZQ 26283.66638825  .00002284  00000+0  18254-3 0  9998
2 30926  98.8388 264.8328 0158621 128.9300 232.6179 14.92121841 52667
FENGYUN 1C DEB          
1 30927U 99025AZR 26280.13877223  .00001924  00000+0  10604-2 0  9995
2 30927  99.1675 351.3199 0097528 250.4206 108.6414 14.10420403998886
FENGYUN 1C DEB          
1 30928U 99025AZS 26282.90815063  .00000424  00000+0  63948-3 0  9991
2 30928  98.8648 332.9298 0450449  17.6541 153.7909 13.22754900943297
FENGYUN 1C DEB          
1 30930U 99025AZU 26281.86192221  .00000657  00000+0  21739-3 0  9992
2 30930  98.1909 301.5445 0106365 283.4914 202.3935 14.38004492 26352
FENGYUN 1C DEB          
1 30931U 99025AZV 26282.65736612  .00000613  00000+0  41609-3 0  9999
2 30931  99.1404 346.3058 0091731 289.7025 223.8401 14.02069877  1340
FENGYUN 1C DEB          
1 30932U 99025AZW 26281.78945267  .00003105  00000+0  12087-2 0  9997
2 30932  98.9137 226.0128 0054243 137.6140 222.9250 14.29711984  6652
FENGYUN 1C DEB          
1 30933U 99025AZX 26283.24550846  .00007141  00000+0  20869-2 0  9997
2 30933  99.0561 288.0590 0067563 151.6099 219.9268 14.43008020  2102
FENGYUN 1C DEB          
1 30934U 99025AZY 26283.79863157  .00001209  00000+0  14237-2 0  9991
2 30934  98.7390 128.7205 0341460  31.1897 330.9021 13.47554745957755
FENGYUN 1C DEB          
1 30936U 99025BAA 26283.84740106  .00000778  00000+0  35377-3 0  9996
2 30936  98.5526 311.8116 0047540 130.6505  45.3115 14.23928226 14316
FENGYUN 1C DEB          
1 30937U 99025BAB 26283.92739581 -.00000075  00000+0 -21736-4 0  9998
2 30937  99.0460 336.3940 0074208 305.9005 227.6396 13.95656216999313
FENGYUN 1C DEB          
1 30938U 99025BAC 26282.52450491  .00000409  00000+0  20943-3 0  9991
2 30938  98.5837 292.1525 0045664 191.2753 330.0927 14.20196247 13884
FENGYUN 1C DEB          
1 30940U 99025BAE 26281.21143611  .00000483  00000+0  30282-3 0  9991
2 30940  98.6378 273.6810 0039675 233.0634 187.3042 14.08683880  2583
FENGYUN 1C DEB          
1 30941U 99025BAF 26282.54821671  .00002690  00000+0  98600-3 0  9998
2 30941  98.5299 139.8585 0030969 143.3078 217.0235 14.33358959  9282
FENGYUN 1C DEB          
1 30942U 99025BAG 26283.21493147  .00000323  00000+0  17321-3 0  9999
2 30942  98.6945 278.6208 0136032 324.5492  93.1081 14.15111875  8631
FENGYUN 1C DEB          
1 30943U 99025BAH 26278.73731692  .00000417  00000+0  28388-3 0  9990
2 30943  98.7901 288.3698 0049073 313.9741  45.7384 14.04718440999113
FENGYUN 1C DEB          
1 30944U 99025BAJ 26283.49165302  .00000393  00000+0  95827-4 0  9995
2 30944  98.8152   0.0205 0146339 266.8324 104.3889 14.52822424 34339
FENGYUN 1C DEB          
1 30945U 99025BAK 26283.09334804  .00002173  00000+0  82892-3 0  9992
2 30945  99.3776 320.5689 0028896 249.7797 167.6339 14.31741354  7246
FENGYUN 1C DEB          
1 30946U 99025BAL 26283.64774503  .00001197  00000+0  31228-3 0  9990
2 30946  99.0740  65.5984 0087308  11.8314   1.1225 14.49348160 27071
FENGYUN 1C DEB          
1 30947U 99025BAM 26282.99697211  .00000556  00000+0  18708-3 0  9994
2 30947  98.7783 184.8854 0097344  75.7318 285.4656 14.38475268 28197
FENGYUN 1C DEB          
1 30949U 99025BAP 26282.91411124  .00000190  00000+0  11397-3 0  9996
2 30949  98.7175 274.7064 0116758 169.2481 221.0373 14.14279003  7717
FENGYUN 1C DEB          
1 30954U 99025BAU 26283.53974133  .00001013  00000+0  49641-3 0  9993
2 30954  98.7169  21.9057 0126187  44.9730 329.6057 14.15916132  6561
FENGYUN 1C DEB          
1 30956U 99025BAW 26283.36647377  .00000918  00000+0  48993-3 0  9995
2 30956  98.7342 316.2706 0050108 200.1672 228.6587 14.15075956  5731
FENGYUN 1C DEB          
1 30959U 99025BAZ 26283.21251259  .00004154  00000+0  12814-2 0  9990
2 30959  99.7080 276.2772 0050161  57.3354 303.2656 14.41301452647247
FENGYUN 1C DEB          
1 30960U 99025BBA 26282.65048491  .00003750  00000+0  47864-3 0  9996
2 30960  99.0330  74.8478 0182803 310.9990  47.5525 14.71136318 30944
FENGYUN 1C DEB          
1 30964U 99025BBE 26282.85004731  .00001169  00000+0  73482-3 0  9998
2 30964  98.6864 240.3992 0137898 114.8579 275.6385 14.01606386996123
FENGYUN 1C DEB          
1 30967U 99025BBH 26282.71014076  .00002889  00000+0  58894-3 0  9999
2 30967  98.7968 250.7310 0093989  39.3929 321.4055 14.59070450 33927
FENGYUN 1C DEB          
1 30971U 99025BBM 26282.20761291  .00001617  00000+0  21234-3 0  9992
2 30971  99.1792  10.4308 0157999 342.2551  46.3954 14.73755088 41393
FENGYUN 1C DEB          
1 30978U 99025BBU 26279.37352058  .00002029  00000+0  66011-3 0  9990
2 30978  98.2279 314.6911 0039652  45.5996 314.8427 14.39329960 27198
FENGYUN 1C DEB          
1 30979U 99025BBV 26281.67588661  .00007949  00000+0  73417-3 0  9992
2 30979  97.8010 178.0758 0177962 343.6484  45.0668 14.83555349 35638
FENGYUN 1C DEB          
1 30982U 99025BBY 26281.46927498  .00000603  00000+0  13204-3 0  9996
2 30982  98.2410 270.5565 0180787 110.2209  38.4364 14.51592452754017
FENGYUN 1C DEB          
1 30984U 99025BCA 26283.86228286  .00002300  00000+0  52393-3 0  9991
2 30984  98.2338 319.6032 0125216 158.9026 201.7400 14.52081872995466
FENGYUN 1C DEB          
1 30985U 99025BCB 26280.08584584  .00003622  00000+0  12498-2 0  9998
2 30985  99.2311 221.7623 0039294 226.8086 198.2722 14.36096113658457
FENGYUN 1C DEB          
1 30989U 99025BCF 26283.18869910  .00001568  00000+0  80090-3 0  9996
2 30989  99.0387   5.6588 0086871 325.7554  33.8035 14.15213522  2178
FENGYUN 1C DEB          
1 30993U 99025BCK 26283.26073843  .00003580  00000+0  11919-2 0  9991
2 30993  98.8490  29.0116 0018220 201.1407 214.0274 14.38188313 12510
FENGYUN 1C DEB          
1 30994U 99025BCL 26283.79739275  .00000189  00000+0  12652-3 0  9996
2 30994  98.7004 288.1894 0018519  41.6445 318.6133 14.11920515  8476
FENGYUN 1C DEB          
1 30996U 99025BCN 26282.58267683  .00001280  00000+0  44503-3 0  9996
2 30996  98.9358 203.6746 0049908 125.2985   0.0784 14.36590584 18790
FENGYUN 1C DEB          
1 30998U 99025BCQ 26283.57600946  .00006176  00000+0  15198-2 0  9997
2 30998  98.8262  26.5309 0009967   5.3928 120.8653 14.52593111 15518
FENGYUN 1C DEB          
1 30999U 99025BCR 26283.84136415  .00001873  00000+0  36994-3 0  9990
2 30999  99.0846 131.3567 0110601 139.8109 221.1333 14.59992990 32236
FENGYUN 1C DEB          
1 31000U 99025BCS 26275.20830042  .00000603  00000+0  31856-3 0  9994
2 31000  97.5636 262.3369 0162287 288.0577 132.1332 14.10222005740920
FENGYUN 1C DEB          
1 31001U 99025BCT 26282.67352990  .00001278  00000+0  34651-3 0  9990
2 31001  99.2385 186.5616 0145494 347.3246  12.4299 14.43636579 25262
FENGYUN 1C DEB          
1 31002U 99025BCU 26283.78166865  .00000572  00000+0  40546-3 0  9994
2 31002  98.8825 291.7366 0097647 230.3121 305.8703 13.99463130998299
FENGYUN 1C DEB          
1 31003U 99025BCV 26282.17696702  .00001694  00000+0  71740-3 0  9991
2 31003  98.8313   6.2714 0039868  65.9864 294.5481 14.26370314  7857
FENGYUN 1C DEB          
1 31005U 99025BCX 26282.77104741  .00001304  00000+0  10614-2 0  9996
2 31005  98.6337  36.9084 0181086 225.6678 293.7555 13.84208127984448
FENGYUN 1C DEB          
1 31007U 99025BCZ 26283.72926550  .00005563  00000+0  10438-2 0  9999
2 31007  98.1043 274.3346 0059573 168.1033 192.1593 14.63974656 24982
FENGYUN 1C DEB          
1 31009U 99025BDB 26282.76924093 -.00000087  00000+0 -29285-4 0  9994
2 31009  98.9142 275.9572 0056437 121.4876  53.4538 14.00564807   686
FENGYUN 1C DEB          
1 31010U 99025BDC 26283.55039496  .00005044  00000+0  18611-2 0  9993
2 31010 101.7176 178.2206 0105081 287.4734  71.4974 14.30137803999386
FENGYUN 1C DEB          
1 31012U 99025BDE 26283.58899485  .00000261  00000+0  11860-3 0  9996
2 31012  98.8892 192.4560 0083103  95.2380  24.4847 14.28092770 20362
FENGYUN 1C DEB          
1 31014U 99025BDG 26282.86124253  .00000452  00000+0  33256-3 0  9997
2 31014  98.9059 254.2168 0089702  81.0746 309.6181 13.98587912   462
FENGYUN 1C DEB          
1 31016U 99025BDJ 26282.81783345  .00000403  00000+0  15807-3 0  9995
2 31016  98.4257 294.6024 0113733 103.9149  69.9763 14.30866016 17755
FENGYUN 1C DEB          
1 31017U 99025BDK 26281.41488372  .00000375  00000+0  22730-3 0  9994
2 31017  98.7102 262.1148 0111670 220.8948 297.6027 14.09146970  5159
FENGYUN 1C DEB          
1 31018U 99025BDL 26282.71539450  .00001858  00000+0  90538-3 0  9991
2 31018  99.0212  19.1849 0055747 348.8859  11.1081 14.18585424  3202
FENGYUN 1C DEB          
1 31019U 99025BDM 26283.56965101 -.00000344  00000+0 -89562-3 0  9998
2 31019  98.7314  24.0099 1105802  61.3193 322.8319 11.83623926587517
FENGYUN 1C DEB          
1 31021U 99025BDP 26283.60585758  .00003611  00000+0  28451-3 0  9990
2 31021  98.3786  50.5692 0255618 357.2185   2.7588 14.79224292778908
FENGYUN 1C DEB          
1 31022U 99025BDQ 26279.46181798  .00000304  00000+0  26681-3 0  9995
2 31022  99.4839 174.7408 0110809  44.9797 316.0271 13.90732645661465
FENGYUN 1C DEB          
1 31023U 99025BDR 26275.17609413  .00000313  00000+0  20681-3 0  9993
2 31023  98.8428 258.6429 0083281 116.9307 244.0401 14.06829323736273
FENGYUN 1C DEB          
1 31024U 99025BDS 26283.53354037  .00000453  00000+0  22369-3 0  9992
2 31024  99.0432 208.9510 0074352 343.6679  16.2103 14.21195329  9888
FENGYUN 1C DEB          
1 31025U 99025BDT 26281.19517053  .00000485  00000+0  21025-3 0  9995
2 31025  98.6051 268.3733 0170223 224.7458 133.9883 14.21240748686188
FENGYUN 1C DEB          
1 31026U 99025BDU 26283.55247157  .00000144  00000+0  15502-3 0  9998
2 31026  98.7921 204.4676 0135456  86.3717  87.1503 13.83516261721993
FENGYUN 1C DEB          
1 31028U 99025BDW 26283.50136378  .00000167  00000+0  15256-3 0  9998
2 31028  98.7124 201.0219 0164386 187.5566 172.3113 13.89252127661931
FENGYUN 1C DEB          
1 31029U 99025BDX 26282.22421692  .00000470  00000+0  17479-3 0  9999
2 31029  98.8363 191.3690 0087405 271.0896 242.9490 14.34819721 20989
FENGYUN 1C DEB          
1 31030U 99025BDY 26283.95337182  .00001353  00000+0  59828-3 0  9997
2 31030  98.7402 349.6460 0025829 285.3292 250.6470 14.24707988 10025
FENGYUN 1C DEB          
1 31031U 99025BDZ 26281.62451712  .00000537  00000+0  26600-3 0  9991
2 31031  99.0779 211.9143 0029243  51.7974  71.0766 14.21451190 11091
FENGYUN 1C DEB          
1 31032U 99025BEA 26283.74941362  .00001518  00000+0  91920-3 0  9999
2 31032  99.3887 307.2431 0138136  87.8614 343.9098 14.03398616992165
FENGYUN 1C DEB          
1 31033U 99025BEB 26282.21070659  .00000349  00000+0  14147-3 0  9990
2 31033  98.4744 256.0169 0151562 307.6153  63.4452 14.27795071 16286
FENGYUN 1C DEB          
1 31035U 99025BED 26283.61088089  .00002884  00000+0  58030-3 0  9998
2 31035  98.6712  49.0031 0172269  28.5243 344.5026 14.53427165 15991
FENGYUN 1C DEB          
1 31036U 99025BEE 26282.31025596  .00000360  00000+0  95939-4 0  9996
2 31036  98.9449  51.2365 0138557  82.0451 309.6278 14.49545630616615
FENGYUN 1C DEB          
1 31038U 99025BEG 26283.09385672  .00001104  00000+0  30565-3 0  9998
2 31038  99.0141  30.9701 0083624  51.1425 309.7190 14.46812652 25872
FENGYUN 1C DEB          
1 31040U 99025BEJ 26283.22574586  .00000441  00000+0  23180-3 0  9998
2 31040  98.6830 270.9953 0063340  48.9809 324.5086 14.18016962  9761
FENGYUN 1C DEB          
1 31041U 99025BEK 26282.06826208  .00002622  00000+0  12081-2 0  9991
2 31041  99.1913 326.8725 0087037 188.9520 171.0107 14.19994757997495
FENGYUN 1C DEB          
1 31043U 99025BEM 26282.89415604  .00000367  00000+0  23591-3 0  9991
2 31043  98.7506 297.0441 0040390 231.5655 247.6208 14.08841597  2275
FENGYUN 1C DEB          
1 31046U 99025BEQ 26283.73237477  .00028208  00000+0  37482-2 0  9995
2 31046  98.9616  79.1972 0035662 242.0029 244.4132 14.79264096 10808
FENGYUN 1C DEB          
1 31047U 99025BER 26283.22251241  .00000489  00000+0  27768-3 0  9993
2 31047  98.7156 277.9702 0026476  41.4926  19.8203 14.14251030  5771
FENGYUN 1C DEB          
1 31049U 99025BET 26282.24723893  .00000399  00000+0  27339-3 0  9997
2 31049  98.8002 288.7268 0050913   9.3352 350.8750 14.04512149653336
FENGYUN 1C DEB          
1 31051U 99025BEV 26266.85784110  .00000556  00000+0  37922-3 0  9992
2 31051  98.7915 293.1393 0053173  60.2558 300.3885 14.03192081678171
FENGYUN 1C DEB          
1 31053U 99025BEX 26281.26118071  .00001022  00000+0  76373-3 0  9995
2 31053  98.8183  26.9499 0304850  13.3333 347.5653 13.77009998975979
FENGYUN 1C DEB          
1 31054U 99025BEY 26282.89099719  .00000145  00000+0  10176-3 0  9997
2 31054  98.6839 291.6477 0009590 352.7353 125.2578 14.12322474  9970
FENGYUN 1C DEB          
1 31055U 99025BEZ 26283.36324229  .00000374  00000+0  23242-3 0  9990
2 31055  98.7299 311.3763 0025705 136.3461 292.1133 14.10677535  3729
FENGYUN 1C DEB          
1 31056U 99025BFA 26282.17209814  .00000325  00000+0  19061-3 0  9991
2 31056  98.6997 261.4870 0024963 200.1283 219.2844 14.14648447 10614
FENGYUN 1C DEB          
1 31057U 99025BFB 26282.48888576  .00003498  00000+0  37673-3 0  9997
2 31057  99.2284  12.8221 0129446  30.6903 330.1796 14.83332285664065
FENGYUN 1C DEB          
1 31058U 99025BFC 26283.27909882  .00003399  00000+0  42225-3 0  9999
2 31058  99.5870 294.8922 0085852 256.0509 103.1139 14.80928051 39512
FENGYUN 1C DEB          
1 31062U 99025BFG 26281.70656545  .00000068  00000+0  10254-3 0  9992
2 31062  99.0157  92.8227 0170954 241.6382 178.5929 13.75811755983584
FENGYUN 1C DEB          
1 31064U 99025BFJ 26283.69377624  .00000283  00000+0  11088-3 0  9997
2 31064  98.6066 264.0727 0239498 203.7574 332.8138 14.22561418 15437
FENGYUN 1C DEB          
1 31065U 99025BFK 26283.30044047  .00001248  00000+0  50449-3 0  9992
2 31065  98.4510 298.3077 0033573 220.4254 139.4433 14.29243485688843
FENGYUN 1C DEB          
1 31068U 99025BFN 26282.20296026  .00000247  00000+0  14662-3 0  9994
2 31068  98.6642 257.5448 0164306 346.3107  13.3635 14.09408295  3965
FENGYUN 1C DEB          
1 31069U 99025BFP 26283.39006466  .00002243  00000+0  45853-3 0  9997
2 31069  99.1117 117.3731 0099997 243.6907 115.3991 14.58942173 30787
FENGYUN 1C DEB          
1 31071U 99025BFR 26283.56763468  .00002921  00000+0  67871-3 0  9998
2 31071  99.0361  29.9772 0055260  92.9628 267.7892 14.54868631698800
FENGYUN 1C DEB          
1 31072U 99025BFS 26282.81995020  .00000858  00000+0  30345-3 0  9990
2 31072  99.3183 312.7702 0206399 317.5252  41.0111 14.26466588  9203
FENGYUN 1C DEB          
1 31073U 99025BFT 26282.43478800  .00001403  00000+0  60017-3 0  9997
2 31073  99.1905 152.1440 0044173 142.4982 217.9292 14.26159534 13674
FENGYUN 1C DEB          
1 31074U 99025BFU 26282.20804002  .00002296  00000+0  11394-2 0  9994
2 31074  98.9555 203.6087 0084807 129.4309 231.4410 14.16305280998303
FENGYUN 1C DEB          
1 31078U 99025BFY 26283.41941064  .00000625  00000+0  28002-3 0  9991
2 31078  98.8341 350.0851 0114922   0.6367  58.8754 14.22656619 11312
FENGYUN 1C DEB          
1 31081U 99025BGB 26283.80436414  .00000020  00000+0  37489-4 0  9995
2 31081  98.7589 295.6604 0049187 102.0550  73.0790 14.06348497  6979
FENGYUN 1C DEB          
1 31082U 99025BGC 26281.79214949  .00000824  00000+0  44542-3 0  9998
2 31082  98.6737 285.2337 0069894  64.3964 296.4411 14.13973258  4895
FENGYUN 1C DEB          
1 31083U 99025BGD 26283.10634103  .00011384  00000+0  19253-2 0  9997
2 31083  98.6623  61.7305 0028170  93.4814 321.4810 14.69264571 21186
FENGYUN 1C DEB          
1 31085U 99025BGF 26282.86635600  .00000124  00000+0  63056-4 0  9996
2 31085  98.9541 138.1065 0085968 221.5264 206.9878 14.30457883 20215
FENGYUN 1C DEB          
1 31087U 99025BGH 26282.88568466  .00002982  00000+0  48925-3 0  9996
2 31087  98.0834 301.9842 0169020  66.3178  54.0042 14.62346850 31692
FENGYUN 1C DEB          
1 31088U 99025BGJ 26281.73315787  .00002568  00000+0  99763-3 0  9992
2 31088  99.3962  10.5879 0027025 276.1493 236.0739 14.30663201  8237
FENGYUN 1C DEB          
1 31089U 99025BGK 26279.88699633  .00000320  00000+0  25287-3 0  9995
2 31089  98.9864  55.7372 0205655 122.2055  29.4937 13.88744426721973
FENGYUN 1C DEB          
1 31091U 99025BGM 26279.13495075  .00000138  00000+0  20411-3 0  9991
2 31091  99.2566 242.2520 0287532 293.4577  63.6579 13.54494098656655
FENGYUN 1C DEB          
1 31092U 99025BGN 26281.75849352  .00000817  00000+0  10157-2 0  9993
2 31092  99.7404  34.5146 0328327 115.7284 247.8127 13.47090976959208
FENGYUN 1C DEB          
1 31093U 99025BGP 26283.77882669  .00000315  00000+0  28283-3 0  9999
2 31093  98.5960 100.8223 0208993 124.5579 237.5495 13.80880815986757
FENGYUN 1C DEB          
1 31094U 99025BGQ 26282.38306688  .00001158  00000+0  73511-3 0  9998
2 31094  98.8376 146.8585 0104409 290.7403  68.2599 14.03197470998348
FENGYUN 1C DEB          
1 31095U 99025BGR 26283.53290578  .00000275  00000+0  50391-3 0  9997
2 31095  98.5882  11.4539 0499652 189.4774 169.6633 13.06767961933890
FENGYUN 1C DEB          
1 31097U 99025BGT 26283.13482623  .00006701  00000+0  16600-2 0  9993
2 31097  98.8702  66.5081 0013965  86.9931 329.1023 14.52216553 14056
FENGYUN 1C DEB          
1 31098U 99025BGU 26281.84838743  .00008119  00000+0  17715-2 0  9991
2 31098  98.8795  63.3527 0011803  67.1805 293.0637 14.58094605 13236
FENGYUN 1C DEB          
1 31099U 99025BGV 26282.70003826  .00000364  00000+0  16075-3 0  9997
2 31099  98.9102 186.8147 0063778 127.1728 262.7395 14.28263434 17602
FENGYUN 1C DEB          
1 31146U 99025BGY 26283.61514225  .00001506  00000+0  48937-3 0  9992
2 31146  99.0666 230.7088 0211405  14.4513 346.2588 14.28540237 10656
FENGYUN 1C DEB          
1 31148U 99025BHA 26281.67328657  .00001693  00000+0  45105-3 0  9991
2 31148  98.8392 184.5855 0131046 235.6584 123.2151 14.44966513 18098
FENGYUN 1C DEB          
1 31150U 99025BHC 26283.76386734  .00000173  00000+0  11593-3 0  9992
2 31150  98.6859 288.3550 0015408  26.5429 149.3281 14.12885474  5584
FENGYUN 1C DEB          
1 31151U 99025BHD 26282.51933157  .00002845  00000+0  11393-2 0  9997
2 31151  99.1260 306.2284 0053749 237.5321 122.0656 14.28398356  2650
FENGYUN 1C DEB          
1 31152U 99025BHE 26283.73429469  .00000111  00000+0  49438-4 0  9996
2 31152  98.4434 268.7476 0128457 211.9461 324.3897 14.36019264 23835
FENGYUN 1C DEB          
1 31155U 99025BHH 26281.67762387  .00001438  00000+0  81850-3 0  9995
2 31155  99.0229 356.2262 0088546 241.3725 117.8517 14.09491012998118
FENGYUN 1C DEB          
1 31157U 99025BHK 26282.66093416  .00000277  00000+0  13485-3 0  9996
2 31157  98.5103 260.5051 0099960 168.8568 191.4857 14.22877948 12515
FENGYUN 1C DEB          
1 31158U 99025BHL 26283.06494158  .00002883  00000+0  10047-2 0  9995
2 31158  98.7685  11.3133 0046385 224.6644 135.0801 14.35549544688003
FENGYUN 1C DEB          
1 31160U 99025BHN 26282.42218582 -.00000202  00000+0 -10651-3 0  9999
2 31160  99.0419 340.6744 0058674 147.4734 213.0067 13.99671220738055
FENGYUN 1C DEB          
1 31161U 99025BHP 26283.31097934  .00000251  00000+0  16442-3 0  9991
2 31161  98.7296 300.9939 0067806 215.4909 144.1741 14.09548037  3450
FENGYUN 1C DEB          
1 31163U 99025BHR 26277.52089610  .00000694  00000+0  26761-3 0  9997
2 31163  98.9419 160.0768 0054468 109.7358 250.9711 14.32726498689761
FENGYUN 1C DEB          
1 31165U 99025BHT 26283.50390111  .00003093  00000+0  45525-3 0  9990
2 31165  98.8639  16.1169 0064812  13.0546  50.3040 14.74845859 31882
FENGYUN 1C DEB          
1 31168U 99025BHW 26282.67115998  .00003679  00000+0  57764-3 0  9996
2 31168  98.9283  85.8069 0103613 210.4241 149.0924 14.69779007 35157
FENGYUN 1C DEB          
1 31169U 99025BHX 26282.07079010  .00002950  00000+0  11686-2 0  9998
2 31169  99.1373 327.4461 0056486 230.9865 128.6278 14.28830426613904
FENGYUN 1C DEB          
1 31171U 99025BHZ 26282.17104345  .00004717  00000+0  13312-2 0  9993
2 31171  98.0334 257.2908 0143152 126.4067 296.1739 14.40261740  1453
FENGYUN 1C DEB          
1 31172U 99025BJA 26283.23620992  .00000231  00000+0  91019-4 0  9992
2 31172  98.4310 284.0607 0149973  95.5527 266.2783 14.31734499 19328
FENGYUN 1C DEB          
1 31173U 99025BJB 26277.98215202  .00001694  00000+0  83145-3 0  9996
2 31173  98.2077 347.0176 0062982 295.9965  63.4733 14.17934129681956
FENGYUN 1C DEB          
1 31175U 99025BJD 26282.30078370  .00018312  00000+0  27156-2 0  9997
2 31175  98.3922 295.1052 0056352 302.6791  56.8988 14.74043500700486
FENGYUN 1C DEB          
1 31177U 99025BJF 26282.16544429  .00001832  00000+0  17385-2 0  9998
2 31177  98.7579 171.1116 0297429 247.3913 269.7560 13.64138172703052
FENGYUN 1C DEB          
1 31178U 99025BJG 26282.87862894  .00002491  00000+0  10179-2 0  9992
2 31178  99.5041 314.3033 0123863 183.6884 176.3391 14.24219711   943
FENGYUN 1C DEB          
1 31179U 99025BJH 26282.78892642  .00000695  00000+0  47557-3 0  9992
2 31179  99.0030 299.6723 0213086 258.8382  98.8757 13.92673792661307
FENGYUN 1C DEB          
1 31180U 99025BJJ 26283.61201466  .00000225  00000+0  12846-3 0  9997
2 31180  99.2597  49.7039 0496032 348.3817  20.8583 13.70702755682027
FENGYUN 1C DEB          
1 31181U 99025BJK 26279.02806509  .00000850  00000+0  47700-3 0  9998
2 31181  98.7513 309.9790 0045712 308.4552  80.9742 14.12733995999643
FENGYUN 1C DEB          
1 31182U 99025BJL 26278.92264590  .00000349  00000+0  20225-3 0  9991
2 31182  98.7075 265.1056 0023370  12.2127  17.8784 14.14904184  2584
FENGYUN 1C DEB          
1 31183U 99025BJM 26282.86206226  .00002851  00000+0  69599-3 0  9999
2 31183  99.0474 294.5737 0044249 284.3387 197.4874 14.52936494 18394
FENGYUN 1C DEB          
1 31185U 99025BJP 26279.19920529  .00000413  00000+0  29104-3 0  9992
2 31185  98.8504 272.2092 0040451 357.6065   2.4902 14.03162772665089
FENGYUN 1C DEB          
1 31186U 99025BJQ 26280.61162360  .00000456  00000+0  26710-3 0  9990
2 31186  99.1819 208.5598 0024884 305.3529 179.1572 14.13344762  2771
FENGYUN 1C DEB          
1 31187U 99025BJR 26281.54034771  .00017687  00000+0  22710-2 0  9997
2 31187  99.2159 186.3727 0196614  29.3011 331.9048 14.68579863734889
FENGYUN 1C DEB          
1 31188U 99025BJS 26283.84728214  .00002312  00000+0  97941-3 0  9993
2 31188  98.7286 355.1669 0059306  95.4116 329.7213 14.25448875  6233
FENGYUN 1C DEB          
1 31190U 99025BJU 26283.29495895  .00000647  00000+0  42560-3 0  9997
2 31190  98.8132 292.0081 0068438 135.4633 225.2063 14.04183878997787
FENGYUN 1C DEB          
1 31191U 99025BJV 26281.23106826  .00000699  00000+0  21933-3 0  9991
2 31191  98.7663 195.0562 0092845  24.1154 336.4340 14.41403209 23061
FENGYUN 1C DEB          
1 31192U 99025BJW 26283.72551824  .00000984  00000+0  33810-3 0  9994
2 31192  98.5842 263.9387 0255748 307.3089  50.5023 14.21648624 10007
FENGYUN 1C DEB          
1 31194U 99025BJY 26281.96988770  .00001623  00000+0  54211-3 0  9993
2 31194  98.9413 188.2927 0057224 113.3337 247.3884 14.37969222 14097
FENGYUN 1C DEB          
1 31195U 99025BJZ 26281.94587662  .00000273  00000+0  16103-3 0  9995
2 31195  98.7461 311.6587 0172402  54.5597 307.1531 14.08113139  2911
FENGYUN 1C DEB          
1 31196U 99025BKA 26282.85175056  .00000746  00000+0  32399-3 0  9997
2 31196  98.5194 292.8000 0058829  53.0456 307.6091 14.26075438677864
FENGYUN 1C DEB          
1 31198U 99025BKC 26283.94800558  .00000073  00000+0  10060-3 0  9996
2 31198  98.6073   3.9216 0202982 259.9268  97.8930 13.75587549669081
FENGYUN 1C DEB          
1 31199U 99025BKD 26275.18862362  .00000154  00000+0  10866-3 0  9999
2 31199  98.7453 254.3636 0064512 147.2113 277.2038 14.10164650  2905
FENGYUN 1C DEB          
1 31201U 99025BKF 26282.90860049  .00001095  00000+0  35109-3 0  9993
2 31201  98.9674 161.6105 0139011 187.2839 240.8079 14.36342222 15707
FENGYUN 1C DEB          
1 31202U 99025BKG 26281.94690966  .00008472  00000+0  87441-3 0  9998
2 31202  96.5545 280.0239 0060912 241.5357 148.0978 14.88980782 35373
FENGYUN 1C DEB          
1 31205U 99025BKK 26283.55144812  .00000109  00000+0  59978-4 0  9998
2 31205  99.2404  36.8061 0162426  56.0538 305.5960 14.24126690 15079
FENGYUN 1C DEB          
1 31206U 99025BKL 26283.58872051  .00001086  00000+0  33758-3 0  9997
2 31206  98.8390 206.8043 0075172 183.7993 176.2634 14.41535698 21778
FENGYUN 1C DEB          
1 31208U 99025BKN 26282.47366304  .00006817  00000+0  11809-2 0  9994
2 31208  99.2547 108.8065 0013342  65.0578 325.6893 14.68618226748856
FENGYUN 1C DEB          
1 31209U 99025BKP 26279.54897793  .00005370  00000+0  14522-2 0  9998
2 31209  98.8874  33.7273 0023136 173.8704 186.2775 14.48042889691124
FENGYUN 1C DEB          
1 31210U 99025BKQ 26278.24371622  .00000351  00000+0  21338-3 0  9992
2 31210  98.7296 276.3325 0017604  37.7141  27.4133 14.12324147  1537
FENGYUN 1C DEB          
1 31211U 99025BKR 26282.91272021  .00001300  00000+0  61125-3 0  9998
2 31211  98.6487 317.7154 0048607 298.6375  60.9918 14.21119504675699
FENGYUN 1C DEB          
1 31212U 99025BKS 26278.06989887  .00001389  00000+0  73108-3 0  9996
2 31212  99.1950 323.2564 0073716  60.4983 300.3515 14.14372653998462
FENGYUN 1C DEB          
1 31215U 99025BKV 26283.83643971  .00001873  00000+0  65599-3 0  9994
2 31215  99.0392 147.4788 0067439 161.5408 198.8245 14.35102405  7536
FENGYUN 1C DEB          
1 31217U 99025BKX 26283.75114685  .00000958  00000+0  46372-3 0  9993
2 31217  98.6408 288.5887 0098710  12.1744 348.1784 14.18229101  5965
FENGYUN 1C DEB          
1 31218U 99025BKY 26282.37374698  .00037042  00000+0  35073-2 0  9992
2 31218  98.8378  69.4094 0009125 175.2221 184.9084 14.93477486 14540
FENGYUN 1C DEB          
1 31219U 99025BKZ 26282.53054408  .00001666  00000+0  85675-3 0  9992
2 31219  99.2683 309.0244 0078248  54.1993 306.6419 14.15162047998227
FENGYUN 1C DEB          
1 31222U 99025BLC 26282.27221446  .00010592  00000+0  61137-3 0  9990
2 31222  98.5935  29.1078 0150130 159.6541 201.0751 15.03431979 44915
FENGYUN 1C DEB          
1 31223U 99025BLD 26283.94305095  .00005401  00000+0  42041-2 0  9994
2 31223  99.0410 160.9228 0247124 316.4287  41.7579 13.79497004968926
FENGYUN 1C DEB          
1 31224U 99025BLE 26283.78643814  .00000938  00000+0  33718-3 0  9993
2 31224  98.3944 269.3106 0156587 351.5580 129.2732 14.29499857735657
FENGYUN 1C DEB          
1 31225U 99025BLF 26282.70035544  .00001999  00000+0  93627-3 0  9993
2 31225  98.9758   4.7402 0087992 212.1565 302.3435 14.19369016   892
FENGYUN 1C DEB          
1 31226U 99025BLG 26281.19383709  .00000438  00000+0  18051-3 0  9990
2 31226  98.3635 272.7731 0127686  35.2025 325.7508 14.27104959663249
FENGYUN 1C DEB          
1 31228U 99025BLJ 26283.07361306  .00000952  00000+0  32158-3 0  9995
2 31228  98.8692 209.2570 0076400 277.8568 204.5964 14.37738632 18952
FENGYUN 1C DEB          
1 31229U 99025BLK 26282.67127601  .00001710  00000+0  76111-3 0  9999
2 31229  98.8544   4.6688 0053802 152.0314 208.3774 14.23426664  3577
FENGYUN 1C DEB          
1 31231U 99025BLM 26283.30327656  .00022704  00000+0  21573-2 0  9992
2 31231  98.8630 120.2061 0115645 229.5112 129.5979 14.88519681674901
FENGYUN 1C DEB          
1 31234U 99025BLQ 26279.26174961  .00000389  00000+0  24640-3 0  9998
2 31234  98.8046 270.7275 0074633 108.2710 252.6599 14.08262660769074
FENGYUN 1C DEB          
1 31235U 99025BLR 26281.61182688  .00007047  00000+0  26677-2 0  9995
2 31235  98.4452  62.7725 0168450 225.7314 132.9941 14.23939561674284
FENGYUN 1C DEB          
1 31236U 99025BLS 26282.77664655  .00004086  00000+0  23416-2 0  9991
2 31236  98.5429 218.0771 0304378 300.3053  56.8317 13.89170926652008
FENGYUN 1C DEB          
1 31237U 99025BLT 26283.26777786  .00000716  00000+0  27044-3 0  9995
2 31237  98.4666 279.5961 0087952 175.2919 184.9112 14.32107978 15768
FENGYUN 1C DEB          
1 31239U 99025BLV 26282.91606204  .00000467  00000+0  28444-3 0  9992
2 31239  98.7769 275.2360 0050696  67.1070 323.0581 14.10200904  2542
FENGYUN 1C DEB          
1 31240U 99025BLW 26264.79975256  .00000496  00000+0  30313-3 0  9996
2 31240  98.7566 266.4975 0044359 297.0707 236.8606 14.09942952260856
FENGYUN 1C DEB          
1 31241U 99025BLX 26282.44614952  .00000651  00000+0  21963-3 0  9996
2 31241  99.2662  97.8318 0066100  23.1655 337.2487 14.39515818 19940
FENGYUN 1C DEB          
1 31243U 99025BLZ 26282.04145834  .00000784  00000+0  47803-3 0  9990
2 31243  98.7235 317.4384 0065324  42.7537 317.8688 14.07802718735326
FENGYUN 1C DEB          
1 31244U 99025BMA 26283.40296052  .00000565  00000+0  35027-3 0  9993
2 31244  99.0003 350.8629 0101925  53.5397 307.5113 14.06612702618802
FENGYUN 1C DEB          
1 31246U 99025BMC 26275.78769277  .00002014  00000+0  10814-2 0  9998
2 31246  98.7915 120.8771 0142660 235.5350 123.2273 14.09003805658914
FENGYUN 1C DEB          
1 31247U 99025BMD 26283.52244902  .00000373  00000+0  25437-3 0  9997
2 31247  99.3395 186.2130 0059047 315.1043 219.8721 14.05693917997606
FENGYUN 1C DEB          
1 31248U 99025BME 26282.12265507  .00000579  00000+0  45586-3 0  9992
2 31248  99.2319 344.2776 0110347 216.7375 172.8248 13.93179227990063
FENGYUN 1C DEB          
1 31250U 99025BMG 26283.81602241  .00001431  00000+0  86151-3 0  9993
2 31250  98.3713 115.3947 0131581 161.8657 198.7270 14.03932062997556
FENGYUN 1C DEB          
1 31252U 99025BMJ 26282.83867056  .00001110  00000+0  27746-3 0  9992
2 31252  98.3015 298.3280 0210817 344.4943  14.9852 14.41036560 15435
FENGYUN 1C DEB          
1 31253U 99025BMK 26283.44976473  .00000304  00000+0  15477-3 0  9997
2 31253  99.0420 352.8142 0288432 332.1975  26.4025 14.03912529732313
FENGYUN 1C DEB          
1 31254U 99025BML 26283.41271962  .00000806  00000+0  25242-3 0  9994
2 31254  98.4230 332.3924 0150166  22.3942 351.3244 14.37094385 17295
FENGYUN 1C DEB          
1 31255U 99025BMM 26282.75735801  .00000624  00000+0  27317-3 0  9991
2 31255  99.3117 115.7957 0268749 224.6121 133.3139 14.10201131  9799
FENGYUN 1C DEB          
1 31256U 99025BMN 26283.37901120  .00003986  00000+0  16058-2 0  9993
2 31256  98.6565 123.4194 0301626 343.9660  15.2120 14.06693218692188
FENGYUN 1C DEB          
1 31259U 99025BMR 26283.53149999  .00001773  00000+0  89457-3 0  9998
2 31259  98.9999  10.8532 0062552  62.0357  72.2366 14.16588763998402
FENGYUN 1C DEB          
1 31260U 99025BMS 26282.71875825  .00001549  00000+0  52373-3 0  9991
2 31260  98.9412 196.6944 0046608 123.8913 266.6540 14.37759186 15137
FENGYUN 1C DEB          
1 31261U 99025BMT 26283.72250114  .00001894  00000+0  58727-3 0  9994
2 31261  99.0451 258.9836 0051327  61.0687 299.5635 14.41647675 16955
FENGYUN 1C DEB          
1 31262U 99025BMU 26282.75369074  .00002220  00000+0  10528-2 0  9993
2 31262  98.9959  15.7519 0052155 317.9168 193.9298 14.19909139999785
FENGYUN 1C DEB          
1 31264U 99025BMW 26282.71377847  .00000699  00000+0  35610-3 0  9996
2 31264  99.0958 192.7859 0001254  55.8826 333.4635 14.19171254  6755
FENGYUN 1C DEB          
1 31266U 99025BMY 26283.80085514  .00000321  00000+0  15117-3 0  9998
2 31266  99.2766 287.4630 0130350 144.3433  30.2737 14.22677750 14775
FENGYUN 1C DEB          
1 31268U 99025BNA 26274.32825304  .00000697  00000+0  43800-3 0  9992
2 31268  98.7313 311.7151 0048976  81.2705 279.4007 14.06973820661461
FENGYUN 1C DEB          
1 31269U 99025BNB 26283.40771057  .00004548  00000+0  89831-3 0  9990
2 31269  98.1465 155.5464 0231860  73.8535  99.0562 14.47171479  8360
FENGYUN 1C DEB          
1 31272U 99025BNE 26283.95272706  .00000973  00000+0  42356-3 0  9990
2 31272  99.0539 170.1252 0105711 327.9848  31.4935 14.23525915 12797
FENGYUN 1C DEB          
1 31274U 99025BNG 26283.31335253  .00000533  00000+0  39828-3 0  9991
2 31274  99.0223  96.6347 0239573  15.4141 345.4152 13.86162938983847
FENGYUN 1C DEB          
1 31275U 99025BNH 26283.86957965  .00000865  00000+0  55784-3 0  9999
2 31275  98.9164 326.4207 0103028 231.4657 127.7241 14.03101105997222
FENGYUN 1C DEB          
1 31279U 99025BNM 26280.25374402  .00000701  00000+0  29749-3 0  9993
2 31279  98.5171 285.5571 0073576  24.8513 335.6183 14.26945962 14630
FENGYUN 1C DEB          
1 31281U 99025BNP 26282.44422836  .00050724  00000+0  10774-2 0  9991
2 31281  98.4043 101.4820 0066037 131.4723 229.2218 15.42498654 42970
FENGYUN 1C DEB          
1 31282U 99025BNQ 26283.67303229  .00000407  00000+0  12288-3 0  9998
2 31282  99.2356 231.0799 0127993 115.7410 245.7054 14.43861235 14675
FENGYUN 1C DEB          
1 31284U 99025BNS 26283.12450773  .00000711  00000+0  48829-3 0  9995
2 31284  99.7343  40.4103 0141502 327.2567  31.9882 13.98450785993745
FENGYUN 1C DEB          
1 31285U 99025BNT 26283.75918002  .00000606  00000+0  21994-3 0  9996
2 31285  98.5538 261.7836 0199585  23.2764  97.0133 14.26412213 15884
FENGYUN 1C DEB          
1 31286U 99025BNU 26283.70077683  .00003864  00000+0  15984-2 0  9993
2 31286 100.8597 249.9876 0073855 183.0456 177.0276 14.25983817683197
FENGYUN 1C DEB          
1 31287U 99025BNV 26282.67633008  .00002245  00000+0  88800-3 0  9998
2 31287  99.3902   6.8500 0026664 275.9060  83.9081 14.29898649  9803
FENGYUN 1C DEB          
1 31293U 99025BPB 26283.76563652  .00000113  00000+0  54303-4 0  9997
2 31293  98.4242 287.3045 0127439  71.9258 289.5761 14.30923892695634
FENGYUN 1C DEB          
1 31294U 99025BPC 26282.91488105  .00000442  00000+0  23496-3 0  9996
2 31294  98.5638 271.4276 0098719 194.5166 165.3169 14.15763491 11144
FENGYUN 1C DEB          
1 31295U 99025BPD 26283.73050210  .00000293  00000+0  23114-3 0  9991
2 31295  98.3407  85.3138 0078699 124.3639 236.5002 13.96922305997191
FENGYUN 1C DEB          
1 31296U 99025BPE 26283.59935367  .00049718  00000+0  46541-2 0  9994
2 31296  99.0568 243.5420 0017296 357.0186   3.0924 14.93758155 18189
FENGYUN 1C DEB          
1 31297U 99025BPF 26283.27539530  .00000865  00000+0  17809-3 0  9998
2 31297  98.9743  87.9899 0136068 286.1386 198.0894 14.57980835 36932
FENGYUN 1C DEB          
1 31300U 99025BPJ 26282.77540947  .00001900  00000+0  96421-3 0  9999
2 31300  99.5392  28.1148 0058915 298.3987 215.4891 14.16438429  4112
FENGYUN 1C DEB          
1 31302U 99025BPL 26282.15419916  .00002039  00000+0  81959-3 0  9998
2 31302  99.3954 352.2965 0026015 273.8607 115.1258 14.29210431  6083
FENGYUN 1C DEB          
1 31303U 99025BPM 26283.78138442  .00000058  00000+0  55703-4 0  9999
2 31303  98.6934 295.5152 0011528  24.2476 335.9236 14.11135740  5724
FENGYUN 1C DEB          
1 31311U 99025BPP 26283.21683642  .00002652  00000+0  10063-2 0  9993
2 31311  98.8449  14.8907 0017395 275.9036 137.8259 14.31870608  5300
FENGYUN 1C DEB          
1 31312U 99025BPQ 26282.42120370  .00000619  00000+0  43350-3 0  9997
2 31312  98.8828 264.6204 0059705 119.5551  34.1865 14.01190319993560
FENGYUN 1C DEB          
1 31313U 99025BPR 26282.22673170  .00000379  00000+0  18831-3 0  9996
2 31313  99.0019 197.7180 0045848  41.4937 318.9706 14.22611379 13094
FENGYUN 1C DEB          
1 31314U 99025BPS 26278.24711812  .00000238  00000+0  16965-3 0  9990
2 31314  98.8423 269.4851 0077284 246.1020 113.2037 14.05166489649781
FENGYUN 1C DEB          
1 31319U 99025BPX 26283.43127838  .00000093  00000+0  12311-3 0  9991
2 31319  98.7932 164.9312 0170038   2.0610 173.3125 13.75917619978365
FENGYUN 1C DEB          
1 31320U 99025BPY 26274.22642550  .00001980  00000+0  85360-3 0  9993
2 31320  98.3142  75.7648 0097540 329.3737  30.1770 14.23048805645147
FENGYUN 1C DEB          
1 31321U 99025BPZ 26283.93623496  .00000162  00000+0  10726-3 0  9995
2 31321  98.7083   0.3943 0030260  39.7362 320.6020 14.13965014616546
FENGYUN 1C DEB          
1 31322U 99025BQA 26283.37831231  .00000153  00000+0  17032-3 0  9999
2 31322  98.5325 320.3892 0237273 282.0218 143.9796 13.73121763664154
FENGYUN 1C DEB          
1 31323U 99025BQB 26282.44509969  .00001984  00000+0  79491-3 0  9997
2 31323  99.3993 349.2990 0029517 296.8320  62.9842 14.29345800682740
FENGYUN 1C DEB          
1 31324U 99025BQC 26282.67315931  .00000128  00000+0  89417-4 0  9996
2 31324  99.1357 215.9366 0049713 173.7022 186.4786 14.14851735  6226
FENGYUN 1C DEB          
1 31325U 99025BQD 26282.01297400  .00002365  00000+0  11319-2 0  9994
2 31325  98.9934  24.8949 0069589  87.8987 273.0155 14.18773349640334
FENGYUN 1C DEB          
1 31327U 99025BQF 26283.38747309  .00029519  00000+0  10790-2 0  9997
2 31327  98.9553 345.9332 0062456  80.4502 280.3782 15.26187832 46786
FENGYUN 1C DEB          
1 31328U 99025BQG 26283.63500458  .00000131  00000+0  64572-4 0  9996
2 31328  98.5229 255.0255 0105095  49.2106 311.8136 14.29067197 17434
FENGYUN 1C DEB          
1 31329U 99025BQH 26282.87862401  .00004551  00000+0  72754-3 0  9991
2 31329  98.9039 301.2416 0050005 230.7212 128.9551 14.71569645 70390
FENGYUN 1C DEB          
1 31331U 99025BQK 26283.29954924  .00000002  00000+0  29441-4 0  9996
2 31331  98.8601 305.3642 0054043  67.2269 293.4594 14.00778841680781
FENGYUN 1C DEB          
1 31332U 99025BQL 26281.88125211  .00000889  00000+0  49798-3 0  9998
2 31332  98.7039 288.6152 0048015 250.2291 228.5151 14.12649192  2040
FENGYUN 1C DEB          
1 31333U 99025BQM 26281.24497106  .00000778  00000+0  31842-3 0  9992
2 31333  98.4212 289.8530 0096232 225.2560 134.0760 14.27400797  8426
FENGYUN 1C DEB          
1 31336U 99025BQQ 26283.91863877  .00000644  00000+0  21209-3 0  9991
2 31336  98.4256 339.4896 0091128 293.9984 240.2488 14.39200381 21225
FENGYUN 1C DEB          
1 31338U 99025BQS 26283.84809230  .00004458  00000+0  19274-2 0  9993
2 31338  98.6981 125.3283 0072244 317.7258  41.8365 14.23480351679524
FENGYUN 1C DEB          
1 31339U 99025BQT 26283.28761206  .00000981  00000+0  53468-3 0  9993
2 31339  98.7019 296.5823 0074064 185.5785 174.4571 14.13014610999355
FENGYUN 1C DEB          
1 31341U 99025BQV 26283.48363837  .00004180  00000+0  94390-3 0  9990
2 31341  99.5347  12.0799 0052468 169.5813 253.8505 14.56078584 20061
FENGYUN 1C DEB          
1 31342U 99025BQW 26281.17004055  .00000215  00000+0  83123-4 0  9997
2 31342  98.9756 254.5380 0112778  59.4674 301.7585 14.37005381 21843
FENGYUN 1C DEB          
1 31345U 99025BQZ 26282.19675674  .00001963  00000+0  10390-2 0  9999
2 31345  98.0956 272.2973 0066614 292.7264  66.6880 14.13602924997452
FENGYUN 1C DEB          
1 31346U 99025BRA 26282.53772511  .00016751  00000+0  67479-3 0  9998
2 31346  98.8749 305.5223 0091009  88.7343 272.4313 15.21143523 40458
FENGYUN 1C DEB          
1 31348U 99025BRC 26281.74203795  .00001851  00000+0  65219-3 0  9990
2 31348  99.1534 255.0647 0032496 272.3048 211.8101 14.35832316  5444
FENGYUN 1C DEB          
1 31349U 99025BRD 26281.90128255  .00001421  00000+0  87832-3 0  9994
2 31349  99.2517 322.9105 0070403 133.4717 227.2334 14.05781124671535
FENGYUN 1C DEB          
1 31350U 99025BRE 26279.32912061  .00000645  00000+0  23474-3 0  9994
2 31350  98.9706 107.9549 0065584 334.1374  25.6536 14.35571989745220
FENGYUN 1C DEB          
1 31351U 99025BRF 26283.17362200  .00000447  00000+0  28217-3 0  9997
2 31351  98.8242 267.3280 0091544 283.7283  75.3709 14.07229927656148
FENGYUN 1C DEB          
1 31353U 99025BRH 26282.07680588  .00000838  00000+0  25956-3 0  9990
2 31353  99.0092 222.9306 0224669 274.2588  83.2951 14.30752329  7163
FENGYUN 1C DEB          
1 31356U 99025BRL 26279.67321347  .00014801  00000+0  17422-2 0  9993
2 31356  98.6544  67.6005 0023606  40.4838 319.8125 14.84735452695297
FENGYUN 1C DEB          
1 31357U 99025BRM 26282.35891388 -.00000009  00000+0  15516-4 0  9990
2 31357  98.5804 309.0628 0050647 144.1436 285.8774 14.18559051  9557
FENGYUN 1C DEB          
1 31359U 99025BRP 26278.05057189  .00004436  00000+0  18892-2 0  9992
2 31359  99.0787  30.6270 0072570 163.7792 196.5732 14.24265706 28175
FENGYUN 1C DEB          
1 31360U 99025BRQ 26279.75793548  .00002907  00000+0  14378-2 0  9994
2 31360  97.9770 111.7629 0102343  81.1422 280.1326 14.15268692674117
FENGYUN 1C DEB          
1 31361U 99025BRR 26277.17658739  .00000117  00000+0  77289-4 0  9994
2 31361  98.5886 247.1885 0044046 299.6639  60.0154 14.17884405  7316
FENGYUN 1C DEB          
1 31362U 99025BRS 26282.19393087  .00000143  00000+0  91507-4 0  9993
2 31362  98.6726 274.0051 0017448 315.9056  44.0728 14.17552043  8226
FENGYUN 1C DEB          
1 31364U 99025BRU 26282.59949682  .00003102  00000+0  14980-2 0  9993
2 31364  99.2701  59.3547 0087798  21.1347 339.3419 14.17374677991353
FENGYUN 1C DEB          
1 31365U 99025BRV 26282.71653741  .00003589  00000+0  10332-2 0  9992
2 31365  98.6694  18.2465 0038525  41.5625 318.8483 14.44948281  9610
FENGYUN 1C DEB          
1 31367U 99025BRX 26282.71752053  .00000880  00000+0  23410-3 0  9993
2 31367  98.7234 192.0517 0096502 188.2214 202.2301 14.48497768 28028
FENGYUN 1C DEB          
1 31368U 99025BRY 26271.34034743  .00000864  00000+0  38278-3 0  9990
2 31368  99.1274 112.1622 0044668 179.2783 180.8467 14.25347975685870
FENGYUN 1C DEB          
1 31369U 99025BRZ 26279.23291375  .00000234  00000+0  12879-3 0  9993
2 31369  98.6517 258.1531 0055346 159.1603 216.4665 14.19685447685483
FENGYUN 1C DEB          
1 31370U 99025BSA 26282.73440448  .00000291  00000+0  18811-3 0  9996
2 31370  98.7659 279.7708 0034023 163.5039 196.7247 14.10026401  5076
FENGYUN 1C DEB          
1 31371U 99025BSB 26283.33133112  .00000564  00000+0  36491-3 0  9998
2 31371  98.7389 310.6526 0078893 120.5840 240.3141 14.05138376999818
FENGYUN 1C DEB          
1 31372U 99025BSC 26281.50412810  .00001731  00000+0  70786-3 0  9993
2 31372  99.3777 299.3319 0030984 298.7859  61.0209 14.28467717  1228
FENGYUN 1C DEB          
1 31374U 99025BSE 26283.29770137  .00006943  00000+0  20796-2 0  9997
2 31374  99.6420  95.1961 0136111 197.8295 161.8088 14.37938284  3032
FENGYUN 1C DEB          
1 31376U 99025BSG 26283.57807904  .00007961  00000+0  14083-2 0  9996
2 31376  98.8415 226.9416 0047692  55.5536 305.0159 14.66914718 25584
FENGYUN 1C DEB          
1 31378U 99025BSJ 26281.79022349  .00000524  00000+0  49675-3 0  9996
2 31378 100.7480 216.4318 0166884 162.0692 198.6440 13.80554775983634
FENGYUN 1C DEB          
1 31381U 99025BSM 26280.46118998  .00000832  00000+0  23457-3 0  9991
2 31381  98.4757   5.0891 0195239 219.2898 139.3985 14.37966276 16892
FENGYUN 1C DEB          
1 31383U 99025BSP 26278.41491006  .00001014  00000+0  60932-3 0  9991
2 31383  99.0399 345.2345 0108222 210.5565 209.7420 14.06294664995384
FENGYUN 1C DEB          
1 31384U 99025BSQ 26282.83233432  .00003654  00000+0  14639-2 0  9994
2 31384  98.4790 226.9843 0429227 291.2417  89.7963 13.88688573972001
FENGYUN 1C DEB          
1 31385U 99025BSR 26283.55620815  .00000468  00000+0  13673-3 0  9998
2 31385  98.9615  34.5534 0132342 236.8619 135.2743 14.44340726 29724
FENGYUN 1C DEB          
1 31386U 99025BSS 26281.95957358  .00001526  00000+0  11421-2 0  9990
2 31386  98.4431 272.8356 0194843 178.7323 181.4370 13.87390060980238
FENGYUN 1C DEB          
1 31387U 99025BST 26283.95352182  .00000536  00000+0  23332-3 0  9992
2 31387  99.1278 174.7347 0241847  40.3456 321.5382 14.13870003  5580
FENGYUN 1C DEB          
1 31388U 99025BSU 26283.20062679  .00000244  00000+0  16825-3 0  9995
2 31388  98.8327 268.9942 0047973  74.2009 348.1783 14.07560072  6769
FENGYUN 1C DEB          
1 31389U 99025BSV 26282.51055389  .00017724  00000+0  27344-2 0  9997
2 31389  99.0347 124.1578 0026394 340.5000  49.6777 14.73203854  9020
FENGYUN 1C DEB          
1 31410U 99025BSW 26283.75444866  .00001514  00000+0  40641-3 0  9997
2 31410  98.8595 103.2528 0109481 102.7653 271.1399 14.46194798 21113
FENGYUN 1C DEB          
1 31411U 99025BSX 26283.41217684  .00000589  00000+0  23835-3 0  9994
2 31411  98.6329 346.9895 0102247  92.4804 329.1262 14.28519833987863
FENGYUN 1C DEB          
1 31412U 99025BSY 26282.77842626  .00001543  00000+0  85258-3 0  9991
2 31412  98.5613 217.3547 0079280 196.9377 162.9146 14.11236750652363
FENGYUN 1C DEB          
1 31415U 99025BTB 26256.17948472  .00001949  00000+0  72711-3 0  9995
2 31415  99.6686 243.7066 0062332  13.5582 346.7255 14.32213099667575
FENGYUN 1C DEB          
1 31416U 99025BTC 26280.42586028  .00000522  00000+0  16017-3 0  9999
2 31416  99.0156 352.4054 0133575  89.1769 272.4720 14.41187252698219
FENGYUN 1C DEB          
1 31419U 99025BTF 26272.81873999  .00004365  00000+0  63159-3 0  9990
2 31419  98.7810 115.2088 0037931   6.9232 353.2491 14.76242533693151
FENGYUN 1C DEB          
1 31420U 99025BTG 26281.11473918  .00000704  00000+0  20445-3 0  9996
2 31420  97.5217 149.2517 0135408 125.3631  25.8193 14.41635651693062
FENGYUN 1C DEB          
1 31422U 99025BTJ 26276.92984100  .00000344  00000+0  21862-3 0  9995
2 31422  98.7763 271.2944 0034051 183.0191 208.1512 14.09935595998217
FENGYUN 1C DEB          
1 31423U 99025BTK 26282.16682005  .00000156  00000+0  87484-4 0  9992
2 31423  98.6175 261.0577 0037276  44.0937 316.3203 14.23145063 11819
FENGYUN 1C DEB          
1 31424U 99025BTL 26276.80219374  .00000242  00000+0  15834-3 0  9997
2 31424  98.4466 307.6908 0092844 345.9929  13.8669 14.08560918673241
FENGYUN 1C DEB          
1 31426U 99025BTN 26283.63995782  .00001631  00000+0  86500-3 0  9993
2 31426  98.6081  64.3581 0320170  72.9561 303.7225 13.91690994977703
FENGYUN 1C DEB          
1 31427U 99025BTP 26282.80590659  .00011202  00000+0  20732-2 0  9995
2 31427  98.6875  51.9324 0028962 168.4158 191.7716 14.65251285 12820
FENGYUN 1C DEB          
1 31428U 99025BTQ 26283.25556755  .00001698  00000+0  50592-3 0  9991
2 31428  99.0636 278.2576 0062398 343.2455  29.2212 14.43427358 18192
FENGYUN 1C DEB          
1 31429U 99025BTR 26281.95323008  .00001147  00000+0  52212-3 0  9990
2 31429  98.6592 331.4622 0013154 270.4301 213.0741 14.23607263  2129
FENGYUN 1C DEB          
1 31430U 99025BTS 26282.65962523  .00001362  00000+0  57843-3 0  9995
2 31430  98.7191 349.6873 0026421 242.0641 271.5033 14.26766486  4074
FENGYUN 1C DEB          
1 31431U 99025BTT 26282.13085054  .00001326  00000+0  79617-3 0  9997
2 31431  98.5171 157.0148 0133267 329.8123  29.5413 14.04222484987460
FENGYUN 1C DEB          
1 31433U 99025BTV 26282.18038282  .00002466  00000+0  96189-3 0  9994
2 31433  98.3940 179.0135 0092543 226.8018 290.1836 14.28191071998374
FENGYUN 1C DEB          
1 31435U 99025BTX 26282.82316465  .00000338  00000+0  82313-4 0  9990
2 31435  99.0372 123.5765 0148012 353.1982   6.7200 14.53897167 26873
FENGYUN 1C DEB          
1 31437U 99025BTZ 26282.23720639  .00003860  00000+0  10895-2 0  9996
2 31437  98.8591  20.9352 0014163  83.3704 276.9098 14.46251161  8359
FENGYUN 1C DEB          
1 31439U 99025BUB 26282.77830168  .00000700  00000+0  49859-3 0  9999
2 31439  98.9211 284.3465 0137951  53.7223 121.3704 13.96143664674325
FENGYUN 1C DEB          
1 31440U 99025BUC 26275.23094104  .00002407  00000+0  78285-3 0  9997
2 31440  98.7413  13.4050 0039282 190.4892 169.5480 14.39284282  4837
FENGYUN 1C DEB          
1 31441U 99025BUD 26283.59820971  .00143038  00000+0  93032-2 0  9997
2 31441  99.2802 204.3361 0059422  95.9281 264.8718 15.05848498685861
FENGYUN 1C DEB          
1 31442U 99025BUE 26281.06180354  .00000532  00000+0  19730-3 0  9997
2 31442  98.5178   7.8566 0078361 203.6716 156.0857 14.34501922 16512
FENGYUN 1C DEB          
1 31443U 99025BUF 26283.62956404  .00004065  00000+0  82428-3 0  9998
2 31443  99.2298  56.6890 0182978 277.3818  80.6615 14.51837091713186
FENGYUN 1C DEB          
1 31444U 99025BUG 26282.17679944  .00008710  00000+0  11587-2 0  9997
2 31444  98.9431 260.3095 0048916 211.2933 148.5362 14.79159881 18489
FENGYUN 1C DEB          
1 31447U 99025BUK 26278.38099237  .00000511  00000+0  18583-3 0  9994
2 31447  98.9556 331.1296 0229317 220.0787 138.3278 14.24329991690740
FENGYUN 1C DEB          
1 31448U 99025BUL 26281.23965650  .00000893  00000+0  36501-3 0  9997
2 31448  98.4952 289.6258 0059524  45.6133 314.9901 14.28683784685799
FENGYUN 1C DEB          
1 31449U 99025BUM 26283.91503885  .00000429  00000+0  15076-3 0  9992
2 31449  98.5140 343.4901 0145747  93.4040 268.3829 14.34035983 19437
FENGYUN 1C DEB          
1 31451U 99025BUP 26281.38619588  .00000365  00000+0  21397-3 0  9994
2 31451  98.7290 321.9401 0032256  80.5927 292.7181 14.13958118  1754
FENGYUN 1C DEB          
1 31452U 99025BUQ 26281.42543154  .00000425  00000+0  23734-3 0  9999
2 31452  98.6868 265.1915 0040215 352.9578   7.1026 14.15541981  4438
FENGYUN 1C DEB          
1 31455U 99025BUT 26281.16758084  .00000267  00000+0  13772-3 0  9998
2 31455  98.6044 261.9107 0215891 276.6357  81.0286 14.11734623  3256
FENGYUN 1C DEB          
1 31456U 99025BUU 26282.58119999  .00001711  00000+0  50153-3 0  9991
2 31456  98.5894  32.1333 0068084 130.6300 230.0838 14.43853544 17988
FENGYUN 1C DEB          
1 31459U 99025BUX 26281.95797436  .00003330  00000+0  88656-3 0  9990
2 31459  98.1573 184.1003 0090395 298.3360  60.8738 14.46755420688957
FENGYUN 1C DEB          
1 31462U 99025BVA 26279.84601942  .00000334  00000+0  19938-3 0  9993
2 31462  98.6759 294.3697 0033352  76.5570  49.7010 14.13321999   416
FENGYUN 1C DEB          
1 31463U 99025BVB 26279.81289177  .00000505  00000+0  14585-3 0  9996
2 31463  99.0997 283.7230 0209793 245.3417 112.5792 14.37752071690024
FENGYUN 1C DEB          
1 31464U 99025BVC 26283.36073211  .00000338  00000+0  20323-3 0  9993
2 31464  98.7559 328.9821 0044888 106.1511 314.5553 14.12749239989388
FENGYUN 1C DEB          
1 31466U 99025BVE 26277.57048837  .00000086  00000+0  43803-4 0  9996
2 31466  99.1109 220.6580 0298713 186.6018 173.1183 14.18793397  4699
FENGYUN 1C DEB          
1 31467U 99025BVF 26283.37824074  .00002064  00000+0  12642-2 0  9990
2 31467  98.5745 138.5575 0150519 237.4825 121.1722 14.01391892 39700
FENGYUN 1C DEB          
1 31468U 99025BVG 26283.76578978  .00001426  00000+0  33921-3 0  9998
2 31468  98.1868 274.8188 0163346 323.8382  35.1853 14.47612931717406
FENGYUN 1C DEB          
1 31471U 99025BVK 26278.41563452  .00001972  00000+0  90339-3 0  9991
2 31471  97.9540 136.1878 0143827 209.6443 149.6527 14.16992451681763
FENGYUN 1C DEB          
1 31473U 99025BVM 26283.86516838  .00002603  00000+0  97238-3 0  9991
2 31473  98.5209 316.3507 0063837 202.7117 331.8381 14.31565706738413
FENGYUN 1C DEB          
1 31474U 99025BVN 26283.91257922  .00001736  00000+0  95468-3 0  9993
2 31474  99.1301 340.0530 0069764  81.2726 279.6339 14.11807333992322
FENGYUN 1C DEB          
1 31475U 99025BVP 26283.50792290  .00002199  00000+0  56124-3 0  9991
2 31475  98.9131 189.6968 0206373 295.8072  62.1953 14.39714548  3469
FENGYUN 1C DEB          
1 31476U 99025BVQ 26279.93453065  .00001418  00000+0  63439-3 0  9998
2 31476  98.8831   1.1774 0049747  34.7562 325.6849 14.23570177999403
FENGYUN 1C DEB          
1 31477U 99025BVR 26282.43459387 -.00000043  00000+0  88232-6 0  9996
2 31477  98.9115 270.4989 0108221 270.9770  87.8998 14.03109132996201
FENGYUN 1C DEB          
1 31480U 99025BVU 26283.78466233  .00003118  00000+0  15285-2 0  9996
2 31480  98.3281 109.9516 0337341 100.0163 263.9238 13.92667588975966
FENGYUN 1C DEB          
1 31482U 99025BVW 26282.24033657  .00001029  00000+0  34759-3 0  9995
2 31482  98.3885 283.1157 0089680 104.3066 317.4330 14.36674177 14360
FENGYUN 1C DEB          
1 31483U 99025BVX 26283.49054943  .00004561  00000+0  20663-2 0  9997
2 31483 102.5137   0.3878 0121590 189.7780 183.6791 14.18902290989821
FENGYUN 1C DEB          
1 31484U 99025BVY 26282.40558340  .00012900  00000+0  24784-2 0  9992
2 31484 101.8063 348.4345 0065409  51.4743 309.2285 14.62514519686186
FENGYUN 1C DEB          
1 31485U 99025BVZ 26283.94879638  .00004698  00000+0  47227-2 0  9991
2 31485 102.7032 193.7994 0447580  24.7197 337.4672 13.41509169944950
FENGYUN 1C DEB          
1 31487U 99025BWB 26282.27404322  .00001011  00000+0  70973-3 0  9993
2 31487 102.4011 200.4565 0117856 301.2896 210.6322 13.98767603986125
FENGYUN 1C DEB          
1 31491U 99025BWE 26282.24670774  .00001833  00000+0  89188-3 0  9991
2 31491  99.3010 210.1729 0049531 136.0388 224.4743 14.18916034679875
FENGYUN 1C DEB          
1 31492U 99025BWF 26281.50146099  .00013224  00000+0  15929-2 0  9996
2 31492  98.8530 122.2009 0048579 143.5007 216.9531 14.83164765  9127
FENGYUN 1C DEB          
1 31493U 99025BWG 26283.68557022  .00000671  00000+0  51972-3 0  9991
2 31493 100.1603 263.5933 0118168 100.4981 260.9515 13.93594275640716
FENGYUN 1C DEB          
1 31495U 99025BWJ 26283.94131002  .00002426  00000+0  94083-3 0  9998
2 31495  99.0935 176.0804 0027648  23.8321 336.4133 14.30753217677108
FENGYUN 1C DEB          
1 31497U 99025BWL 26275.73521735  .00000156  00000+0  55614-4 0  9990
2 31497  98.4010 258.1182 0167098 179.3758 355.7788 14.39590374 17204
FENGYUN 1C DEB          
1 31498U 99025BWM 26282.78198556  .00001732  00000+0  14670-2 0  9991
2 31498  98.5013 227.7064 0219990  50.9994 311.0526 13.78192803968796
FENGYUN 1C DEB          
1 31499U 99025BWN 26280.16449347  .00002279  00000+0  10905-2 0  9993
2 31499  97.6576  47.2330 0250619  51.0331 311.2881 14.04690849665559
FENGYUN 1C DEB          
1 31502U 99025BWR 26281.23038900  .00001874  00000+0  94837-3 0  9993
2 31502  99.0838  22.0709 0070518 105.5811 255.3160 14.16101637648114
FENGYUN 1C DEB          
1 31503U 99025BWS 26282.59423243  .00001390  00000+0  62558-3 0  9990
2 31503 100.0786 197.2661 0050512  71.2832 289.3815 14.23625794685260
FENGYUN 1C DEB          
1 31507U 99025BWW 26283.87165980  .00001293  00000+0  29758-3 0  9994
2 31507  98.1633 313.6416 0114130 225.3798 310.5108 14.53192073 24041
FENGYUN 1C DEB          
1 31508U 99025BWX 26282.30161593  .00009972  00000+0  16375-2 0  9990
2 31508  98.6442  51.8078 0029265 111.5646 248.8681 14.70578414 13236
FENGYUN 1C DEB          
1 31509U 99025BWY 26282.60666551  .00002378  00000+0  15019-2 0  9995
2 31509  99.0402  41.0165 0192415 114.2601 247.8795 13.96360129981592
FENGYUN 1C DEB          
1 31510U 99025BWZ 26283.24952757  .00000656  00000+0  29562-3 0  9990
2 31510  98.5658 279.9717 0037224 168.9146 256.6298 14.25147814  6997
FENGYUN 1C DEB          
1 31511U 99025BXA 26283.75093498  .00000979  00000+0  38014-3 0  9995
2 31511  99.0797 109.5857 0107325  72.5870 288.7012 14.29143052   869
FENGYUN 1C DEB          
1 31512U 99025BXB 26282.54860019  .00001518  00000+0  39983-3 0  9999
2 31512  98.7830 193.2754 0141637 328.0474 209.1917 14.44854115698447
FENGYUN 1C DEB          
1 31513U 99025BXC 26275.56127241  .00002116  00000+0  75304-3 0  9999
2 31513  98.8649  24.5178 0024958 344.8919  15.1517 14.35248596770801
FENGYUN 1C DEB          
1 31514U 99025BXD 26282.73204964  .00002614  00000+0  11714-2 0  9992
2 31514  99.2393 202.7871 0055064 343.2733  16.6626 14.22654240736028
FENGYUN 1C DEB          
1 31515U 99025BXE 26277.48179608  .00000716  00000+0  41474-3 0  9993
2 31515  98.8890   6.1204 0053722  30.0276 330.3958 14.11338675625349
FENGYUN 1C DEB          
1 31516U 99025BXF 26278.59238606  .00000402  00000+0  16715-3 0  9993
2 31516  98.8630  42.2429 0148994  98.7902 327.2962 14.25918463  6960
FENGYUN 1C DEB          
1 31519U 99025BXJ 26281.43780848  .00000494  00000+0  23055-3 0  9999
2 31519  98.5899 275.7369 0053462  90.8632 269.8673 14.23903030690298
FENGYUN 1C DEB          
1 31522U 99025BXM 26283.00388805  .00000334  00000+0  23382-3 0  9991
2 31522  98.6964 293.5730 0044275  75.8429 284.7653 14.04442597992244
FENGYUN 1C DEB          
1 31523U 99025BXN 26283.92168586  .00000002  00000+0  23741-4 0  9997
2 31523  98.7134 329.5511 0037772 330.7490 205.9556 14.13884424  2559
FENGYUN 1C DEB          
1 31524U 99025BXP 26283.44918609  .00000811  00000+0  35857-3 0  9992
2 31524  99.2439 177.0778 0277532   4.7216 172.6840 14.07656535673956
FENGYUN 1C DEB          
1 31527U 99025BXS 26282.10115662  .00000462  00000+0  69177-3 0  9999
2 31527  98.9320  50.0532 0447997 287.5601  67.7063 13.23645726941636
FENGYUN 1C DEB          
1 31531U 99025BXW 26281.35241943  .00001486  00000+0  36844-3 0  9994
2 31531  98.3456 322.8913 0241433  92.1301 270.7551 14.37190450682367
FENGYUN 1C DEB          
1 31533U 99025BXY 26273.95682243  .00000330  00000+0  14850-3 0  9995
2 31533  98.9338 178.2004 0063895 221.5825 138.0487 14.28071358702936
FENGYUN 1C DEB          
1 31535U 99025BYA 26258.79680097  .00000914  00000+0  35999-3 0  9992
2 31535  98.0197  91.8140 0088198  58.3933 302.5821 14.29125973758870
FENGYUN 1C DEB          
1 31536U 99025BYB 26282.68865228  .00007786  00000+0  97068-3 0  9998
2 31536  98.2196 191.9423 0276218 290.2887  66.8823 14.59295764  6344
FENGYUN 1C DEB          
1 31537U 99025BYC 26283.33913444  .00011426  00000+0  26873-2 0  9997
2 31537  99.3149  99.7482 0327875 183.4120 176.4822 14.26524492975747
FENGYUN 1C DEB          
1 31540U 99025BYF 26283.81846388  .00003203  00000+0  45287-3 0  9991
2 31540  99.0657 120.3255 0170088  90.9609 271.1084 14.68487478 27162
FENGYUN 1C DEB          
1 31541U 99025BYG 26283.23547755  .00002613  00000+0  40792-3 0  9994
2 31541  99.0066 101.7505 0074544  25.7324 334.7559 14.72044260 28479
FENGYUN 1C DEB          
1 31542U 99025BYH 26282.93025000  .00001626  00000+0  71742-3 0  9997
2 31542  98.7065 339.2249 0046238  57.0239 303.5372 14.24145419  2261
FENGYUN 1C DEB          
1 31544U 99025BYK 26283.38097093  .00000820  00000+0  44377-3 0  9999
2 31544  98.7981 335.7789 0033402 131.2036 229.2026 14.15002718   193
FENGYUN 1C DEB          
1 31546U 99025BYM 26282.85554047  .00001576  00000+0  76282-3 0  9998
2 31546  98.2231 333.8637 0140381 345.8934  13.8338 14.14742155990448
FENGYUN 1C DEB          
1 31547U 99025BYN 26282.62342557  .00001945  00000+0  84407-3 0  9993
2 31547  99.0676 341.0751 0053484 111.4395 249.2499 14.24650009682992
FENGYUN 1C DEB          
1 31550U 99025BYR 26283.71884003  .00001446  00000+0  37245-3 0  9999
2 31550  98.3239 280.1669 0189623  81.8148 280.4500 14.41363905698032
FENGYUN 1C DEB          
1 31553U 99025BYU 26282.97229962  .00002473  00000+0  92852-3 0  9992
2 31553  98.9870 353.3597 0027667 299.0522 236.7462 14.32362214  1416
FENGYUN 1C DEB          
1 31554U 99025BYV 26283.28490318  .00013238  00000+0  28513-2 0  9996
2 31554  98.9169  82.3658 0034890 186.3619 173.7139 14.58204755692438
FENGYUN 1C DEB          
1 31555U 99025BYW 26282.72803846  .00005892  00000+0  14006-2 0  9998
2 31555  99.1273 264.5270 0148913  22.5955 338.1702 14.47720367  9130
FENGYUN 1C DEB          
1 31557U 99025BYY 26279.71550954  .00000570  00000+0  15970-3 0  9994
2 31557  98.3188 259.3732 0171181  92.5756 269.5042 14.41511882653911
FENGYUN 1C DEB          
1 31558U 99025BYZ 26281.70627753  .00000454  00000+0  12618-3 0  9996
2 31558  98.7665 189.3412 0211628  91.9416 300.0095 14.39170545 17489
FENGYUN 1C DEB          
1 31559U 99025BZA 26283.19332870  .00004084  00000+0  71770-3 0  9992
2 31559  98.8858 266.4820 0052491 345.4798  27.7798 14.67397077 19708
FENGYUN 1C DEB          
1 31560U 99025BZB 26283.85403487  .00000067  00000+0  46127-4 0  9996
2 31560  98.5529 316.1640 0121316 151.7123 209.0714 14.21294020  9096
FENGYUN 1C DEB          
1 31561U 99025BZC 26283.75932182  .00000177  00000+0  13850-3 0  9993
2 31561  98.7368 272.3505 0057809  58.2390 116.6047 14.03104027994132
FENGYUN 1C DEB          
1 31562U 99025BZD 26283.29253734  .00001617  00000+0  48359-3 0  9994
2 31562  99.2817 106.1708 0056651 116.2216 244.4811 14.43541321 13220
FENGYUN 1C DEB          
1 31563U 99025BZE 26283.24403356  .00002608  00000+0  43447-3 0  9991
2 31563  98.9744 109.5264 0109153 229.2050 129.9644 14.67177997 29472
FENGYUN 1C DEB          
1 31565U 99025BZG 26279.61593662  .00006135  00000+0  17768-2 0  9994
2 31565 100.7140 232.0514 0049550 276.2417  83.3123 14.44241681686469
FENGYUN 1C DEB          
1 31566U 99025BZH 26283.96032100  .00005106  00000+0  16154-2 0  9998
2 31566  98.9351   0.6226 0025827 182.1363 236.8290 14.40404303  7350
FENGYUN 1C DEB          
1 31567U 99025BZJ 26282.71423244  .00003100  00000+0  20497-2 0  9991
2 31567 102.3195 253.5188 0180520 303.9063  54.5032 13.95167019716035
FENGYUN 1C DEB          
1 31568U 99025BZK 26283.76371352  .00001590  00000+0  95186-3 0  9999
2 31568 102.0475 268.6224 0124132  89.2184 272.3193 14.05566594988208
FENGYUN 1C DEB          
1 31569U 99025BZL 26282.60981777  .00003185  00000+0  20276-2 0  9999
2 31569 102.6069 195.2436 0176301   8.6967 109.7062 13.97534641978792
FENGYUN 1C DEB          
1 31570U 99025BZM 26282.74793979  .00007505  00000+0  26634-2 0  9995
2 31570 102.5721  97.1253 0139759 187.8471 172.0509 14.29584830676628
FENGYUN 1C DEB          
1 31608U 99025BZN 26283.64748535  .00008073  00000+0  70134-3 0  9991
2 31608  98.4138  64.6778 0135201 137.2539 223.9289 14.90447701 31054
FENGYUN 1C DEB          
1 31609U 99025BZP 26283.90224127  .00004063  00000+0  19299-2 0  9996
2 31609  99.1956 327.8387 0094168 184.9114 350.7711 14.17734677703634
FENGYUN 1C DEB          
1 31613U 99025BZT 26281.88478710  .00000936  00000+0  81646-3 0  9996
2 31613  98.4511  74.9192 0341654  31.0432 331.0422 13.64305401958534
FENGYUN 1C DEB          
1 31615U 99025BZV 26282.66384642  .00008451  00000+0  22811-2 0  9993
2 31615  99.1439 358.6916 0155846 154.9259 205.9601 14.41139413696055
FENGYUN 1C DEB          
1 31618U 99025BZY 26281.32502856  .00000475  00000+0  21271-3 0  9995
2 31618  99.4799  90.6653 0156447 200.1886 159.3058 14.21490449745206
FENGYUN 1C DEB          
1 31619U 99025BZZ 26283.94861887  .00541445  00000+0  14679-1 0  9997
2 31619  99.0317 174.3272 0034428  33.1136 327.2248 15.34901185680385
FENGYUN 1C DEB          
1 31620U 99025CAA 26277.55262345  .00003570  00000+0  11316-2 0  9991
2 31620  98.8820  17.1417 0020375 240.0324 119.8841 14.40598608700994
FENGYUN 1C DEB          
1 31622U 99025CAC 26283.55615199  .00004133  00000+0  13206-2 0  9995
2 31622  98.8215  31.5755 0016787 167.9000 320.7048 14.40140233  1060
FENGYUN 1C DEB          
1 31623U 99025CAD 26283.27713815  .00000325  00000+0  28486-3 0  9995
2 31623  97.6362  83.0278 0193056 244.4546 113.6543 13.82834878620879
FENGYUN 1C DEB          
1 31625U 99025CAF 26282.53810365  .00000770  00000+0  16302-3 0  9991
2 31625  98.8076  29.8855 0148064 178.8547 244.5120 14.55909497 27412
FENGYUN 1C DEB          
1 31627U 99025CAH 26280.37360987  .00001562  00000+0  53277-3 0  9995
2 31627  98.5041 329.9029 0048879 346.7484  13.2415 14.37136228690541
FENGYUN 1C DEB          
1 31628U 99025CAJ 26283.60008357  .00001535  00000+0  12093-2 0  9995
2 31628 102.2680 236.9403 0163607 218.7586 140.1730 13.88108914974861
FENGYUN 1C DEB          
1 31629U 99025CAK 26283.67898346  .00003131  00000+0  15063-2 0  9992
2 31629 102.1336  82.6647 0101988 345.8275  14.0032 14.17275203987201
FENGYUN 1C DEB          
1 31630U 99025CAL 26283.75565552  .00016763  00000+0  64429-3 0  9999
2 31630  98.0954 114.9761 0133996  49.3309 311.9479 15.18445723 31433
FENGYUN 1C DEB          
1 31631U 99025CAM 26266.13626842  .00145447  00000+0  47146-2 0  9991
2 31631  99.3014 235.5089 0029029 119.6130 240.8003 15.30982185682215
FENGYUN 1C DEB          
1 31633U 99025CAP 26281.25935574  .00000703  00000+0  43683-3 0  9996
2 31633  98.7073 289.4305 0066818  49.7826 310.9164 14.07042432612952
FENGYUN 1C DEB          
1 31634U 99025CAQ 26282.41376338  .00000062  00000+0  76955-4 0  9990
2 31634  99.3293 337.7181 0091811  63.8021 297.2545 13.94895075607158
FENGYUN 1C DEB          
1 31639U 99025CAV 26281.29780513  .00000106  00000+0  11555-3 0  9997
2 31639  98.7693 212.6580 0161913  52.0767  98.0244 13.85270463978356
FENGYUN 1C DEB          
1 31642U 99025CAY 26280.18730112  .00000416  00000+0  15242-3 0  9999
2 31642  98.4853   1.9780 0120265  91.8312 269.6651 14.33897392 12625
FENGYUN 1C DEB          
1 31644U 99025CBA 26282.96551104  .00006175  00000+0  85628-3 0  9994
2 31644  98.6483 196.1444 0146434 321.8835  97.5348 14.71183933754696
FENGYUN 1C DEB          
1 31646U 99025CBC 26283.24150539  .00000577  00000+0  32067-3 0  9994
2 31646  98.6696 302.7597 0034318  74.7360 285.7603 14.14600958674539
FENGYUN 1C DEB          
1 31647U 99025CBD 26283.34634705  .00009535  00000+0  20034-2 0  9991
2 31647  98.0456 326.1056 0087347 227.3502 132.0312 14.57403788129706
FENGYUN 1C DEB          
1 31648U 99025CBE 26283.08313267  .00004991  00000+0  24313-2 0  9995
2 31648 102.7904 241.6291 0040091 147.6500 212.7130 14.18474462761662
FENGYUN 1C DEB          
1 31655U 99025CBM 26281.78430905  .00003079  00000+0  28522-2 0  9999
2 31655  99.2750 220.0080 0289297  81.2033 311.3790 13.65856711638138
FENGYUN 1C DEB          
1 31656U 99025CBN 26283.83934472  .00006244  00000+0  15958-2 0  9992
2 31656  99.1946 304.6824 0019831 230.2191 304.6356 14.50735191  8100
FENGYUN 1C DEB          
1 31657U 99025CBP 26277.26180903  .00000831  00000+0  56766-3 0  9994
2 31657 102.2116 283.5349 0145610  56.3294 305.1648 13.99188020669950
FENGYUN 1C DEB          
1 31658U 99025CBQ 26283.72974624  .00004345  00000+0  24002-2 0  9995
2 31658  98.1462 105.2994 0212104 186.4884 173.3529 14.01091725740421
FENGYUN 1C DEB          
1 31660U 99025CBS 26282.21706966  .00000938  00000+0  37472-3 0  9993
2 31660  98.5158 280.7951 0101509  20.0771 340.4359 14.27917868122038
FENGYUN 1C DEB          
1 31661U 99025CBT 26283.49922973  .00002286  00000+0  93839-3 0  9990
2 31661  98.8495  10.8844 0056785  73.0955 298.5865 14.27180451    14
FENGYUN 1C DEB          
1 31663U 99025CBV 26283.60056431  .00003043  00000+0  32424-3 0  9997
2 31663  98.8467 225.4216 0187001   7.3845 353.0048 14.77808742 37303
FENGYUN 1C DEB          
1 31664U 99025CBW 26283.70745457  .00000511  00000+0  28813-3 0  9996
2 31664  98.7755 272.7537 0124896  23.6400 337.0443 14.10686577  2417
FENGYUN 1C DEB          
1 31665U 99025CBX 26281.98885758  .00001174  00000+0  92317-3 0  9990
2 31665  98.4300 300.2113 0187938  83.5988 278.6534 13.85569714973489
FENGYUN 1C DEB          
1 31666U 99025CBY 26282.47435801  .00035456  00000+0  25560-2 0  9991
2 31666  98.6593 107.1569 0014671 257.2531 102.7052 15.03972022 17306
FENGYUN 1C DEB          
1 31667U 99025CBZ 26283.40852164  .00000347  00000+0  17028-3 0  9993
2 31667  99.0473 149.7272 0050199 303.5947  56.0444 14.23797747602859
FENGYUN 1C DEB          
1 31670U 99025CCC 26278.34652487  .00001266  00000+0  11428-2 0  9998
2 31670  98.4117 122.6880 0242915 223.0776 135.1138 13.72976901663817
FENGYUN 1C DEB          
1 31672U 99025CCE 26277.84561890  .00003912  00000+0  87138-3 0  9993
2 31672  98.9395 130.4330 0100226 167.3119 193.0633 14.54456251691713
FENGYUN 1C DEB          
1 31673U 99025CCF 26283.35556731  .00000382  00000+0  14833-3 0  9995
2 31673  99.3441 146.7204 0123557 259.8032  98.9196 14.32296761692086
FENGYUN 1C DEB          
1 31674U 99025CCG 26282.43586192  .00007982  00000+0  17602-2 0  9997
2 31674  98.9167 343.8798 0023562 100.1824 260.2032 14.57484101689877
FENGYUN 1C DEB          
1 31678U 99025CCL 26279.59303979  .00007005  00000+0  10303-2 0  9991
2 31678  98.8255  50.4083 0245887 200.0248 159.1170 14.57273343 11515
FENGYUN 1C DEB          
1 31680U 99025CCN 26282.31969915  .00062152  00000+0  10191-2 0  9995
2 31680  99.8382 136.4272 0040863   3.7466 356.4076 15.51282469 47916
FENGYUN 1C DEB          
1 31685U 99025CCT 26282.79533312  .00000048  00000+0  51186-4 0  9997
2 31685  98.7085 302.5967 0017713  95.5784 264.7407 14.09747952993314
FENGYUN 1C DEB          
1 31686U 99025CCU 26283.49996711  .00008823  00000+0  70346-3 0  9999
2 31686  98.1230   1.8653 0266105 202.7584 226.7789 14.76719292 22586
FENGYUN 1C DEB          
1 31688U 99025CCW 26279.41933588 -.00000002  00000+0  26015-4 0  9998
2 31688  98.9240 332.9810 0075214  35.5393 325.0750 14.02425798994504
FENGYUN 1C DEB          
1 31691U 99025CCZ 26283.51809328  .00003155  00000+0  12504-2 0  9999
2 31691  98.8785  19.6733 0058631  86.4557 274.3328 14.28644887684171
FENGYUN 1C DEB          
1 31692U 99025CDA 26283.29486891  .00003643  00000+0  16321-2 0  9994
2 31692  99.1770 295.9858 0083747 306.1390  53.2056 14.21345752624897
FENGYUN 1C DEB          
1 31695U 99025CDD 26283.11852736  .00005349  00000+0  58628-3 0  9995
2 31695  98.2562  19.5324 0159506 344.5627  15.0748 14.79316436704201
FENGYUN 1C DEB          
1 31715U 99025CDN 26282.46048342  .00002316  00000+0  45198-3 0  9994
2 31715  99.2670 148.7550 0180746 300.5881  57.7590 14.54295345660853
FENGYUN 1C DEB          
1 31716U 99025CDP 26282.66221427  .00001270  00000+0  75902-3 0  9998
2 31716  98.5334 169.0516 0129477 324.3070  63.2496 14.04764184983435
FENGYUN 1C DEB          
1 31717U 99025CDQ 26271.45791725  .00003251  00000+0  14134-2 0  9997
2 31717  96.9295 353.2125 0157249 226.8649 131.9294 14.18157979987530
FENGYUN 1C DEB          
1 31720U 99025CDT 26281.83094467  .00003847  00000+0  54138-3 0  9993
2 31720  99.0600 233.3503 0092449 271.1703  87.8913 14.75139227 26406
FENGYUN 1C DEB          
1 31721U 99025CDU 26283.73411991  .00000362  00000+0  29985-3 0  9991
2 31721  99.8087 276.3054 0317326 123.5113  50.0746 13.74139059715335
FENGYUN 1C DEB          
1 31724U 99025CDX 26281.92770020  .00011201  00000+0  22415-2 0  9998
2 31724  97.8579 274.1399 0139695  29.1542 331.7364 14.55910558688513
FENGYUN 1C DEB          
1 31725U 99025CDY 26282.74193238  .00000713  00000+0  12051-2 0  9991
2 31725  99.1806  90.8282 0686888  18.0329 344.3894 12.79896877903314
FENGYUN 1C DEB          
1 31726U 99025CDZ 26279.34565118  .00000621  00000+0  27510-3 0  9999
2 31726  98.6859 298.6856 0231649 227.5475 145.6978 14.13422120682496
FENGYUN 1C DEB          
1 31727U 99025CEA 26281.30215021  .00003098  00000+0  98415-3 0  9997
2 31727  98.8776  48.4880 0032386 173.9157 215.8289 14.40398834759778
FENGYUN 1C DEB          
1 31731U 99025CEE 26282.68951034  .00003228  00000+0  97925-3 0  9995
2 31731  99.2919   2.4575 0010071 289.0618  70.9478 14.42964900  1670
FENGYUN 1C DEB          
1 31732U 99025CEF 26282.52032947  .00000366  00000+0  21831-3 0  9995
2 31732  98.5429 308.7721 0041349 106.4610 254.1113 14.12563092685764
FENGYUN 1C DEB          
1 31734U 99025CEH 26278.70349266  .00000398  00000+0  16326-3 0  9995
2 31734  98.5177 268.8542 0101877 212.4211 147.0686 14.29559623  6519
FENGYUN 1C DEB          
1 31735U 99025CEJ 26282.76784614  .00001766  00000+0  51857-3 0  9995
2 31735  98.5935  33.4473 0059539 100.4136 260.3772 14.44016507 10000
FENGYUN 1C DEB          
1 31736U 99025CEK 26282.44564204  .00000135  00000+0  93147-4 0  9990
2 31736  98.6881 280.9479 0013050 102.6167 257.6466 14.14336632683155
FENGYUN 1C DEB          
1 31737U 99025CEL 26283.85359595  .00002893  00000+0  41053-3 0  9993
2 31737  97.8859 312.9089 0144956 129.7311  44.0522 14.70719284 26383
FENGYUN 1C DEB          
1 31738U 99025CEM 26281.42988515  .00000851  00000+0  54090-3 0  9992
2 31738  99.3403 353.4451 0303191  19.1717 342.0562 13.86168760664082
FENGYUN 1C DEB          
1 31739U 99025CEN 26283.38302573  .00000098  00000+0  62714-4 0  9990
2 31739  98.7053 339.2252 0126164 290.4045  68.3619 14.19334798997655
FENGYUN 1C DEB          
1 31740U 99025CEP 26281.09279484  .00001794  00000+0  53802-3 0  9993
2 31740  99.8089 142.8911 0023764 286.8908 226.2701 14.44127190693932
FENGYUN 1C DEB          
1 31741U 99025CEQ 26276.07357637  .00001533  00000+0  49564-3 0  9994
2 31741  99.0786 219.9557 0172205 295.4459  62.8991 14.32633384 64327
FENGYUN 1C DEB          
1 31742U 99025CER 26282.92060508  .00000978  00000+0  31065-3 0  9993
2 31742  98.8812 159.8140 0075253 156.0904 204.3808 14.40743993  9806
FENGYUN 1C DEB          
1 31743U 99025CES 26282.09834786  .00003283  00000+0  11910-2 0  9997
2 31743  99.1574 231.5848 0038959  65.3361 356.8270 14.33656004999419
FENGYUN 1C DEB          
1 31744U 99025CET 26279.62460965  .00004049  00000+0  11999-2 0  9995
2 31744  99.3245  51.0837 0302715 281.5494  75.1844 14.20658589988392
FENGYUN 1C DEB          
1 31746U 99025CEV 26283.69729338  .00029027  00000+0  27731-2 0  9995
2 31746  98.6026  75.2215 0017014 312.0222  47.9546 14.93110719 13400
FENGYUN 1C DEB          
1 31752U 99025CFB 26277.41923208  .00001494  00000+0  68851-3 0  9994
2 31752  98.9559 347.1365 0351682 241.8057 114.7173 13.94646885977108
FENGYUN 1C DEB          
1 31753U 99025CFC 26283.34863545  .00000321  00000+0  15387-3 0  9995
2 31753  98.5998 313.0852 0158715  24.5806 348.3924 14.18952783  2859
FENGYUN 1C DEB          
1 31754U 99025CFD 26283.69638206  .00002114  00000+0  62387-3 0  9992
2 31754  99.0658 272.8138 0050094  44.4742 316.0451 14.43969299 13115
FENGYUN 1C DEB          
1 31755U 99025CFE 26273.80798906  .00000220  00000+0  13096-3 0  9998
2 31755  98.8054 263.6902 0187188 277.8439 206.2375 14.08652642677832
FENGYUN 1C DEB          
1 31756U 99025CFF 26283.25301501  .00004534  00000+0  11453-2 0  9996
2 31756  99.3672  95.0501 0038880 346.2717  13.7414 14.51135785650794
FENGYUN 1C DEB          
1 31757U 99025CFG 26273.76222844  .00000236  00000+0  13250-3 0  9997
2 31757  98.7497 292.4278 0216024 339.7602  19.5100 14.08159907679910
FENGYUN 1C DEB          
1 31758U 99025CFH 26281.22960805  .00004934  00000+0  75802-3 0  9994
2 31758  98.0613 281.1489 0290501 251.4493 105.4943 14.49425899985295
FENGYUN 1C DEB          
1 31760U 99025CFK 26282.80637149  .00000891  00000+0  35184-3 0  9991
2 31760  99.2712  44.8063 0052056  50.9966 309.5834 14.31041135  4196
FENGYUN 1C DEB          
1 31761U 99025CFL 26281.38737822  .00003360  00000+0  77433-3 0  9990
2 31761  98.6001 136.7359 0461414 134.9423 229.0157 14.06439706623191
FENGYUN 1C DEB          
1 31763U 99025CFN 26283.94297391  .00000532  00000+0  34713-3 0  9990
2 31763  98.5136 355.6278 0543665   6.0838 168.8212 13.50980216950854
FENGYUN 1C DEB          
1 31766U 99025CFR 26282.20501070  .00000395  00000+0  26333-3 0  9999
2 31766  98.8318 277.0246 0074439 167.8587 192.4397 14.05414303683062
FENGYUN 1C DEB          
1 31767U 99025CFS 26281.35569303  .00000291  00000+0  20562-3 0  9991
2 31767  98.7930 307.3133 0039990 310.5783  62.4633 14.05099986990338
FENGYUN 1C DEB          
1 31768U 99025CFT 26283.58250433  .00020050  00000+0  22183-2 0  9995
2 31768  99.0377  40.0813 0021842 112.0486 314.7949 14.87233028 13354
FENGYUN 1C DEB          
1 31769U 99025CFU 26270.25225442  .00006826  00000+0  20536-2 0  9993
2 31769  98.4362 276.9660 0063235 311.3114  48.2642 14.41761118682847
FENGYUN 1C DEB          
1 31772U 99025CFX 26281.17518573  .00001236  00000+0  62907-3 0  9999
2 31772  98.4648 187.4456 0136401 337.2143  22.3013 14.12828558751103
FENGYUN 1C DEB          
1 31773U 99025CFY 26283.81760585  .00014439  00000+0  18860-2 0  9992
2 31773  98.9448 312.5947 0033208 313.6214  46.2241 14.80222248696342
FENGYUN 1C DEB          
1 31774U 99025CFZ 26275.95166928  .00001318  00000+0  60687-3 0  9997
2 31774  98.7479 322.5565 0058821  84.8049 275.9837 14.21863788671848
FENGYUN 1C DEB          
1 31776U 99025CGB 26282.42530271  .00001630  00000+0  77690-3 0  9994
2 31776  99.0549 354.0571 0054916 197.2445 222.0973 14.19968802991466
FENGYUN 1C DEB          
1 31779U 99025CGE 26282.83122890  .00001458  00000+0  35094-3 0  9996
2 31779  99.3202 235.0977 0211867  19.7354 341.1877 14.42399162 12950
FENGYUN 1C DEB          
1 31780U 99025CGF 26283.31838925  .00001976  00000+0  28388-3 0  9998
2 31780  99.2988 123.0419 0146412 206.7288 152.6317 14.70872613 29170
FENGYUN 1C DEB          
1 31781U 99025CGG 26283.36558310  .00003999  00000+0  16992-2 0  9995
2 31781  99.4986 118.9987 0190827 151.3397 209.8424 14.16569911726148
FENGYUN 1C DEB          
1 31782U 99025CGH 26282.75454204  .00000734  00000+0  25539-3 0  9997
2 31782  98.9300  99.6561 0078544 190.1422 182.4905 14.36878802  9921
FENGYUN 1C DEB          
1 31783U 99025CGJ 26283.25084878  .00000398  00000+0  24135-3 0  9997
2 31783  98.6082 283.4867 0101623 273.6919  99.0811 14.09324191934676
FENGYUN 1C DEB          
1 31788U 99025CGP 26283.49269885  .00001644  00000+0  14917-2 0  9992
2 31788 102.5510 147.8180 0458130 141.4901 338.8138 13.46543370946642
FENGYUN 1C DEB          
1 31804U 99025CGS 26262.65991053  .00001526  00000+0  75637-3 0  9991
2 31804  98.3038  55.8153 0136738  55.1843 306.2107 14.13758610676295
FENGYUN 1C DEB          
1 31805U 99025CGT 26278.75719668  .00007314  00000+0  18611-2 0  9999
2 31805  98.3909 246.4864 0432829  32.9147 329.8197 14.06966011665353
FENGYUN 1C DEB          
1 31807U 99025CGV 26283.68035751  .00001463  00000+0  33960-3 0  9997
2 31807  99.1128  85.0405 0102051 335.8043  23.8375 14.53664255696907
FENGYUN 1C DEB          
1 31808U 99025CGW 26281.46916873  .00013337  00000+0  22578-2 0  9990
2 31808  99.1977 148.2001 0034738 311.5691  48.2534 14.69057579619882
FENGYUN 1C DEB          
1 31810U 99025CGY 26277.82832730  .00001569  00000+0  33783-3 0  9992
2 31810  98.2578 291.2204 0208538 317.7966  40.7333 14.47322364686959
FENGYUN 1C DEB          
1 31813U 99025CHB 26283.55413097  .00002011  00000+0  46635-3 0  9996
2 31813  99.4332  43.8544 0134957 159.2622 201.4119 14.50951168 16254
FENGYUN 1C DEB          
1 31814U 99025CHC 26277.41905903  .00000256  00000+0  30043-3 0  9992
2 31814  99.5381 328.6620 0230012 175.9989 184.3065 13.66746834658382
FENGYUN 1C DEB          
1 31815U 99025CHD 26283.69805736 -.00000014  00000+0  16447-4 0  9999
2 31815  98.7983 268.0400 0057782 246.5895 112.9193 14.10334032997958
FENGYUN 1C DEB          
1 31816U 99025CHE 26281.82267647  .00000535  00000+0  40561-3 0  9996
2 31816  99.0008  33.3682 0119170  53.7227  96.9121 13.94886592978767
FENGYUN 1C DEB          
1 31817U 99025CHF 26279.33744930  .00003237  00000+0  54626-3 0  9994
2 31817  98.9140 307.0791 0057161 234.1998 125.3885 14.69201843757713
FENGYUN 1C DEB          
1 31819U 99025CHH 26283.68773092  .00000475  00000+0  18995-3 0  9990
2 31819  98.4973 272.6913 0087256 148.3235 212.3241 14.30659801  9942
FENGYUN 1C DEB          
1 31820U 99025CHJ 26283.40867110  .00009368  00000+0  62143-3 0  9991
2 31820  98.9307 143.0632 0135676 114.6879 246.8537 15.00208718 27292
FENGYUN 1C DEB          
1 31821U 99025CHK 26282.92820708  .00013178  00000+0  26176-2 0  9999
2 31821  98.1459 162.2570 0186181 171.2588 189.1927 14.51802713980188
FENGYUN 1C DEB          
1 31823U 99025CHM 26283.63016674  .00005553  00000+0  89651-3 0  9995
2 31823  99.5186  63.9533 0034935  18.7943 341.4540 14.71501182 11487
FENGYUN 1C DEB          
1 31825U 99025CHP 26283.82403478  .00000698  00000+0  29075-3 0  9999
2 31825  98.6028 280.9759 0164462 181.0394 179.0466 14.22323444999158
FENGYUN 1C DEB          
1 31826U 99025CHQ 26282.90566728  .00000623  00000+0  29113-3 0  9997
2 31826  98.6491 271.7246 0124509  40.9870 348.1464 14.19745402   868
FENGYUN 1C DEB          
1 31829U 99025CHT 26283.68526225  .00000277  00000+0  23420-3 0  9994
2 31829  98.8698  83.5221 0169222  61.8856 312.3201 13.88944953983398
FENGYUN 1C DEB          
1 31830U 99025CHU 26282.26178676  .00001546  00000+0  12415-2 0  9993
2 31830  99.1697  25.7179 0184788 229.8398 158.6803 13.84539401968974
FENGYUN 1C DEB          
1 31834U 99025CHY 26283.81489677  .00000285  00000+0  18546-3 0  9996
2 31834  98.3366 124.6018 0160343 302.3842  56.1895 14.03465176679471
FENGYUN 1C DEB          
1 31836U 99025CJA 26282.86158206  .00003245  00000+0  16933-2 0  9999
2 31836  98.6267 241.0546 0113382 341.1262  18.5724 14.11902613656507
FENGYUN 1C DEB          
1 31837U 99025CJB 26283.47764366  .00007254  00000+0  75181-3 0  9993
2 31837  98.0804   8.7035 0085905 114.6198 246.3997 14.87591363 28314
FENGYUN 1C DEB          
1 31838U 99025CJC 26276.40148439  .00000683  00000+0  32778-3 0  9990
2 31838  98.6898 327.9657 0036339 323.7315  48.8469 14.21839974687637
FENGYUN 1C DEB          
1 31841U 99025CJF 26280.28477148  .00002869  00000+0  11783-2 0  9997
2 31841  98.4490  73.5792 0302614 178.1468 305.2345 14.05807791635319
FENGYUN 1C DEB          
1 31843U 99025CJH 26281.58861744  .00004909  00000+0  30261-2 0  9991
2 31843  99.2921 202.3158 0630104 333.0565  23.9096 13.36443896686986
FENGYUN 1C DEB          
1 31844U 99025CJJ 26283.38229667  .00000903  00000+0  42357-3 0  9994
2 31844 100.2956 326.3586 0101745 244.8750 114.1839 14.20638535996149
FENGYUN 1C DEB          
1 31847U 99025CJM 26282.44694689  .00001870  00000+0  94926-3 0  9996
2 31847  98.9964   2.9797 0085123 108.3267 252.7189 14.15317991612138
FENGYUN 1C DEB          
1 31851U 99025CJR 26272.35366662  .00001666  00000+0  13017-2 0  9991
2 31851  98.7782 113.9035 0196048 214.1938 144.6465 13.84922016654886
FENGYUN 1C DEB          
1 31854U 99025CJU 26283.27728005  .00000463  00000+0  31625-3 0  9990
2 31854  98.8558 283.3333 0072475  20.6396 339.7672 14.03402848735019
FENGYUN 1C DEB          
1 31857U 99025CJX 26282.51564067  .00001071  00000+0  10193-2 0  9997
2 31857  96.1913 208.0376 0304928 163.6600 197.4652 13.62896816657258
FENGYUN 1C DEB          
1 31861U 99025CKB 26283.53006678  .00000764  00000+0  88625-3 0  9998
2 31861 102.3292 181.6222 0490368 270.4463  84.0500 13.31408555707824
FENGYUN 1C DEB          
1 31877U 99025CKC 26282.80125792  .00009485  00000+0  54893-3 0  9992
2 31877  99.0057  47.8396 0089807  13.2515 347.1038 15.09117344 35711
FENGYUN 1C DEB          
1 31878U 99025CKD 26277.23037425  .00005964  00000+0  56294-3 0  9994
2 31878  99.4646 262.8956 0076444  28.8829 331.6583 14.92047553 24619
FENGYUN 1C DEB          
1 31879U 99025CKE 26280.05072134  .00000531  00000+0  13680-3 0  9992
2 31879  99.6872 204.7043 0206229 250.4100 107.4719 14.43659071675135
FENGYUN 1C DEB          
1 31880U 99025CKF 26279.34331103  .00000503  00000+0  42127-3 0  9995
2 31880 100.0422 110.3373 0127599  90.2821 271.2957 13.89868064671138
FENGYUN 1C DEB          
1 31882U 99025CKH 26283.58550003  .00000794  00000+0  44206-3 0  9992
2 31882  98.9229 210.1853 0037198  88.7806 271.7628 14.13576325629005
FENGYUN 1C DEB          
1 31883U 99025CKJ 26283.61241936  .00001973  00000+0  30445-3 0  9999
2 31883  99.0471 237.0385 0117799 215.9717 143.3516 14.70213281 23961
FENGYUN 1C DEB          
1 31887U 99025CKN 26283.55268953  .00005307  00000+0  10815-2 0  9997
2 31887  99.5238  24.5641 0022655 179.1972 180.9265 14.61346329 10060
FENGYUN 1C DEB          
1 31888U 99025CKP 26281.30935884  .00002894  00000+0  99646-3 0  9991
2 31888  99.1709 231.0601 0019713  59.5401 300.7728 14.36695466999355
FENGYUN 1C DEB          
1 31890U 99025CKR 26280.79501853  .00000126  00000+0  92417-4 0  9997
2 31890  98.7148 288.1309 0073440 114.5683 246.3165 14.10248885683675
FENGYUN 1C DEB          
1 31891U 99025CKS 26282.49150141  .00000381  00000+0  42847-3 0  9991
2 31891  99.3922 293.8914 0224742 127.0174 235.1766 13.66471147965175
FENGYUN 1C DEB          
1 31892U 99025CKT 26282.77690936  .00001189  00000+0  29927-3 0  9995
2 31892  99.2908 124.3308 0196733 122.8487 239.1810 14.42373026692445
FENGYUN 1C DEB          
1 31893U 99025CKU 26282.84287449  .00000815  00000+0  13298-3 0  9994
2 31893  99.1035 277.3631 0173751 124.1807 354.7563 14.64730398 27994
FENGYUN 1C DEB          
1 31895U 99025CKW 26283.28143380  .00001522  00000+0  13199-2 0  9995
2 31895  99.0752 303.5683 0224790 150.3332 211.0790 13.76743494660447
FENGYUN 1C DEB          
1 31898U 99025CKZ 26276.42786731  .00003329  00000+0  46979-3 0  9999
2 31898  98.6692 165.4840 0138632  18.4313 342.1844 14.71565842700424
FENGYUN 1C DEB          
1 31899U 99025CLA 26283.26790396  .00001905  00000+0  15488-2 0  9990
2 31899 102.0853  76.2485 0182999 153.6645 207.3944 13.84307369717357
FENGYUN 1C DEB          
1 31901U 99025CLC 26278.10104393 -.00000005  00000+0  23900-4 0  9998
2 31901  98.6376 224.6572 0132492  89.4776 272.1567 13.94282886675374
FENGYUN 1C DEB          
1 31902U 99025CLD 26282.89966119  .00000605  00000+0  24153-3 0  9997
2 31902  98.5412 258.6346 0179464 351.9668  36.3617 14.23694430690769
FENGYUN 1C DEB          
1 31903U 99025CLE 26282.55283634  .00001453  00000+0  26969-3 0  9994
2 31903  99.2722 312.4320 0125390 203.7853 155.7520 14.62229153 17730
FENGYUN 1C DEB          
1 31905U 99025CLG 26283.75295295  .00001189  00000+0  36146-3 0  9999
2 31905  99.1746 283.0051 0192393 295.8987  62.2475 14.34189492  9303
FENGYUN 1C DEB          
1 31906U 99025CLH 26280.34347064  .00001580  00000+0  66028-3 0  9991
2 31906  98.7060  56.3143 0051441 329.5028  59.3948 14.26867774993851
FENGYUN 1C DEB          
1 31910U 99025CLM 26273.72490198  .00002288  00000+0  44337-3 0  9992
2 31910  97.6598 273.3317 0220170 328.1098  30.6923 14.49867972685974
FENGYUN 1C DEB          
1 31913U 99025CLQ 26283.51233564  .00002421  00000+0  16163-2 0  9999
2 31913  99.2877 210.6337 0189582 213.4513 145.4555 13.93691388600876
FENGYUN 1C DEB          
1 31914U 99025CLR 26283.45310994  .00000491  00000+0  10152-3 0  9994
2 31914  98.9842 175.4557 0180137 235.1071 123.3080 14.56143015728636
FENGYUN 1C DEB          
1 31915U 99025CLS 26283.29734712  .00001022  00000+0  50301-3 0  9996
2 31915  98.6184 296.9392 0101683 123.3181 237.7781 14.17027603683772
FENGYUN 1C DEB          
1 31916U 99025CLT 26283.58072737  .00002491  00000+0  80509-3 0  9995
2 31916  99.3337  37.2601 0141218 302.9280  55.8386 14.34622451688522
FENGYUN 1C DEB          
1 31917U 99025CLU 26278.23096391  .00000740  00000+0  20936-3 0  9997
2 31917  98.3812 268.6947 0188817 123.8263 304.1910 14.38519446  6193
FENGYUN 1C DEB          
1 31919U 99025CLW 26279.72494278  .00000490  00000+0  14206-3 0  9995
2 31919  99.1379  89.6141 0101896  42.3862  22.3060 14.46486548 13896
FENGYUN 1C DEB          
1 31921U 99025CLY 26281.66677678  .00000964  00000+0  89829-3 0  9990
2 31921  99.3181 172.8750 0199774 197.0940 162.3415 13.75938260964304
FENGYUN 1C DEB          
1 31922U 99025CLZ 26283.76128565  .00001181  00000+0  93544-3 0  9991
2 31922  98.8313 263.2704 0158166 285.1614 198.7097 13.87685040972044
FENGYUN 1C DEB          
1 31923U 99025CMA 26282.61935144  .00000758  00000+0  86044-3 0  9990
2 31923  98.4203 338.0780 0298708 238.9771 118.1724 13.55471689677100
FENGYUN 1C DEB          
1 31924U 99025CMB 26282.81854050  .00000787  00000+0  79804-3 0  9997
2 31924  98.4215  45.2845 0268508  19.0300 342.0651 13.64822108955735
FENGYUN 1C DEB          
1 31926U 99025CMD 26282.77019807  .00003885  00000+0  14067-2 0  9998
2 31926  98.9610  32.8454 0037952 101.2243 259.3209 14.33628118995371
FENGYUN 1C DEB          
1 31929U 99025CME 26279.13732826  .00000749  00000+0  26780-3 0  9992
2 31929  98.8302  59.6773 0072045 258.4106 100.8985 14.35668774749122
FENGYUN 1C DEB          
1 31931U 99025CMG 26277.91795775  .00000163  00000+0  20075-3 0  9992
2 31931  97.8109 167.9516 0420857 219.3631 137.6214 13.42981840691975
FENGYUN 1C DEB          
1 31937U 99025CMN 26277.12778619  .00004190  00000+0  43330-3 0  9992
2 31937  99.2745  57.0521 0152775  94.2238 267.6446 14.82510125704405
FENGYUN 1C DEB          
1 31938U 99025CMP 26282.45740768  .00004737  00000+0  32356-3 0  9992
2 31938  98.8987   0.9118 0142892 170.3024 190.1007 14.98790199 36292
FENGYUN 1C DEB          
1 31944U 99025CMV 26282.69833428  .00000744  00000+0  38565-3 0  9993
2 31944  99.2383  83.8539 0150358 240.7775 183.6544 14.12472032671581
FENGYUN 1C DEB          
1 31945U 99025CMW 26278.69301644  .00001697  00000+0  76659-3 0  9993
2 31945  98.9514   4.4134 0061018 156.5251 203.8733 14.22471315994151
FENGYUN 1C DEB          
1 31946U 99025CMX 26283.41863240  .00001832  00000+0  89054-3 0  9999
2 31946  98.8841 348.6345 0081441 266.8257  92.3597 14.17792509682815
FENGYUN 1C DEB          
1 31948U 99025CMZ 26283.05399396  .00002611  00000+0  10268-2 0  9993
2 31948  99.3796  11.3941 0023621 233.4876 252.2475 14.30076830993321
FENGYUN 1C DEB          
1 31949U 99025CNA 26282.68907119  .00000472  00000+0  23464-3 0  9996
2 31949  98.5762 262.1300 0127030  65.9199 295.5206 14.17300191997675
FENGYUN 1C DEB          
1 31952U 99025CND 26283.65953127  .00001454  00000+0  32404-3 0  9993
2 31952  98.9923  67.3812 0113514  99.8372 261.5661 14.54701371 15862
FENGYUN 1C DEB          
1 31955U 99025CNG 26283.59295297  .00008790  00000+0  15021-2 0  9991
2 31955  99.2633 204.3554 0042597 341.7876 142.1087 14.68582058  9822
FENGYUN 1C DEB          
1 31959U 99025CNL 26283.48303956  .00006224  00000+0  15697-2 0  9994
2 31959  98.4966 162.0202 0028112 325.0018  34.9328 14.51199205687240
FENGYUN 1C DEB          
1 31964U 99025CNR 26283.68705630  .00010416  00000+0  19472-2 0  9990
2 31964  98.7165  68.4595 0027713 179.1252 181.0003 14.64846437719226
FENGYUN 1C DEB          
1 31966U 99025CNT 26282.77024377  .00003197  00000+0  50448-3 0  9990
2 31966  99.0347 112.0902 0082306  63.9559 297.0089 14.70975435701648
FENGYUN 1C DEB          
1 31972U 99025CNZ 26282.09058260  .00000220  00000+0  15399-3 0  9990
2 31972  99.1715 333.9286 0075566 275.7332 113.3528 14.07653421991867
FENGYUN 1C DEB          
1 31974U 99025CPB 26281.96323227  .00002820  00000+0  10330-2 0  9992
2 31974  98.3760 287.3748 0070285 131.3627 229.3631 14.32209367737160
FENGYUN 1C DEB          
1 31977U 99025CPE 26270.17124005  .00002112  00000+0  14552-2 0  9993
2 31977  98.2129  41.8982 0272193 151.8084 209.8118 13.83807218662007
FENGYUN 1C DEB          
1 31978U 99025CPF 26282.29286301  .00000700  00000+0  73645-3 0  9998
2 31978  98.4068  41.5278 0261663 334.2276  24.6023 13.63800340956862
FENGYUN 1C DEB          
1 31979U 99025CPG 26282.51173802  .00002485  00000+0  22115-2 0  9992
2 31979  99.3752  12.8065 0264986 219.0945 139.0789 13.70911024620310
FENGYUN 1C DEB          
1 31980U 99025CPH 26267.27039311  .00000327  00000+0  43227-3 0  9997
2 31980  97.5839 284.2315 0428574  99.7723 265.2070 13.32390214934721
FENGYUN 1C DEB          
1 31984U 99025CPM 26281.80048002  .00000468  00000+0  22026-3 0  9993
2 31984  98.5642 282.9393 0064145  75.2378 285.5897 14.23379165986412
FENGYUN 1C DEB          
1 31985U 99025CPN 26282.90340727  .00000437  00000+0  18632-3 0  9999
2 31985  98.1858 168.9618 0152202  81.7751 280.0658 14.23347025998946
FENGYUN 1C DEB          
1 31986U 99025CPP 26272.15469388  .00000409  00000+0  22054-3 0  9993
2 31986  99.7505 242.9371 0124291  75.6459 285.8473 14.14999427706850
FENGYUN 1C DEB          
1 31987U 99025CPQ 26282.84945898  .00002118  00000+0  59017-3 0  9994
2 31987  99.0592 281.5439 0050333 344.2015 134.3887 14.46763704  7158
FENGYUN 1C DEB          
1 31988U 99025CPR 26281.36139864  .00001866  00000+0  84091-3 0  9998
2 31988  98.1140 331.9155 0061618 129.9204 230.7413 14.22268234684091
FENGYUN 1C DEB          
1 31989U 99025CPS 26283.42332329  .00000621  00000+0  47656-3 0  9993
2 31989  99.1769 347.9546 0115826 198.5245 225.7405 13.93977660979201
FENGYUN 1C DEB          
1 31990U 99025CPT 26283.80148462  .00000156  00000+0  21802-3 0  9998
2 31990  99.1477 290.6802 0260475 130.8093  42.4179 13.57335869668698
FENGYUN 1C DEB          
1 31991U 99025CPU 26283.81369010  .00000083  00000+0  14312-3 0  9991
2 31991 100.4627 139.8371 0244662  28.8962 332.5476 13.61357696661972
FENGYUN 1C DEB          
1 31992U 99025CPV 26278.02277518  .00000608  00000+0  69421-3 0  9994
2 31992  99.1906 208.7886 0542107  31.8254 331.4454 13.23369792577931
FENGYUN 1C DEB          
1 31993U 99025CPW 26283.66060820  .00001839  00000+0  25356-2 0  9992
2 31993  99.2252 229.3319 0421236 119.7998 244.5705 13.28250530929508
FENGYUN 1C DEB          
1 31994U 99025CPX 26283.64985252  .00000250  00000+0  19002-3 0  9994
2 31994  98.5673 261.4224 0162251  26.8550 334.0899 13.95874477610086
FENGYUN 1C DEB          
1 31996U 99025CPZ 26279.03148620  .00001951  00000+0  19975-2 0  9991
2 31996  99.2892 202.3675 0296379  80.6038 282.8477 13.59939737587278
FENGYUN 1C DEB          
1 31997U 99025CQA 26275.56854967  .00001138  00000+0  12017-2 0  9991
2 31997 102.5089  45.6918 0284180 329.3745  29.1059 13.61666522656815
FENGYUN 1C DEB          
1 32086U 99025CQC 26281.35568711  .00001036  00000+0  89822-3 0  9990
2 32086  99.2627 330.3637 0296254  74.3548 289.0078 13.70054711658822
FENGYUN 1C DEB          
1 32088U 99025CQE 26282.55758047  .00003773  00000+0  47523-2 0  9999
2 32088 102.4003 212.1061 0472598  70.9062 294.2598 13.26069361638301
FENGYUN 1C DEB          
1 32089U 99025CQF 26281.22163233  .00000681  00000+0  35466-3 0  9999
2 32089  98.6599 282.6846 0110917 348.3737  11.4878 14.14693669674498
FENGYUN 1C DEB          
1 32093U 99025CQK 26283.85423667  .00000788  00000+0  26573-3 0  9992
2 32093  98.8823 152.6332 0077996 181.0934 179.0093 14.38231858  7451
FENGYUN 1C DEB          
1 32094U 99025CQL 26277.91451541  .00000352  00000+0  21827-3 0  9999
2 32094  98.7689 265.8729 0035212 146.9360 213.4023 14.11067448985416
FENGYUN 1C DEB          
1 32095U 99025CQM 26277.83606768  .00000293  00000+0  16466-3 0  9991
2 32095  98.6311 289.5556 0077166 323.1439  36.4446 14.16336331990085
FENGYUN 1C DEB          
1 32096U 99025CQN 26283.03778553  .00000718  00000+0  56424-3 0  9993
2 32096  99.0480 309.5474 0134934  43.6880 317.4866 13.90880601970497
FENGYUN 1C DEB          
1 32098U 99025CQQ 26278.72920649  .00000514  00000+0  21516-3 0  9998
2 32098  98.6342 269.0761 0193765 341.2387  18.1716 14.20720077684446
FENGYUN 1C DEB          
1 32099U 99025CQR 26283.63492837  .00000700  00000+0  35302-3 0  9993
2 32099  98.3063 229.6752 0338629 151.8498  21.5926 13.93084236688897
FENGYUN 1C DEB          
1 32101U 99025CQT 26282.01078729  .00002196  00000+0  13541-2 0  9999
2 32101  99.0209 183.4402 0118199 123.8072 237.4415 14.03071725973917
FENGYUN 1C DEB          
1 32106U 99025CQY 26278.99272558  .00004269  00000+0  15556-2 0  9993
2 32106 101.4658 348.4134 0099709 333.4028  26.2049 14.31159038736399
FENGYUN 1C DEB          
1 32109U 99025CRB 26279.86881479  .00000518  00000+0  15773-3 0  9996
2 32109  98.3191 154.3669 0204807 142.4544 219.1147 14.34649860691621
FENGYUN 1C DEB          
1 32110U 99025CRC 26282.51825812  .00001867  00000+0  72869-3 0  9990
2 32110  99.5427 125.6300 0031435 230.0429 159.2048 14.30769894686873
FENGYUN 1C DEB          
1 32111U 99025CRD 26281.95381647  .00000406  00000+0  15507-3 0  9995
2 32111  98.4560 278.8249 0120449  37.2069 352.1251 14.31878096  3266
FENGYUN 1C DEB          
1 32113U 99025CRF 26281.35150583  .00000373  00000+0  24204-3 0  9991
2 32113  98.9970 314.4388 0237557 125.3706 236.9906 13.95191859670636
FENGYUN 1C DEB          
1 32114U 99025CRG 26283.80080289  .00011181  00000+0  13029-2 0  9990
2 32114  99.9405 117.8318 0039577 140.5413 219.8689 14.84911571702022
FENGYUN 1C DEB          
1 32117U 99025CRK 26283.34409954  .00001411  00000+0  61813-3 0  9996
2 32117  98.5870 327.3851 0025820 291.7534  68.0898 14.25075558990919
FENGYUN 1C DEB          
1 32119U 99025CRM 26277.45391788  .00000505  00000+0  34457-3 0  9995
2 32119  99.8583 169.9227 0086001 335.4415  24.2664 14.03437914978752
FENGYUN 1C DEB          
1 32123U 99025CRR 26282.50704432  .00000635  00000+0  11567-3 0  9997
2 32123  98.9468 120.1781 0159641  91.6698 300.2026 14.62241712757699
FENGYUN 1C DEB          
1 32125U 99025CRT 26280.29058191  .00007104  00000+0  82110-3 0  9997
2 32125  99.0657 301.1113 0155650 113.3846 248.3819 14.77539154749224
FENGYUN 1C DEB          
1 32126U 99025CRU 26278.39001783  .00000428  00000+0  50969-3 0  9990
2 32126  99.0800 137.5701 0278621 214.3536 143.9311 13.57281004657388
FENGYUN 1C DEB          
1 32127U 99025CRV 26283.09361908  .00000975  00000+0  10340-2 0  9997
2 32127  99.2667 227.5129 0280571 299.9883  57.3683 13.61002535645187
FENGYUN 1C DEB          
1 32128U 99025CRW 26283.41060312  .00001019  00000+0  41056-3 0  9998
2 32128  98.9946 328.3638 0396205 114.6706 249.6250 13.94870844671905
FENGYUN 1C DEB          
1 32129U 99025CRX 26281.33685973  .00003452  00000+0  12767-2 0  9993
2 32129  99.0737  57.3079 0066099 243.9430 145.3005 14.31854010985108
FENGYUN 1C DEB          
1 32130U 99025CRY 26282.78341439  .00000772  00000+0  25961-3 0  9994
2 32130  98.9217 105.5680 0082136 161.2924 199.1312 14.38255698  5548
FENGYUN 1C DEB          
1 32132U 99025CSA 26277.96475990  .00003580  00000+0  82814-3 0  9990
2 32132  98.3548 336.8917 0076660  76.1879 284.7833 14.53968230750996
FENGYUN 1C DEB          
1 32133U 99025CSB 26281.19391973  .00000177  00000+0  10533-3 0  9997
2 32133  98.4469 272.7185 0034538 315.9027  43.9397 14.18278529992198
FENGYUN 1C DEB          
1 32134U 99025CSC 26281.82721272  .00000881  00000+0  29541-3 0  9998
2 32134  98.6014 282.9298 0258134 111.9923  10.2118 14.22523528994124
FENGYUN 1C DEB          
1 32136U 99025CSE 26277.23981897  .00000908  00000+0  30107-3 0  9991
2 32136  98.2816 269.7198 0066449   7.1082 353.1033 14.38839934693389
FENGYUN 1C DEB          
1 32137U 99025CSF 26283.65245572  .00011839  00000+0  10099-2 0  9990
2 32137  98.4791  74.3881 0171186 141.1440 220.2228 14.87164501712102
FENGYUN 1C DEB          
1 32141U 99025CSK 26274.21485284  .00000697  00000+0  45601-3 0  9991
2 32141  98.7536 270.6779 0074654 108.1380 252.7936 14.03998033990479
FENGYUN 1C DEB          
1 32143U 99025CSM 26281.71940924  .00000215  00000+0  11956-3 0  9995
2 32143  98.6338 254.9136 0102706 325.4425  34.0103 14.18187385  1797
FENGYUN 1C DEB          
1 32146U 99025CSQ 26281.76041027  .00008329  00000+0  14341-2 0  9993
2 32146  98.9019 117.6090 0054745 234.3890 125.2205 14.67863528994696
FENGYUN 1C DEB          
1 32150U 99025CSU 26283.90166505  .00000805  00000+0  14504-3 0  9998
2 32150  99.1555 344.4100 0168959 229.3725 129.2675 14.61228847 20974
FENGYUN 1C DEB          
1 32152U 99025CSW 26281.30824952  .00003258  00000+0  67408-3 0  9995
2 32152  98.7771 104.1041 0052228   5.2573 354.9163 14.60210107669808
FENGYUN 1C DEB          
1 32153U 99025CSX 26278.35784804  .00000498  00000+0  11106-3 0  9995
2 32153  98.7374 137.6512 0207315  46.2280 315.5860 14.49262603 15156
FENGYUN 1C DEB          
1 32155U 99025CSZ 26283.07012892  .00000868  00000+0  32111-3 0  9993
2 32155  98.9754 228.2877 0070663  79.1518 281.7608 14.33636991745394
FENGYUN 1C DEB          
1 32156U 99025CTA 26283.37298018  .00000498  00000+0  19615-3 0  9996
2 32156  99.3580 121.7197 0080329 268.2846  90.9134 14.32415375691387
FENGYUN 1C DEB          
1 32160U 99025CTE 26283.23473891  .00001027  00000+0  33971-3 0  9990
2 32160  98.9109  96.1132 0080953 188.0850 171.9037 14.38384733  1493
FENGYUN 1C DEB          
1 32161U 99025CTF 26283.52736740 -.00000057  00000+0 -90298-5 0  9999
2 32161  98.8398  23.8990 0135712 158.8823 201.8021 14.02106188676582
FENGYUN 1C DEB          
1 32162U 99025CTG 26281.48717802  .00003897  00000+0  72072-3 0  9992
2 32162  99.4376  15.2120 0044120 344.9819  15.0067 14.65479767993044
FENGYUN 1C DEB          
1 32163U 99025CTH 26283.86454739  .00001860  00000+0  54601-3 0  9990
2 32163  99.5266 330.9593 0049670 230.8925 128.7840 14.44533259653364
FENGYUN 1C DEB          
1 32165U 99025CTK 26279.55180736  .00001646  00000+0  95517-3 0  9999
2 32165  98.6222 195.3839 0140063  20.7417 339.9359 14.05248932673141
FENGYUN 1C DEB          
1 32167U 99025CTM 26283.17769734  .00000485  00000+0  17389-3 0  9996
2 32167  98.4943 275.9056 0161047 246.0479 112.3768 14.31556156669874
FENGYUN 1C DEB          
1 32168U 99025CTN 26283.69365589  .00003572  00000+0  23854-2 0  9997
2 32168 101.6565  71.6827 0248964 214.8045 143.6600 13.88002425676668
FENGYUN 1C DEB          
1 32169U 99025CTP 26281.53623339  .00018758  00000+0  23423-2 0  9993
2 32169  98.5372 132.3628 0026256 258.5755 101.2507 14.82176061 10373
FENGYUN 1C DEB          
1 32171U 99025CTR 26283.77471387  .00002591  00000+0  22724-2 0  9999
2 32171 102.8072 268.1354 0480043  70.6585  49.6571 13.44408706646729
FENGYUN 1C DEB          
1 32174U 99025CTU 26283.41261153  .00000281  00000+0  13969-3 0  9997
2 32174  98.5652 340.6797 0151379  96.3868 265.4571 14.18226717683811
FENGYUN 1C DEB          
1 32175U 99025CTV 26281.72394088  .00001909  00000+0  12911-2 0  9997
2 32175  98.8429 263.1056 0144492 215.6032 143.5425 13.96586714640257
FENGYUN 1C DEB          
1 32176U 99025CTW 26282.04055885  .00027839  00000+0  23178-2 0  9990
2 32176  99.3758  14.7968 0023082 168.4393 191.7359 14.98420880659577
FENGYUN 1C DEB          
1 32177U 99025CTX 26277.91506988  .00003254  00000+0  69168-3 0  9991
2 32177  99.0277 317.5862 0047796 224.3280 135.4086 14.59142766753548
FENGYUN 1C DEB          
1 32178U 99025CTY 26283.43761558  .00001482  00000+0  63887-3 0  9995
2 32178 100.2863 340.9315 0093542 212.1992 147.3448 14.24176861682969
FENGYUN 1C DEB          
1 32179U 99025CTZ 26282.38650760  .00000009  00000+0  29679-4 0  9997
2 32179  98.8688 329.6379 0146021  71.3538 353.9115 14.03846300699461
FENGYUN 1C DEB          
1 32180U 99025CUA 26283.95275757  .00000025  00000+0  60304-4 0  9990
2 32180  99.5447 333.5670 0137234 134.0642 350.1913 13.82385520984438
FENGYUN 1C DEB          
1 32181U 99025CUB 26283.65123009  .00003313  00000+0  70535-3 0  9999
2 32181  99.4998  74.0637 0070272 263.3737 157.9561 14.58307830 11130
FENGYUN 1C DEB          
1 32183U 99025CUD 26283.86042727  .00000892  00000+0  51881-3 0  9993
2 32183  98.6801 330.1831 0041084 282.2139  77.4433 14.10697955770238
FENGYUN 1C DEB          
1 32186U 99025CUG 26283.45286855  .00000670  00000+0  54748-3 0  9992
2 32186  99.5834 341.8723 0273554 133.0253 243.0232 13.77100565667629
FENGYUN 1C DEB          
1 32187U 99025CUH 26283.00571851  .00000218  00000+0  30601-3 0  9997
2 32187  99.4789 353.4886 0293761 111.0342  14.5447 13.50665684703252
FENGYUN 1C DEB          
1 32191U 99025CUM 26280.99082927  .00001450  00000+0  59092-3 0  9992
2 32191  98.6820 339.8087 0090977  36.4552 324.2776 14.26709888687663
FENGYUN 1C DEB          
1 32192U 99025CUN 26283.84704940  .00000286  00000+0  26196-3 0  9991
2 32192  98.6145 134.8794 0182558  62.6038 299.3560 13.82709858968875
FENGYUN 1C DEB          
1 32195U 99025CUR 26275.21869104  .00000546  00000+0  33296-3 0  9998
2 32195  98.7807 274.8950 0069234 189.8244 170.1576 14.08909590681148
FENGYUN 1C DEB          
1 32197U 99025CUT 26282.03562701  .00000711  00000+0  23883-3 0  9996
2 32197  98.8971 204.4231 0161994  70.8653 353.8477 14.33260463987240
FENGYUN 1C DEB          
1 32198U 99025CUU 26282.62436592  .00001847  00000+0  10139-2 0  9990
2 32198  98.3598  53.0158 0095443 150.8742 209.7801 14.10559976611856
FENGYUN 1C DEB          
1 32200U 99025CUW 26282.41017370  .00001128  00000+0  58148-3 0  9995
2 32200  98.7640 332.0803 0041071 150.8124 209.5358 14.16686732986195
FENGYUN 1C DEB          
1 32203U 99025CUZ 26283.97440342  .00187123  12365-4  11679-2 0  9998
2 32203  96.9655 173.9062 0072143  48.2895 312.4511 15.73144542797953
FENGYUN 1C DEB          
1 32205U 99025CVB 26278.23693466  .00000152  00000+0  10255-3 0  9994
2 32205  98.6854 278.6670 0011309 157.8445 263.0822 14.14075582986887
FENGYUN 1C DEB          
1 32207U 99025CVD 26283.28858287  .00000663  00000+0  21914-3 0  9992
2 32207  99.8795 292.8642 0084214 353.6694  17.1221 14.40189360686472
FENGYUN 1C DEB          
1 32209U 99025CVF 26281.76389956  .00001122  00000+0  13468-2 0  9992
2 32209  99.4328 217.5454 0332577 355.8806   3.9606 13.47942731940179
FENGYUN 1C DEB          
1 32212U 99025CVJ 26283.64590543  .00001191  00000+0  34804-3 0  9995
2 32212  99.5979  61.4340 0134682 282.2883  89.1271 14.41233919  3801
FENGYUN 1C DEB          
1 32214U 99025CVL 26281.33963179  .00002105  00000+0  14585-2 0  9999
2 32214  99.0295 304.4406 0175502 302.5650  70.2690 13.92971700665909
FENGYUN 1C DEB          
1 32218U 99025CVQ 26283.84271042  .00004070  00000+0  88103-3 0  9993
2 32218  98.7859 139.6474 0058903 225.9602 197.1246 14.57750661  6175
FENGYUN 1C DEB          
1 32221U 99025CVT 26283.71003044  .00000717  00000+0  14207-3 0  9996
2 32221  98.6038  88.9798 0143403 295.5117  63.1310 14.59486408 15919
FENGYUN 1C DEB          
1 32222U 99025CVU 26277.71435458  .00031162  00000+0  39759-2 0  9994
2 32222  99.1000 266.5272 0037783  30.5172 329.8224 14.80887356689135
FENGYUN 1C DEB          
1 32223U 99025CVV 26282.10729262  .00001958  00000+0  88739-3 0  9996
2 32223  98.8273   6.4317 0047936 172.9358 306.1307 14.22495147684924
FENGYUN 1C DEB          
1 32224U 99025CVW 26283.63744412  .00000452  00000+0  17201-3 0  9994
2 32224  99.0222 252.1223 0074551 263.9023  95.3662 14.34485722   194
FENGYUN 1C DEB          
1 32225U 99025CVX 26278.38790835  .00000174  00000+0  11385-3 0  9999
2 32225  99.0534 336.0381 0072788  91.3815 269.5697 14.13251495723066
FENGYUN 1C DEB          
1 32230U 99025CWC 26281.95973045  .00009109  00000+0  17703-2 0  9994
2 32230  98.8885  97.6968 0045957 248.9392 265.0749 14.62716751650509
FENGYUN 1C DEB          
1 32234U 99025CWG 26282.76180858  .00001277  00000+0  90636-3 0  9995
2 32234  98.5088 114.7149 0134482 219.5661 139.5626 13.95043046974055
FENGYUN 1C DEB          
1 32241U 99025CWP 26283.39555917  .00002607  00000+0  90886-3 0  9990
2 32241  99.0554 330.2238 0142267  70.1985 291.4471 14.30716756981342
FENGYUN 1C DEB          
1 32242U 99025CWQ 26280.36371327  .00000885  00000+0  71713-3 0  9990
2 32242  97.2535 128.4316 0158701 196.1586 163.4482 13.86212511670583
FENGYUN 1C DEB          
1 32243U 99025CWR 26282.44922874  .00002568  00000+0  11469-2 0  9992
2 32243  98.2572 286.0292 0263890 345.6706  13.7080 14.06630620978132
FENGYUN 1C DEB          
1 32245U 99025CWT 26283.88056101  .00007849  00000+0  93886-3 0  9995
2 32245  98.6269 147.8070 0090166 100.5261 260.6123 14.81559294705743
FENGYUN 1C DEB          
1 32303U 99025CWU 26272.15873698  .00003765  00000+0  15018-2 0  9999
2 32303  97.8120  39.9922 0088902 168.9294 191.3872 14.26870222663730
FENGYUN 1C DEB          
1 32304U 99025CWV 26281.21615528  .00002212  00000+0  53947-3 0  9993
2 32304  99.4222 276.6543 0049962  57.6149 302.9864 14.53127354606196
FENGYUN 1C DEB          
1 32308U 99025CWZ 26279.83655013  .00001389  00000+0  81528-3 0  9995
2 32308  97.7589 295.6009 0105315 277.5416  81.3803 14.06752863696018
FENGYUN 1C DEB          
1 32311U 99025CXC 26282.64130619  .00000669  00000+0  92354-3 0  9991
2 32311 101.7233 214.9245 0399972 139.9036 223.2340 13.34224484113495
FENGYUN 1C DEB          
1 32314U 99025CXF 26282.66218294  .00006562  00000+0  66371-3 0  9990
2 32314  98.8913  65.5229 0134672 283.3436  75.2790 14.84847920 18493
FENGYUN 1C DEB          
1 32315U 99025CXG 26283.71993608  .00000040  00000+0  93941-4 0  9996
2 32315 100.8368 107.1965 0228882  93.8511 268.8828 13.66252112652125
FENGYUN 1C DEB          
1 32316U 99025CXH 26283.98158878  .00004717  00000+0  11163-2 0  9997
2 32316  99.5067 356.1101 0028530 151.0098  23.8940 14.54407866  1587
FENGYUN 1C DEB          
1 32320U 99025CXM 26283.52727810  .00001930  00000+0  65352-3 0  9994
2 32320 100.3525 206.6032 0054135 283.4429  76.0722 14.37494497665077
FENGYUN 1C DEB          
1 32322U 99025CXP 26281.34813120  .00000417  00000+0  54256-3 0  9994
2 32322  98.3422 114.5516 0419072  61.0201 303.2267 13.34574134643751
FENGYUN 1C DEB          
1 32323U 99025CXQ 26275.60699407  .00001482  00000+0  95965-3 0  9992
2 32323  98.5840  44.6091 0152034 111.1453 250.6037 13.98640334643753
FENGYUN 1C DEB          
1 32324U 99025CXR 26282.29586018  .00000483  00000+0  30073-3 0  9998
2 32324  99.5545  46.6866 0049293 273.6822  85.8710 14.09613244682320
FENGYUN 1C DEB          
1 32326U 99025CXT 26279.67351958  .00000544  00000+0  39063-3 0  9997
2 32326  98.4828 179.7250 0386494  63.3360 300.6825 13.69697644672603
FENGYUN 1C DEB          
1 32331U 99025CXY 26278.00265630  .00055051  00000+0  49704-2 0  9995
2 32331  99.1693 294.7851 0008904 271.0363  88.9833 14.95230782650135
FENGYUN 1C DEB          
1 32332U 99025CXZ 26283.92277957  .00001712  00000+0  87039-3 0  9997
2 32332  99.1089 341.4133 0284060 202.4730 156.3786 13.98408065972589
FENGYUN 1C DEB          
1 32334U 99025CYB 26283.45939520  .00000781  00000+0  53139-3 0  9997
2 32334  99.2191 346.5727 0068773 170.1734 190.0794 14.01986531981675
FENGYUN 1C DEB          
1 32340U 99025CYH 26282.87116102  .00010892  00000+0  13530-2 0  9996
2 32340  98.9637 328.3053 0030181  68.4451 291.9971 14.82472722 16083
FENGYUN 1C DEB          
1 32342U 99025CYK 26283.25197380  .00000090  00000+0  70363-4 0  9996
2 32342  98.6707 287.6012 0007327 195.4209 178.6251 14.13500321979777
FENGYUN 1C DEB          
1 32343U 99025CYL 26278.21148204  .00000538  00000+0  24289-3 0  9990
2 32343  98.6388 262.6201 0150833 351.6210   8.2452 14.20280004689214
FENGYUN 1C DEB          
1 32350U 99025CYT 26283.84242169  .00004216  00000+0  62494-3 0  9995
2 32350  98.1892 328.1333 0261139  84.4225 278.6691 14.55043975 18980
FENGYUN 1C DEB          
1 32352U 99025CYV 26281.04842573  .00000719  00000+0  21517-3 0  9997
2 32352  98.7876 214.5957 0121342   0.4617 359.6663 14.41980742695824
FENGYUN 1C DEB          
1 32353U 99025CYW 26283.22525258  .00002438  00000+0  14203-2 0  9991
2 32353  98.9352  99.9978 0122277  76.2348 285.2395 14.05763137674273
FENGYUN 1C DEB          
1 32356U 99025CYZ 26283.69660527  .00002596  00000+0  15399-2 0  9996
2 32356 102.4975 263.0886 0124469   2.7392 357.4418 14.05236346726260
FENGYUN 1C DEB          
1 32357U 99025CZA 26282.30388056  .00002582  00000+0  12748-2 0  9998
2 32357  98.8314 303.5672 0483101 110.5723 316.4388 13.70942464709039
FENGYUN 1C DEB          
1 32361U 99025CZE 26281.67605726  .00005024  00000+0  11637-2 0  9998
2 32361  98.8417   2.2301 0043956 213.2336 146.6098 14.54973615  6992
FENGYUN 1C DEB          
1 32362U 99025CZF 26278.19991566  .00001555  00000+0  15132-2 0  9991
2 32362  99.8559 259.4383 0266053 251.9609 105.2382 13.66600688951775
FENGYUN 1C DEB          
1 32366U 99025CZK 26283.91115565  .00001985  00000+0  94919-3 0  9996
2 32366  96.7708 338.8852 0132574  80.6551 280.9590 14.15293370974764
FENGYUN 1C DEB          
1 32372U 99025CZR 26282.69315180  .00000773  00000+0  86456-3 0  9993
2 32372  97.3074  84.5306 0454144 336.8802  21.2456 13.36162143641581
FENGYUN 1C DEB          
1 32409U 99025CZV 26283.85490012  .00010656  00000+0  12642-2 0  9997
2 32409  99.5548 150.6985 0034235 302.5435 116.1598 14.84319657633116
FENGYUN 1C DEB          
1 32411U 99025CZX 26282.54414767  .00000197  00000+0  12553-3 0  9999
2 32411  98.4166 186.6349 0121918 236.3403 122.6093 14.10184157700537
FENGYUN 1C DEB          
1 32414U 99025DAA 26277.48113178  .00001321  00000+0  63847-3 0  9993
2 32414  98.8393 352.6577 0045785 228.4272 131.2975 14.19758989979270
FENGYUN 1C DEB          
1 32416U 99025DAC 26265.56371577  .00000512  00000+0  56889-3 0  9999
2 32416 100.7830  30.5357 0237415 290.1292  67.4448 13.65952861655057
FENGYUN 1C DEB          
1 32418U 99025DAE 26277.35220612  .00002818  00000+0  14435-2 0  9995
2 32418  98.1803 124.4312 0220648 278.8737  78.7511 14.04410228671368
FENGYUN 1C DEB          
1 32419U 99025DAF 26279.45643765  .00000517  00000+0  21756-3 0  9996
2 32419  97.9462 185.8714 0279706 245.4625 111.7158 14.10581647677675
FENGYUN 1C DEB          
1 32422U 99025DAJ 26283.06667834  .00000579  00000+0  29274-3 0  9996
2 32422  97.8643  16.8668 0299016 153.6151 208.0600 13.98418688673442
FENGYUN 1C DEB          
1 32425U 99025DAM 26282.03248274  .00000631  00000+0  24892-3 0  9998
2 32425  96.7230   2.5383 0232972 112.6628 249.9369 14.17413497737883
FENGYUN 1C DEB          
1 32429U 99025DAR 26279.43364796  .00009900  00000+0  19028-2 0  9992
2 32429  99.0800 140.8530 0032154  51.1128 309.2932 14.63542229998116
FENGYUN 1C DEB          
1 32430U 99025DAS 26283.76791735  .00001657  00000+0  11574-2 0  9991
2 32430  98.6844 285.4483 0367515 186.0811 173.5814 13.71762347953422
FENGYUN 1C DEB          
1 32432U 99025DAU 26283.36330540  .00006063  00000+0  11439-2 0  9998
2 32432  98.1445 317.3523 0166103  92.5546 269.4678 14.56293262750801
FENGYUN 1C DEB          
1 32440U 99025DBC 26282.83356832  .00002003  00000+0  18386-2 0  9998
2 32440  99.1295 124.9272 0323195  32.4463 329.6107 13.62882458643853
FENGYUN 1C DEB          
1 32441U 99025DBD 26279.38537103  .00001583  00000+0  67899-3 0  9993
2 32441  97.7718 329.5212 0248514 161.5906 199.4464 14.10667462987728
FENGYUN 1C DEB          
1 32447U 99025DBK 26283.29284069  .00000004  00000+0  34004-4 0  9994
2 32447  98.9195 295.1781 0078282 291.2485  68.0331 13.96152246720867
FENGYUN 1C DEB          
1 32451U 99025DBP 26283.19231115  .00002031  00000+0  15190-2 0  9997
2 32451  99.9874 288.5906 0183872 123.8263 238.0547 13.88271213659459
FENGYUN 1C DEB          
1 32453U 99025DBR 26278.05140722  .00000534  00000+0  35950-3 0  9994
2 32453  99.3696 201.2017 0097977 112.3678 248.7905 14.02846018975821
FENGYUN 1C DEB          
1 32455U 99025DBT 26281.97421467  .00002198  00000+0  13607-2 0  9991
2 32455 101.7232 199.0475 0232391 121.3677 241.0439 13.94246072685975
FENGYUN 1C DEB          
1 32456U 99025DBU 26283.97306461  .00000903  00000+0  12614-2 0  9999
2 32456 103.6582 171.0661 0378335 328.5223  29.3741 13.36216557646521
FENGYUN 1C DEB          
1 32457U 99025DBV 26275.32894951  .00000531  00000+0  76876-3 0  9994
2 32457 100.0998 314.8832 0415719 351.3705   8.0421 13.29729954578523
FENGYUN 1C DEB          
1 32458U 99025DBW 26282.89644565  .00005129  00000+0  93399-3 0  9996
2 32458  99.0197 336.8721 0038504 168.6453 191.5625 14.66092593721972
FENGYUN 1C DEB          
1 32459U 99025DBX 26283.79593756  .00001745  00000+0  40190-3 0  9993
2 32459  98.2919 295.5850 0209798 351.2711   8.4854 14.44044314989084
FENGYUN 1C DEB          
1 32460U 99025DBY 26279.56611119  .00000520  00000+0  39054-3 0  9996
2 32460  98.0438  29.4566 0183781  12.5939 347.9725 13.90376838693911
FENGYUN 1C DEB          
1 32461U 99025DBZ 26276.00589257  .00000650  00000+0  60542-3 0  9990
2 32461  98.3204  98.3802 0232479  43.7993 104.9612 13.73526862713339
FENGYUN 1C DEB          
1 32464U 99025DCC 26276.80331500  .00008916  00000+0  63230-3 0  9997
2 32464  97.3360 288.6360 0094526 316.3546  43.0229 15.01385601652087
FENGYUN 1C DEB          
1 33502U 99025DCF 26282.85672356  .00004250  00000+0  17797-2 0  9993
2 33502  99.0367 238.6245 0079810   9.9565  18.0567 14.24859097912400
FENGYUN 1C DEB          
1 33599U 99025DCG 26272.35472633  .00029250  00000+0  66553-3 0  9991
2 33599  96.5622 311.6093 0072431 332.3138  27.4261 15.40128036704401
FENGYUN 1C DEB          
1 33601U 99025DCJ 26281.32000095  .00000970  00000+0  52167-3 0  9995
2 33601  98.3450  59.8655 0154812   6.4620 353.8500 14.09035089948971
FENGYUN 1C DEB          
1 33603U 99025DCL 26283.68027722  .00000921  00000+0  86623-4 0  9995
2 33603  98.8416 254.5897 0214941 195.2830 164.1821 14.81264324 33253
FENGYUN 1C DEB          
1 33605U 99025DCN 26279.94962856  .00000406  00000+0  25924-3 0  9991
2 33605  98.7136 273.4290 0055409 313.6104  74.9595 14.08250362640157
FENGYUN 1C DEB          
1 33612U 99025DCV 26282.84226482  .00001508  00000+0  90554-3 0  9995
2 33612  98.6166 241.7182 0111091 341.4469  18.2664 14.05332629609010
FENGYUN 1C DEB          
1 33613U 99025DCW 26283.50418500  .00003409  00000+0  11851-2 0  9998
2 33613  98.6787   1.8744 0027921 272.5390  87.2599 14.35919086688374
FENGYUN 1C DEB          
1 33618U 99025DDB 26283.48311447  .00002766  00000+0  44496-3 0  9999
2 33618  98.5291  26.1906 0156939 282.4010  75.9666 14.64574460 11935
FENGYUN 1C DEB          
1 33619U 99025DDC 26283.46011365  .00001970  00000+0  95543-3 0  9999
2 33619  98.8442 357.0557 0050054 260.7008  98.8505 14.18903643679015
FENGYUN 1C DEB          
1 33621U 99025DDE 26282.27349680  .00000962  00000+0  31274-3 0  9995
2 33621  98.1206 114.2234 0283493 132.6156 229.9309 14.20350583685096
FENGYUN 1C DEB          
1 33623U 99025DDG 26278.07936246  .00008317  00000+0  23606-2 0  9991
2 33623  98.2039  28.1227 0051024 105.5615 255.1217 14.44895199655976
FENGYUN 1C DEB          
1 33625U 99025DDJ 26282.83216058  .00005489  00000+0  75082-3 0  9997
2 33625  98.6486  52.5225 0213507 282.2683  75.4686 14.64450119657933
FENGYUN 1C DEB          
1 33630U 99025DDP 26276.55462729  .00000349  00000+0  17550-3 0  9999
2 33630  98.6287  19.2971 0132811 299.0809  59.7120 14.18146955685893
FENGYUN 1C DEB          
1 33633U 99025DDS 26282.27886652  .00002190  00000+0  99003-3 0  9992
2 33633  99.0609  28.8383 0078920  12.9211  14.5319 14.21498760949789
FENGYUN 1C DEB          
1 33636U 99025DDV 26278.28602266  .00000912  00000+0  35156-3 0  9997
2 33636  98.4533 291.2315 0064551 300.6189 129.2575 14.31501587743095
FENGYUN 1C DEB          
1 33637U 99025DDW 26272.38030566  .00001560  00000+0  50647-3 0  9993
2 33637  98.4664 318.4657 0079640   4.7212 355.4709 14.38471108690147
FENGYUN 1C DEB          
1 33638U 99025DDX 26283.35383112  .00000557  00000+0  53178-3 0  9998
2 33638  98.4405 142.8019 0260699 187.0116 172.7358 13.69933628650448
FENGYUN 1C DEB          
1 33639U 99025DDY 26274.54231447  .00002904  00000+0  85409-3 0  9993
2 33639  98.7135  16.6293 0048999 135.3599 225.1552 14.43799911648031
FENGYUN 1C DEB          
1 33640U 99025DDZ 26280.11024441  .00001204  00000+0  32922-3 0  9993
2 33640  98.8753 241.3265 0089344 347.4010  12.4948 14.46950611966565
FENGYUN 1C DEB          
1 33646U 99025DEF 26283.53824085  .00002168  00000+0  12942-2 0  9999
2 33646  98.5939 187.8483 0112408  32.6291 328.1758 14.05094810762848
FENGYUN 1C DEB          
1 33647U 99025DEG 26282.29133107  .00001422  00000+0  93043-3 0  9994
2 33647  98.1923 107.4892 0243225 338.7899  20.3311 13.90138565670197
FENGYUN 1C DEB          
1 33648U 99025DEH 26283.26740894  .00000147  00000+0  10128-3 0  9996
2 33648  98.7339 278.8336 0069459  38.9592 321.6556 14.11900034686316
FENGYUN 1C DEB          
1 33650U 99025DEK 26280.41607879  .00001152  00000+0  88539-3 0  9996
2 33650  99.0182  80.7735 0149204 346.5550  13.1653 13.90058693729579
FENGYUN 1C DEB          
1 33651U 99025DEL 26279.38765898  .00000149  00000+0  84097-4 0  9998
2 33651  98.6171 323.1058 0115617 273.4383  85.3575 14.20540187684974
FENGYUN 1C DEB          
1 33655U 99025DEQ 26283.53193639  .00038249  00000+0  20332-2 0  9994
2 33655  98.8028  36.4137 0031102  85.8495 274.6286 15.14755087 10941
FENGYUN 1C DEB          
1 33656U 99025DER 26275.23627825  .00000390  00000+0  18458-3 0  9995
2 33656  98.5995 266.1458 0087756 258.1362 100.9965 14.23200165668837
FENGYUN 1C DEB          
1 33658U 99025DET 26283.70829142  .00001638  00000+0  16298-2 0  9999
2 33658  99.5841  77.0898 0279669 130.3848 232.2069 13.63644041622532
FENGYUN 1C DEB          
1 33660U 99025DEV 26282.94330185  .00000319  00000+0  26684-3 0  9997
2 33660  98.6346 179.0231 0110625 135.8788 285.1477 13.92028770952542
FENGYUN 1C DEB          
1 33661U 99025DEW 26281.56524936  .00000976  00000+0  89643-3 0  9997
2 33661  98.3857 137.2386 0231494  67.0540 323.7288 13.73414856685729
FENGYUN 1C DEB          
1 33663U 99025DEY 26283.32270278  .00023603  00000+0  30884-2 0  9996
2 33663  98.8844 307.1533 0060010 153.0293 207.4056 14.79134052686387
FENGYUN 1C DEB          
1 33664U 99025DEZ 26271.33302633  .00000475  00000+0  29004-3 0  9991
2 33664  98.7426  53.6731 0162183 307.0941  51.5495 14.04313110948031
FENGYUN 1C DEB          
1 33665U 99025DFA 26280.56262249  .00000670  00000+0  18186-3 0  9991
2 33665  99.0521  42.8009 0448160 337.9084  20.3290 14.05239713967868
FENGYUN 1C DEB          
1 33673U 99025DFJ 26280.62291927  .00000721  00000+0  53385-3 0  9999
2 33673  99.3142 336.1109 0105660 131.5062  22.9285 13.95941915940717
FENGYUN 1C DEB          
1 33674U 99025DFK 26282.04686232  .00001185  00000+0  10357-2 0  9991
2 33674  98.5901 308.7454 0210145 151.8138 209.4581 13.77857412924995
FENGYUN 1C DEB          
1 33676U 99025DFM 26283.87789434  .00000285  00000+0  94165-4 0  9994
2 33676  99.0615 329.4516 0202487 265.5309  92.2719 14.35813763696462
FENGYUN 1C DEB          
1 33678U 99025DFP 26282.71184428  .00000802  00000+0  17763-3 0  9993
2 33678  99.0216  13.7714 0203054  57.5149 304.5491 14.48386558994510
FENGYUN 1C DEB          
1 33679U 99025DFQ 26283.60259087  .00027139  00000+0  10755-2 0  9992
2 33679  99.3493  62.0226 0106666  31.7619 328.9985 15.20196397986849
FENGYUN 1C DEB          
1 33682U 99025DFT 26282.64455719  .00002222  00000+0  90660-3 0  9999
2 33682  99.4025 357.1256 0026200 300.7972  59.0628 14.28338387959910
FENGYUN 1C DEB          
1 33684U 99025DFV 26282.01139262  .00012056  00000+0  87975-3 0  9995
2 33684  99.0416  19.0797 0266618 120.6613 242.1168 14.79554164974208
FENGYUN 1C DEB          
1 33687U 99025DFY 26282.99369606  .00041719  00000+0  98156-3 0  9993
2 33687  98.9623 355.8235 0075838  32.4358 328.1510 15.38834514761122
FENGYUN 1C DEB          
1 33688U 99025DFZ 26281.34808611  .00004720  00000+0  11960-2 0  9994
2 33688  99.3610  59.6815 0049010  98.7117 261.9630 14.50686891958196
FENGYUN 1C DEB          
1 33689U 99025DGA 26278.38682936  .00001579  00000+0  44467-3 0  9993
2 33689  99.5460 328.1693 0046098   4.7654  60.8186 14.46909437738182
FENGYUN 1C DEB          
1 33690U 99025DGB 26282.76349179  .00005572  00000+0  12730-2 0  9995
2 33690  98.6195  34.7733 0030280 207.5062 152.4534 14.55863077975947
FENGYUN 1C DEB          
1 33691U 99025DGC 26282.47521530  .00002993  00000+0  12519-2 0  9996
2 33691  99.1511 282.1022 0064142 284.9678  74.4405 14.25803093947715
FENGYUN 1C DEB          
1 33693U 99025DGE 26281.43923232  .00000844  00000+0  81922-3 0  9996
2 33693  99.2370  92.9275 0222773 294.4321  63.3732 13.72057367923401
FENGYUN 1C DEB          
1 33697U 99025DGJ 26280.10240817  .00001756  00000+0  90101-3 0  9996
2 33697  99.0150  28.4913 0072081 134.3437 226.3674 14.15359448974312
FENGYUN 1C DEB          
1 33698U 99025DGK 26283.30494707  .00000964  00000+0  20437-3 0  9996
2 33698  99.6453 294.9657 0136972  43.0473 318.1338 14.56512937    19
FENGYUN 1C DEB          
1 33701U 99025DGN 26282.80297629  .00001608  00000+0  97188-3 0  9992
2 33701  98.6788 228.1086 0133103  63.1822 298.2887 14.03548891947278
FENGYUN 1C DEB          
1 33710U 99025DGX 26280.07081070  .00000792  00000+0  44683-3 0  9995
2 33710  98.9856  24.4039 0053747  26.8239 333.5694 14.12537751718677
FENGYUN 1C DEB          
1 33711U 99025DGY 26278.44227602  .00000675  00000+0  45802-3 0  9991
2 33711  99.1610 338.1796 0097008 311.1624  61.2990 14.01479183960877
FENGYUN 1C DEB          
1 33716U 99025DHD 26277.08659805  .00000124  00000+0  59926-4 0  9991
2 33716  98.8916 215.0625 0092487 212.2869 147.2632 14.32889700693874
FENGYUN 1C DEB          
1 33718U 99025DHF 26282.57955014  .00002525  00000+0  14100-2 0  9994
2 33718  99.6649  35.5220 0098911 213.6983 145.7870 14.09434220734223
FENGYUN 1C DEB          
1 33719U 99025DHG 26282.65997384  .00001119  00000+0  49995-3 0  9999
2 33719  98.7473 346.5364 0027799 288.1074 224.6567 14.24492120962961
FENGYUN 1C DEB          
1 33720U 99025DHH 26283.22227200  .00001033  00000+0  31426-3 0  9993
2 33720  98.2542 280.9074 0078672 234.6766 124.7051 14.42337828977006
FENGYUN 1C DEB          
1 33722U 99025DHK 26283.76622293  .00000944  00000+0  39161-3 0  9999
2 33722  98.5649 294.5957 0158750  95.0812 266.8507 14.22095475964396
FENGYUN 1C DEB          
1 33723U 99025DHL 26281.49630880  .00002829  00000+0  14090-2 0  9996
2 33723  99.1478  14.3463 0099308 205.8363 217.4494 14.15280516678617
FENGYUN 1C DEB          
1 33724U 99025DHM 26283.28738723  .00000595  00000+0  29792-3 0  9995
2 33724  98.6011 290.1595 0028000  34.1288  32.0565 14.20135442982414
FENGYUN 1C DEB          
1 33726U 99025DHP 26282.81607385  .00000597  00000+0  27934-3 0  9992
2 33726  98.6728  43.0198 0190637 249.0079 266.7400 14.14793314961889
FENGYUN 1C DEB          
1 33728U 99025DHR 26282.24817296  .00003068  00000+0  23200-3 0  9993
2 33728  98.9607  25.5823 0138992 327.2854  31.9810 14.95944553 27899
FENGYUN 1C DEB          
1 33730U 99025DHT 26283.51997729  .00007689  00000+0  13378-2 0  9994
2 33730  99.0361  16.5506 0037778 162.7392 197.5104 14.67954100   522
FENGYUN 1C DEB          
1 33731U 99025DHU 26282.55108486  .00000565  00000+0  41492-3 0  9997
2 33731  99.4277 317.0796 0127272 319.5923  39.5837 13.96425230946462
FENGYUN 1C DEB          
1 33733U 99025DHW 26281.25956462  .00003914  00000+0  13444-2 0  9996
2 33733  99.0984  26.7368 0071285  18.4999  10.6477 14.35254536947390
FENGYUN 1C DEB          
1 33737U 99025DJA 26282.99527407  .00001056  00000+0  64487-3 0  9994
2 33737  98.3477  97.2073 0127205 148.6809 343.2371 14.03919237929668
FENGYUN 1C DEB          
1 33738U 99025DJB 26283.95351255  .00000701  00000+0  43396-3 0  9990
2 33738  99.1130 348.4755 0190296 268.4302 268.9243 14.00056474934648
FENGYUN 1C DEB          
1 33740U 99025DJD 26283.77725731  .00000121  00000+0  88611-4 0  9993
2 33740  98.6810 292.3564 0001973  48.1717 311.9624 14.12460452944103
FENGYUN 1C DEB          
1 33741U 99025DJE 26280.17756294  .00002263  00000+0  11733-2 0  9991
2 33741  98.5552 184.9522 0126670 319.8298  39.3563 14.11749378610716
FENGYUN 1C DEB          
1 33745U 99025DJJ 26283.37665344  .00001689  00000+0  74702-3 0  9992
2 33745  99.0937 335.7461 0054414 125.3597 235.2683 14.23835691702921
FENGYUN 1C DEB          
1 33747U 99025DJL 26280.26063453  .00002692  00000+0  12496-2 0  9998
2 33747  99.0973  27.4872 0086508  92.3875 268.7208 14.19590795943654
FENGYUN 1C DEB          
1 33748U 99025DJM 26282.58769815  .00001403  00000+0  51911-3 0  9996
2 33748  98.5566 335.5712 0035585  74.0786 286.4315 14.33556968957022
FENGYUN 1C DEB          
1 35088U 99025DJQ 26283.85828580  .00009946  00000+0  35872-2 0  9998
2 35088  94.6256 319.6321 0245635 338.3983  20.6976 14.18254541630740
FENGYUN 1C DEB          
1 35089U 99025DJR 26277.97471267  .00000465  00000+0  23724-3 0  9992
2 35089  98.5591 283.0289 0026216 285.5246  74.3037 14.20160646650796
FENGYUN 1C DEB          
1 35090U 99025DJS 26281.52197733  .00001474  00000+0  71844-3 0  9990
2 35090  99.1829 309.8970 0054500 245.3470 114.2022 14.19012404705002
FENGYUN 1C DEB          
1 35091U 99025DJT 26282.28673730  .00008040  00000+0  13657-2 0  9994
2 35091  98.6078  45.5400 0042676  79.2668 281.3336 14.68839016943300
FENGYUN 1C DEB          
1 35102U 99025DKE 26277.27065158  .00000600  00000+0  24711-3 0  9997
2 35102  98.4766 284.5529 0058428 302.1257  57.4264 14.29515242691341
FENGYUN 1C DEB          
1 35104U 99025DKG 26283.26849806  .00000522  00000+0  26063-3 0  9990
2 35104  98.5983 286.6836 0030476 352.2357  20.5906 14.20769527940483
FENGYUN 1C DEB          
1 35105U 99025DKH 26283.26760853  .00000557  00000+0  15945-3 0  9990
2 35105  98.9646 286.0658 0109791 234.4174 124.6746 14.46025889988502
FENGYUN 1C DEB          
1 35108U 99025DKL 26269.23030025  .00000285  00000+0  18105-3 0  9994
2 35108  98.8157 262.5497 0133224 333.0405  26.3885 14.07207326932812
FENGYUN 1C DEB          
1 35109U 99025DKM 26282.91893594  .00000288  00000+0  13633-3 0  9997
2 35109  98.6413 270.3585 0150998 242.2861 116.2930 14.21208030684379
FENGYUN 1C DEB          
1 35111U 99025DKP 26280.22881663  .00000406  00000+0  25061-3 0  9996
2 35111  99.4572  19.5920 0022903 113.6475 246.7102 14.11367437683543
FENGYUN 1C DEB          
1 35116U 99025DKU 26275.95171666  .00000872  00000+0  37617-3 0  9997
2 35116  98.6349 322.9465 0056663 270.5127  88.9561 14.26194975641521
FENGYUN 1C DEB          
1 35121U 99025DKZ 26282.35271547  .00000324  00000+0  20257-3 0  9998
2 35121  98.2676 124.7508 0156735 321.7990  37.2154 14.04920895653128
FENGYUN 1C DEB          
1 35122U 99025DLA 26283.26153942  .00000344  00000+0  20137-3 0  9997
2 35122  98.6571 297.6201 0025186  20.6473 339.5712 14.14417783681298
FENGYUN 1C DEB          
1 35123U 99025DLB 26283.79745240  .00000637  00000+0  29020-3 0  9999
2 35123  99.1152 123.0861 0048546 292.0915  67.5112 14.24791785653744
FENGYUN 1C DEB          
1 35125U 99025DLD 26282.75264828  .00001881  00000+0  66688-3 0  9997
2 35125  98.2183 283.8640 0052540 112.8747 247.7998 14.34800796355962
FENGYUN 1C DEB          
1 35128U 99025DLG 26280.87549418  .00004886  00000+0  13928-2 0  9998
2 35128  98.3320 155.1772 0081239 162.0711 198.3375 14.43733681672804
FENGYUN 1C DEB          
1 35135U 99025DLP 26280.47452504  .00000565  00000+0  25984-3 0  9997
2 35135  98.5635 286.0669 0082143 135.1312 225.6547 14.23076244920720
FENGYUN 1C DEB          
1 35139U 99025DLT 26278.73194458  .00000376  00000+0  18657-3 0  9997
2 35139  98.5884 280.7935 0068938 155.5330 204.9145 14.21510642683722
FENGYUN 1C DEB          
1 35140U 99025DLU 26283.67875359  .00000184  00000+0  69110-4 0  9992
2 35140  98.4820 258.1626 0290600 166.5321 194.3829 14.21613214915687
FENGYUN 1C DEB          
1 35142U 99025DLW 26282.43985464  .00000207  00000+0  19088-3 0  9990
2 35142  99.0679 271.9753 0108929 117.5019  36.1579 13.90652556898686
FENGYUN 1C DEB          
1 35144U 99025DLY 26282.84013772  .00009349  00000+0  17081-2 0  9997
2 35144  98.7166  59.7400 0025141 154.4177 205.8275 14.65954363696166
FENGYUN 1C DEB          
1 35147U 99025DMB 26283.63361122  .00006621  00000+0  82687-3 0  9998
2 35147  99.4868  55.3246 0024953 353.2032   6.8834 14.82582729787663
FENGYUN 1C DEB          
1 35152U 99025DMG 26277.26662391  .00000465  00000+0  45409-3 0  9999
2 35152  99.8170 114.5399 0193858 330.6010  28.4344 13.76859326662594
FENGYUN 1C DEB          
1 35153U 99025DMH 26283.02904815  .00001657  00000+0  20422-3 0  9993
2 35153  98.8893 209.3967 0164395 219.4456 139.4689 14.75508829 16454
FENGYUN 1C DEB          
1 35154U 99025DMJ 26283.19191599  .00000565  00000+0  25117-3 0  9992
2 35154  99.4610  69.3455 0177236 273.7198  84.3726 14.19401292688537
FENGYUN 1C DEB          
1 35155U 99025DMK 26282.79236712  .00000720  00000+0  35778-3 0  9992
2 35155  98.4978 287.4046 0023983 279.7764  80.0704 14.19933988769853
FENGYUN 1C DEB          
1 35156U 99025DML 26280.40868713  .00000304  00000+0  19240-3 0  9995
2 35156  98.7832 264.6141 0037037  25.2460 335.0512 14.10931904682559
FENGYUN 1C DEB          
1 35159U 99025DMP 26282.03743985  .00004424  00000+0  11825-2 0  9999
2 35159  98.8318  15.2629 0009477 351.1904 181.9054 14.48822658658248
FENGYUN 1C DEB          
1 35160U 99025DMQ 26283.64191897  .00000572  00000+0  17862-3 0  9996
2 35160  99.1912  62.5494 0175812  78.2853 283.7999 14.36617701692656
FENGYUN 1C DEB          
1 35165U 99025DMV 26276.23098673  .00002715  00000+0  94014-3 0  9991
2 35165  98.8782  21.4368 0019801 267.6728  92.2190 14.36431026939458
FENGYUN 1C DEB          
1 35167U 99025DMX 26281.42606299  .00001288  00000+0  37283-3 0  9998
2 35167  98.4701 272.3164 0228172  37.2136 324.4618 14.32133527743083
FENGYUN 1C DEB          
1 35168U 99025DMY 26272.88654485  .00000262  00000+0  14224-3 0  9990
2 35168  98.2375 148.6331 0125346   4.7951 355.4393 14.15805104620438
FENGYUN 1C DEB          
1 35169U 99025DMZ 26283.57551866  .00002212  00000+0  40555-3 0  9991
2 35169  99.1060 201.8918 0146300 271.9320  86.5128 14.60340183701837
FENGYUN 1C DEB          
1 35171U 99025DNB 26281.88638841  .00001548  00000+0  10690-2 0  9992
2 35171  99.0274  71.9600 0136779 215.6990 143.4968 13.96261169927454
FENGYUN 1C DEB          
1 35173U 99025DND 26258.43993967  .00000918  00000+0  91756-3 0  9995
2 35173  99.7768 325.3884 0486095 259.1064  95.5023 13.38194111695296
FENGYUN 1C DEB          
1 35174U 99025DNE 26280.86793397  .00031054  00000+0  12190-2 0  9992
2 35174  98.9563 310.9816 0097451 275.1505  83.8610 15.21302164946810
FENGYUN 1C DEB          
1 35175U 99025DNF 26270.81920781  .00000380  00000+0  18912-3 0  9993
2 35175  98.5747 275.9358 0058141 160.4522 199.8903 14.21692898653420
FENGYUN 1C DEB          
1 35176U 99025DNG 26283.69768803  .00000420  00000+0  22591-3 0  9992
2 35176  98.5856 264.6608 0052204 267.0273  92.4927 14.17361275952058
FENGYUN 1C DEB          
1 35180U 99025DNL 26281.71641577  .00002444  00000+0  10422-2 0  9993
2 35180  99.7455  95.5462 0480208 316.5951  39.8306 13.78304646 41625
FENGYUN 1C DEB          
1 35191U 99025DNX 26283.68682947  .00000073  00000+0  87303-4 0  9999
2 35191  99.0499 262.5153 0103547 107.3600 253.8916 13.91337437921009
FENGYUN 1C DEB          
1 35194U 99025DPA 26280.53178877  .00002769  00000+0  51055-3 0  9993
2 35194  98.9500  33.1469 0108868 240.5833 118.4465 14.62702432697559
FENGYUN 1C DEB          
1 35195U 99025DPB 26283.57228466  .00003478  00000+0  71763-3 0  9997
2 35195  98.9987  46.6181 0099106 231.4573 127.7710 14.58115179953229
FENGYUN 1C DEB          
1 35196U 99025DPC 26282.29438639  .00000816  00000+0  31758-3 0  9994
2 35196  98.5271 292.1427 0212287 186.0882 188.0945 14.20790223934012
FENGYUN 1C DEB          
1 35200U 99025DPG 26279.82412865  .00000237  00000+0  33536-3 0  9991
2 35200  98.9059 227.2649 0353138  29.7643 359.6821 13.42130251699020
FENGYUN 1C DEB          
1 35201U 99025DPH 26283.85688722  .00000063  00000+0  58403-4 0  9995
2 35201  98.7075 288.7290 0007820 111.2197   9.4911 14.11153192912806
FENGYUN 1C DEB          
1 35202U 99025DPJ 26282.40170558  .00000394  00000+0  58109-3 0  9998
2 35202 100.0663 328.7058 0376824   9.5872 351.2192 13.35092200609883
FENGYUN 1C DEB          
1 35203U 99025DPK 26283.79835679  .00001302  00000+0  14645-2 0  9990
2 35203 102.0816 306.5283 0516023 219.7760 136.4436 13.27419880636576
FENGYUN 1C DEB          
1 35204U 99025DPL 26282.10413220  .00004750  00000+0  11609-2 0  9996
2 35204  98.9864 136.5933 0034996 138.6068  13.6014 14.52713163952861
FENGYUN 1C DEB          
1 35207U 99025DPP 26283.54659080  .00005348  00000+0  11055-2 0  9993
2 35207  98.7015  40.4248 0050975  51.9363 308.6418 14.59971552693022
FENGYUN 1C DEB          
1 35208U 99025DPQ 26283.80969898  .00001083  00000+0  72299-3 0  9994
2 35208  98.8786 299.6858 0105578  36.7902 324.0450 14.00438615947905
FENGYUN 1C DEB          
1 35210U 99025DPS 26282.02797128  .00003900  00000+0  13172-2 0  9999
2 35210  99.0904 307.0567 0048509  83.0359 307.4646 14.36859563944317
FENGYUN 1C DEB          
1 35217U 99025DPZ 26281.15951670  .00001386  00000+0  14800-2 0  9998
2 35217 101.8873 263.7142 0299445 322.5673  35.4932 13.58629752652843
FENGYUN 1C DEB          
1 35220U 99025DQC 26280.17397137  .00001989  00000+0  87236-3 0  9998
2 35220  99.0119   2.6293 0045201 170.8265 189.3749 14.24290395674294
FENGYUN 1C DEB          
1 35223U 99025DQF 26281.04565058  .00003381  00000+0  29172-3 0  9990
2 35223  98.9737 309.5259 0122122  86.9312 274.5869 14.92510724983424
FENGYUN 1C DEB          
1 35229U 99025DQM 26282.48355729  .00019190  00000+0  28416-2 0  9991
2 35229  98.4467  16.3475 0033357 349.8805  10.1727 14.74802177689209
FENGYUN 1C DEB          
1 35231U 99025DQP 26283.91379972  .00000002  00000+0  23209-4 0  9998
2 35231  98.6786 324.2893 0035988 303.0031  56.7686 14.14548806957745
FENGYUN 1C DEB          
1 35233U 99025DQR 26282.78810074  .00003837  00000+0  10966-2 0  9990
2 35233  98.7772  36.0668 0039684  83.7279  69.6864 14.45246401955204
FENGYUN 1C DEB          
1 35234U 99025DQS 26282.03662199  .00003542  00000+0  58409-3 0  9990
2 35234  98.0424 309.7194 0096715  32.9511 327.7672 14.68019596987588
FENGYUN 1C DEB          
1 35236U 99025DQU 26281.08442921  .00001371  00000+0  37717-3 0  9992
2 35236  98.8276 225.1706 0085232  14.8150 345.5509 14.46560008 18872
FENGYUN 1C DEB          
1 35239U 99025DQX 26282.87951208  .00000510  00000+0  53168-3 0  9998
2 35239  99.2986  77.9682 0222278 305.1068  52.9421 13.69910910622532
FENGYUN 1C DEB          
1 35240U 99025DQY 26283.68083110  .00002587  00000+0  11065-2 0  9993
2 35240  99.3652 270.6522 0047233  14.6293 345.6239 14.25320825974631
FENGYUN 1C DEB          
1 35241U 99025DQZ 26279.55291900  .00001761  00000+0  10636-2 0  9999
2 35241  98.6346 198.3152 0136655  91.6630 270.0196 14.03217471917814
FENGYUN 1C DEB          
1 35242U 99025DRA 26282.64053111  .00001108  00000+0  12787-2 0  9998
2 35242  99.9624 342.0516 0308438 162.9543 350.3266 13.53026524621953
FENGYUN 1C DEB          
1 35243U 99025DRB 26283.61483113  .00016513  00000+0  13204-2 0  9997
2 35243  98.8791  46.2390 0049187   3.8104 356.3480 14.99351605955078
FENGYUN 1C DEB          
1 35244U 99025DRC 26283.89179398  .00000796  00000+0  49007-3 0  9992
2 35244  98.8090 321.8081 0070855  29.6326 330.8829 14.07109670700702
FENGYUN 1C DEB          
1 35245U 99025DRD 26283.52686441  .00002130  00000+0  11113-2 0  9995
2 35245  99.0799  18.7943 0059657 140.9234 233.7667 14.14687373920426
FENGYUN 1C DEB          
1 35247U 99025DRF 26265.48533342  .00002008  00000+0  61252-3 0  9997
2 35247  98.6609 354.1777 0047978 285.0570  74.5313 14.42423930 40219
FENGYUN 1C DEB          
1 36142U 99025DRP 26274.53643196  .00000975  00000+0  77997-3 0  9991
2 36142  98.4191 188.5645 0207772 264.6404  93.1019 13.83476914662113
FENGYUN 1C DEB          
1 36147U 99025DRU 26283.30232906  .00000904  00000+0  85512-3 0  9998
2 36147  98.5002 312.5010 0438783 207.5466 150.1787 13.47262636640573
FENGYUN 1C DEB          
1 36148U 99025DRV 26281.76315584  .00002207  00000+0  14197-2 0  9999
2 36148  98.4140 107.9938 0275226 245.5523 111.6701 13.87124530944016
FENGYUN 1C DEB          
1 36152U 99025DRZ 26283.87441290  .00001559  00000+0  76639-3 0  9991
2 36152  98.7341 324.0522 0054744  67.5169 293.1791 14.18318429684389
FENGYUN 1C DEB          
1 36153U 99025DSA 26279.74720296  .00004157  00000+0  10000-2 0  9995
2 36153  98.5918  21.6439 0030373 219.6585 140.2389 14.53591878692888
FENGYUN 1C DEB          
1 36160U 99025DSH 26276.73309081  .00000196  00000+0  11429-3 0  9990
2 36160  98.1362  96.8893 0134912  18.7011 341.9053 14.13477623642193
FENGYUN 1C DEB          
1 36162U 99025DSK 26283.13809770  .00003413  00000+0  16175-2 0  9991
2 36162  97.6231  38.7449 0243678 330.1530  28.5927 14.05730996747520
FENGYUN 1C DEB          
1 36163U 99025DSL 26281.60404132  .00009544  00000+0  16667-2 0  9992
2 36163  99.0726 161.1452 0030503 240.8253 118.9896 14.67878724935754
FENGYUN 1C DEB          
1 36167U 99025DSQ 26282.03220929  .00002572  00000+0  64106-3 0  9990
2 36167  98.8105 208.0507 0069183  57.5803 303.2058 14.51142667716320
FENGYUN 1C DEB          
1 36173U 99025DSW 26282.07863509  .00000612  00000+0  24631-3 0  9990
2 36173  98.2482 225.9793 0147178  20.9365 339.7759 14.25617485633698
FENGYUN 1C DEB          
1 36177U 99025DTA 26279.87460152  .00001063  00000+0  51672-3 0  9991
2 36177  98.6051 313.5725 0040599  69.5556 290.9973 14.19868283282588
FENGYUN 1C DEB          
1 36180U 99025DTD 26280.38297222  .00000718  00000+0  28031-3 0  9998
2 36180  98.4209 335.9388 0208543 241.0271 116.9860 14.21442647748252
FENGYUN 1C DEB          
1 36182U 99025DTF 26283.60223842  .00002366  00000+0  81706-3 0  9994
2 36182  99.1029 232.6257 0019867 282.5094  77.3867 14.36730157922895
FENGYUN 1C DEB          
1 36184U 99025DTH 26269.75832563  .00001575  00000+0  84311-3 0  9998
2 36184  98.5627 251.0812 0126363 239.2437 119.6241 14.10500721665722
FENGYUN 1C DEB          
1 36188U 99025DTM 26281.79047689  .00008492  00000+0  14886-2 0  9991
2 36188  98.5950  40.1081 0042954  94.6054 266.0058 14.67423852924442
FENGYUN 1C DEB          
1 36196U 99025DTV 26273.81719642  .00003777  00000+0  96298-3 0  9998
2 36196  99.0663 120.5126 0026930  16.7307 343.4768 14.51019392689723
FENGYUN 1C DEB          
1 36197U 99025DTW 26282.00897166  .00002282  00000+0  89119-3 0  9992
2 36197  98.6895 356.0173 0049288  17.5956 342.6920 14.29920302659280
FENGYUN 1C DEB          
1 36198U 99025DTX 26282.52872113  .00001730  00000+0  97779-3 0  9993
2 36198  98.6025 303.4060 0094988 342.5372  17.2539 14.09209106678223
FENGYUN 1C DEB          
1 36199U 99025DTY 26281.87611906  .00000377  00000+0  15511-3 0  9992
2 36199  98.2755 293.4673 0090290 257.3181 101.7896 14.30016882692694
FENGYUN 1C DEB          
1 36200U 99025DTZ 26283.58584755  .00023024  00000+0  37805-2 0  9999
2 36200  99.3851  44.7227 0030118 174.5442 185.6094 14.70351137777808
FENGYUN 1C DEB          
1 36203U 99025DUC 26281.78660065  .00007206  00000+0  83522-3 0  9993
2 36203  99.1233 271.4816 0073838 287.0721  72.2410 14.83872032678711
FENGYUN 1C DEB          
1 36204U 99025DUD 26279.59275245  .00001520  00000+0  53718-3 0  9999
2 36204  99.3061  44.5236 0018056  21.0480 339.1443 14.36208735987015
FENGYUN 1C DEB          
1 36206U 99025DUF 26276.87336662  .00000587  00000+0  28225-3 0  9997
2 36206  98.4615 293.3129 0029027 237.1238 122.7146 14.22261061686151
FENGYUN 1C DEB          
1 36207U 99025DUG 26282.11730403  .00001532  00000+0  90920-3 0  9995
2 36207  98.5829 155.3301 0138024 197.5655 162.0714 14.04282770641798
FENGYUN 1C DEB          
1 36211U 99025DUL 26278.78187076  .00000923  00000+0  27488-3 0  9992
2 36211  98.5250 269.2386 0265977  77.9048 285.1799 14.26898421986044
FENGYUN 1C DEB          
1 36216U 99025DUR 26283.30103399  .00000408  00000+0  21332-3 0  9997
2 36216  98.5911 299.5610 0043707 225.3007 134.4606 14.19210416686491
FENGYUN 1C DEB          
1 36218U 99025DUT 26279.44490017  .00003527  00000+0  52439-3 0  9992
2 36218  99.0463 159.8040 0070094  90.3090 270.6147 14.74075468635255
FENGYUN 1C DEB          
1 36222U 99025DUX 26274.41255609  .00001840  00000+0  53100-3 0  9997
2 36222  98.4921 343.7407 0041952 271.4493  88.1893 14.45327589693552
FENGYUN 1C DEB          
1 36224U 99025DUZ 26281.96162179  .00000103  00000+0  73934-4 0  9995
2 36224  98.7387 327.7952 0114117 217.3196 142.0010 14.12885537686710
FENGYUN 1C DEB          
1 36225U 99025DVA 26283.72634508  .00123953  00000+0  28228-2 0  9995
2 36225  98.8250 102.5625 0019528 344.4619  15.6022 15.42274175713688
FENGYUN 1C DEB          
1 36226U 99025DVB 26281.32825917  .00001358  00000+0  74049-3 0  9993
2 36226  98.5894 316.1196 0094272 246.1946 112.9321 14.11523489679871
FENGYUN 1C DEB          
1 36229U 99025DVE 26278.58617290  .00002140  00000+0  12160-2 0  9998
2 36229 100.9142 205.0035 0104218  63.6287 297.5531 14.08648420674336
FENGYUN 1C DEB          
1 36230U 99025DVF 26281.05497889  .00000781  00000+0  71681-3 0  9999
2 36230  99.5142   0.9748 0212513  80.0148 282.4911 13.76247062660028
FENGYUN 1C DEB          
1 36231U 99025DVG 26282.75124536  .00000068  00000+0  59532-4 0  9994
2 36231  98.7270 254.0682 0060413 195.6056 164.3255 14.12134158897913
FENGYUN 1C DEB          
1 36232U 99025DVH 26281.72566650  .00000271  00000+0  15908-3 0  9992
2 36232  98.7363 262.9523 0116918 253.9513 104.8758 14.12798754659716
FENGYUN 1C DEB          
1 36234U 99025DVK 26282.40890253  .00000171  00000+0  25969-3 0  9996
2 36234  98.9624 326.2657 0316566 348.9056  10.5210 13.45814382919918
FENGYUN 1C DEB          
1 36236U 99025DVM 26279.34002644  .00000170  00000+0  18054-3 0  9992
2 36236  98.8177 306.0794 0148537 275.5678  82.8553 13.82139303638583
FENGYUN 1C DEB          
1 36238U 99025DVP 26282.69451802  .00000064  00000+0  57616-4 0  9990
2 36238  98.6876 250.3497 0021751 141.3176 218.9559 14.12465340912660
FENGYUN 1C DEB          
1 36244U 99025DVV 26282.78312569  .00002517  00000+0  10420-2 0  9998
2 36244  98.9420  44.2114 0049937 137.2725 223.2354 14.26863775962690
FENGYUN 1C DEB          
1 36247U 99025DVY 26283.84648835  .00000768  00000+0  23965-3 0  9992
2 36247  98.2649 288.8280 0184058 210.6456 148.3877 14.34349989745927
FENGYUN 1C DEB          
1 36255U 99025DWG 26282.10374137  .00001590  00000+0  53280-3 0  9997
2 36255  99.4547 236.8823 0064276  14.8155  45.1275 14.37752682683255
FENGYUN 1C DEB          
1 36258U 99025DWK 26283.00833444  .00001550  00000+0  18686-3 0  9998
2 36258  99.0507 353.9694 0167929 265.9763  92.2233 14.76248030952650
FENGYUN 1C DEB          
1 36259U 99025DWL 26274.38930957  .00004765  00000+0  94419-3 0  9996
2 36259  98.7974  61.6770 0003647 138.3707 250.2103 14.62770347764143
FENGYUN 1C DEB          
1 36260U 99025DWM 26280.44204745  .00000138  00000+0  92206-4 0  9994
2 36260  98.6709 279.2767 0017008 113.6825 246.6136 14.15548625920347
FENGYUN 1C DEB          
1 36261U 99025DWN 26279.69361849  .00000307  00000+0  41334-3 0  9992
2 36261 101.3596 216.3221 0355176 104.0301 260.0573 13.45693043884403
FENGYUN 1C DEB          
1 36262U 99025DWP 26282.41792658  .00000335  00000+0  14995-3 0  9997
2 36262  98.9233 175.1391 0061288 122.7314 237.9794 14.28132425937885
FENGYUN 1C DEB          
1 36263U 99025DWQ 26282.97457688  .00004665  00000+0  12367-2 0  9990
2 36263  98.9783 187.7560 0036565  80.6645 279.8679 14.48828768923439
FENGYUN 1C DEB          
1 36267U 99025DWU 26282.77128656  .00001626  00000+0  87283-3 0  9996
2 36267  98.5769 220.8535 0128212  73.5383 317.3188 14.10144771907715
FENGYUN 1C DEB          
1 36269U 99025DWW 26281.34144416  .00000757  00000+0  24470-3 0  9995
2 36269  99.1415 241.7692 0231790 135.5442 226.4601 14.28072801919917
FENGYUN 1C DEB          
1 36272U 99025DWZ 26283.95773429  .00000566  00000+0  26108-3 0  9998
2 36272  99.0995 173.3375 0168199 130.8168 230.7732 14.17703719678985
FENGYUN 1C DEB          
1 36273U 99025DXA 26277.98091895  .00000262  00000+0  14964-3 0  9995
2 36273  99.5665 175.2626 0095487 242.1238 117.0236 14.16857936704288
FENGYUN 1C DEB          
1 36274U 99025DXB 26278.52681400  .00003907  00000+0  16076-2 0  9998
2 36274  99.1339   9.8383 0059101 103.0434 269.6440 14.26593911672131
FENGYUN 1C DEB          
1 36278U 99025DXF 26276.55109970  .00000373  00000+0  20223-3 0  9994
2 36278  99.1307 207.8535 0060487 173.7529 186.4413 14.17789042976536
FENGYUN 1C DEB          
1 36279U 99025DXG 26283.14620933  .00000112  00000+0  78723-4 0  9995
2 36279  98.5987 254.5455 0060685 270.7643  88.6578 14.14866058933010
FENGYUN 1C DEB          
1 36280U 99025DXH 26283.34497363  .00000998  00000+0  57449-3 0  9991
2 36280  98.7417 309.3000 0061029 290.8246  80.6019 14.10531965906050
FENGYUN 1C DEB          
1 36281U 99025DXJ 26282.00757273  .00002706  00000+0  26951-2 0  9995
2 36281  99.2534 193.6484 0290832  58.7377 304.1907 13.61790468886023
FENGYUN 1C DEB          
1 36283U 99025DXL 26283.86752731  .00056243  00000+0  22756-2 0  9990
2 36283  99.4194 326.2529 0046298 137.7134 222.7682 15.23501741712428
FENGYUN 1C DEB          
1 36644U 99025DXN 26283.50322848  .00000363  00000+0  40618-3 0  9994
2 36644  98.4436  25.6992 0285589 107.6231 255.6317 13.59838383656680
FENGYUN 1C DEB          
1 36645U 99025DXP 26276.28810176  .00001295  00000+0  13638-2 0  9994
2 36645  98.5143  29.1682 0289923 350.4065   9.1613 13.59558247615483
FENGYUN 1C DEB          
1 36647U 99025DXR 26278.37221907  .00001686  00000+0  10826-2 0  9996
2 36647  96.1233 323.2866 0238251 153.7933 207.5523 13.90893489345330
FENGYUN 1C DEB          
1 36652U 99025DXW 26283.49423854  .00002815  00000+0  12085-2 0  9990
2 36652  98.9350  15.5744 0052040 203.1590 156.7243 14.24847681686198
FENGYUN 1C DEB          
1 36656U 99025DYA 26259.41838302  .00000704  00000+0  73895-3 0  9999
2 36656  97.4284 327.4204 0335044 138.8659 223.8268 13.55058505626050
FENGYUN 1C DEB          
1 36657U 99025DYB 26283.82360690  .00002252  00000+0  38030-3 0  9994
2 36657  99.4261 124.4749 0101062 228.6395 130.6081 14.67407268706845
FENGYUN 1C DEB          
1 36659U 99025DYD 26283.86077874  .00000531  00000+0  45521-3 0  9990
2 36659  99.8441 308.7517 0134604 359.6250   0.4784 13.87784931646151
FENGYUN 1C DEB          
1 36660U 99025DYE 26274.21390658  .00000532  00000+0  29301-3 0  9998
2 36660  98.6303 269.9297 0048284 114.3476 246.2749 14.15058996675176
FENGYUN 1C DEB          
1 36664U 99025DYJ 26283.33407721  .00000098  00000+0  60275-4 0  9998
2 36664  98.5813 303.4260 0171384 310.4612  48.1727 14.18074340680252
FENGYUN 1C DEB          
1 36668U 99025DYN 26283.74901619  .00000781  00000+0  41153-3 0  9994
2 36668  98.6077 288.8906 0052693  79.8606 280.8506 14.16031715616911
FENGYUN 1C DEB          
1 36675U 99025DYV 26283.86446243  .00004766  00000+0  13065-2 0  9999
2 36675  99.2261 310.0278 0024447 312.9120  47.0018 14.47459886715939
FENGYUN 1C DEB          
1 36676U 99025DYW 26280.62519877  .00000775  00000+0  22909-3 0  9999
2 36676  98.7519 193.7900 0094071 319.1450 158.7752 14.43982761693785
FENGYUN 1C DEB          
1 36678U 99025DYY 26283.17008850  .00000415  00000+0  13241-3 0  9998
2 36678  98.3254 260.9716 0150299 166.3934 194.1376 14.38557069693223
FENGYUN 1C DEB          
1 36679U 99025DYZ 26277.83921741  .00000725  00000+0  46154-3 0  9991
2 36679  98.8525 271.5150 0084836 345.7906  14.0877 14.05086207287067
FENGYUN 1C DEB          
1 36680U 99025DZA 26280.44141306  .00000548  00000+0  23573-3 0  9998
2 36680  98.5719 267.5552 0189128 105.8342  44.5534 14.19223075685332
FENGYUN 1C DEB          
1 36681U 99025DZB 26281.43610423  .00000541  00000+0  32332-3 0  9996
2 36681  98.7124 275.6301 0042879 217.5178 142.2999 14.10826743769837
FENGYUN 1C DEB          
1 36682U 99025DZC 26283.43378641  .00000722  00000+0  70551-3 0  9998
2 36682  98.4596 156.9352 0230721 190.4870 169.1422 13.70819384655255
FENGYUN 1C DEB          
1 36686U 99025DZG 26280.44556211  .00003142  00000+0  38514-3 0  9993
2 36686  98.9732 152.0563 0096978 193.7622 166.0941 14.80736110702681
FENGYUN 1C DEB          
1 36687U 99025DZH 26283.46298752  .00000012  00000+0  32181-4 0  9990
2 36687  98.6967   2.5974 0091911 137.6312 223.2002 14.04709336669580
FENGYUN 1C DEB          
1 36689U 99025DZK 26283.36559856  .00001267  00000+0  96294-3 0  9993
2 36689  98.4645 149.1740 0304927 203.0855 155.6350 13.75595245623589
FENGYUN 1C DEB          
1 36691U 99025DZM 26278.71130938  .00002431  00000+0  13216-2 0  9991
2 36691  98.6488 271.4319 0127088 113.6818 247.7749 14.09108830637898
FENGYUN 1C DEB          
1 36692U 99025DZN 26278.07879157  .00000334  00000+0  27765-3 0  9999
2 36692  99.9970 212.9156 0113945 309.2734  49.8359 13.93810212639330
FENGYUN 1C DEB          
1 36694U 99025DZQ 26279.41984899  .00000969  00000+0  44188-3 0  9992
2 36694  99.0433 334.4963 0103159 192.3228 167.5423 14.21251895678766
FENGYUN 1C DEB          
1 36695U 99025DZR 26282.71667229  .00000846  00000+0  17710-3 0  9990
2 36695  98.2557 260.0170 0253072 295.4629  62.0576 14.44490739939124
FENGYUN 1C DEB          
1 36696U 99025DZS 26281.53085476  .00002877  00000+0  88495-3 0  9992
2 36696  98.9783 310.6895 0024025 159.1297 201.0877 14.42183819687136
FENGYUN 1C DEB          
1 36699U 99025DZV 26280.21586696  .00000342  00000+0  15843-3 0  9991
2 36699  98.5783 272.4683 0093261 341.3618  18.4154 14.24622271775760
FENGYUN 1C DEB          
1 36701U 99025DZX 26280.36485127  .00001497  00000+0  13505-2 0  9992
2 36701 102.7525 337.1792 0256574 292.5053  64.9106 13.72623446652342
FENGYUN 1C DEB          
1 36703U 99025DZZ 26283.19194056  .00004473  00000+0  18632-2 0  9999
2 36703  97.8187  62.1135 0097961 132.7250 228.2230 14.24133219625586
FENGYUN 1C DEB          
1 36707U 99025EAD 26282.35661781  .00000874  00000+0  44247-3 0  9997
2 36707  98.7232 328.5723 0047533 340.2172  19.7159 14.18104966683398
FENGYUN 1C DEB          
1 36710U 99025EAG 26283.90575148  .00004058  00000+0  98142-3 0  9995
2 36710  98.3523 344.5098 0062965 337.7672  22.0796 14.52421312693363
FENGYUN 1C DEB          
1 36711U 99025EAH 26282.50049682  .00006746  00000+0  17798-2 0  9993
2 36711 100.7923  27.3905 0092379  88.5737 272.6027 14.46866280686546
FENGYUN 1C DEB          
1 36716U 99025EAN 26281.58563507  .00000158  00000+0  15335-3 0  9999
2 36716  99.2297 202.6210 0148918 141.4740 219.7159 13.88576593670921
FENGYUN 1C DEB          
1 36719U 99025EAR 26278.20745143  .00001942  00000+0  65422-3 0  9999
2 36719  98.5548  62.5755 0080093 309.5163  49.8961 14.36392679686056
FENGYUN 1C DEB          
1 36724U 99025EAW 26282.64397943  .00002305  00000+0  91197-3 0  9991
2 36724  99.4530 343.4270 0099719  63.4386  88.5530 14.27324807617621
FENGYUN 1C DEB          
1 36729U 99025EBB 26283.18247793  .00000209  00000+0  13980-3 0  9998
2 36729  98.7413 261.1235 0046989 120.6652 239.9163 14.10564706915012
FENGYUN 1C DEB          
1 36733U 99025EBF 26282.46085811  .00002280  00000+0  12152-2 0  9994
2 36733  99.3256 284.1247 0125161  11.3182 349.0757 14.10496265695753
FENGYUN 1C DEB          
1 36734U 99025EBG 26276.38755046  .00001544  00000+0  64107-3 0  9993
2 36734  99.0377 338.1863 0035009  94.4604 266.0576 14.27690513869368
FENGYUN 1C DEB          
1 36736U 99025EBJ 26283.95449206  .00002377  00000+0  97327-3 0  9999
2 36736  98.7910   3.8487 0056963 342.1795  17.7387 14.27272494929242
FENGYUN 1C DEB          
1 36743U 99025EBR 26278.94592129  .00001661  00000+0  64439-3 0  9996
2 36743  98.6328 330.1107 0047183 218.3382 141.4444 14.30671144649851
FENGYUN 1C DEB          
1 36986U 99025EBS 26282.66689907  .00002199  00000+0  10885-2 0  9992
2 36986  99.1322   1.1776 0085717 114.5411 246.4727 14.16474211860026
FENGYUN 1C DEB          
1 36987U 99025EBT 26279.49371370  .00000701  00000+0  91636-3 0  9993
2 36987 100.7971 188.6232 0320241  60.4000 302.8633 13.46248182648835
FENGYUN 1C DEB          
1 36990U 99025EBW 26279.33944399  .00000269  00000+0  31448-3 0  9991
2 36990  96.5686 135.1453 0288363 288.4766  68.5244 13.57230919869240
FENGYUN 1C DEB          
1 36994U 99025ECA 26283.59769110  .00000016  00000+0  42521-4 0  9999
2 36994  98.6816 230.6489 0115131 182.5751 177.4831 13.90881070851039
FENGYUN 1C DEB          
1 36995U 99025ECB 26277.89280947  .00000277  00000+0  19482-3 0  9990
2 36995  98.3010 137.2606 0039138 187.0594 173.0029 14.04928252677153
FENGYUN 1C DEB          
1 36996U 99025ECC 26282.20249022  .00002154  00000+0  87231-3 0  9994
2 36996  98.2603  55.8116 0251277 201.4428 282.6816 14.12985373639334
FENGYUN 1C DEB          
1 37003U 99025ECK 26277.87529115  .00000631  00000+0  46618-3 0  9997
2 37003  98.8282 294.7879 0096940  65.4047  56.1290 13.96684172647908
FENGYUN 1C DEB          
1 37006U 99025ECN 26279.56975534  .00001977  00000+0  34523-3 0  9994
2 37006  99.2825 203.7988 0251128  82.0826 280.8786 14.50747556694300
FENGYUN 1C DEB          
1 37008U 99025ECQ 26283.59883331  .00001013  00000+0  60492-3 0  9992
2 37008  99.1628  51.5758 0059455 134.7184 225.8848 14.08692272645634
FENGYUN 1C DEB          
1 37012U 99025ECU 26272.34353187  .00001747  00000+0  10446-2 0  9996
2 37012  98.5336 116.7859 0186912 245.3602 112.7995 14.00030077630235
FENGYUN 1C DEB          
1 37017U 99025ECZ 26279.17544371  .00001593  00000+0  31145-3 0  9995
2 37017  98.8213 238.7095 0271233 197.1327 162.0570 14.43661724654490
FENGYUN 1C DEB          
1 37018U 99025EDA 26283.85300430  .00019363  00000+0  41609-2 0  9991
2 37018  98.5052 143.2670 0180440  82.4853 279.6798 14.48883347678931
FENGYUN 1C DEB          
1 37019U 99025EDB 26283.53293923  .00002266  00000+0  67094-3 0  9996
2 37019  98.5700  10.9691 0167892 150.4497 210.6307 14.36486090690915
FENGYUN 1C DEB          
1 37021U 99025EDD 26277.81020343  .00001261  00000+0  39818-3 0  9994
2 37021  98.3747 290.0202 0175381  91.8700  81.6429 14.33473609742944
FENGYUN 1C DEB          
1 37028U 99025EDL 26279.64515407  .00002189  00000+0  95393-3 0  9994
2 37028  99.2418 207.5612 0034576 335.2317  24.7200 14.24780657647159
FENGYUN 1C DEB          
1 37036U 99025EDU 26281.20057576  .00000144  00000+0  11118-3 0  9998
2 37036  98.7378 267.0095 0122129 295.7231  63.1370 14.03860814679498
FENGYUN 1C DEB          
1 37042U 99025EEA 26277.14370712  .00011069  00000+0  12636-2 0  9996
2 37042  98.6106  63.1821 0044721 170.8006 189.4037 14.85550229771704
FENGYUN 1C DEB          
1 37044U 99025EEC 26279.52619563  .00003225  00000+0  14206-2 0  9992
2 37044  98.9651  12.7798 0496448  91.1221 274.6828 13.73764269879439
FENGYUN 1C DEB          
1 37046U 99025EEE 26282.24890642  .00000924  00000+0  40195-3 0  9996
2 37046  98.5338 293.5706 0049864 148.6771 211.7396 14.25704735684628
FENGYUN 1C DEB          
1 37047U 99025EEF 26283.36355303  .00002224  00000+0  16248-2 0  9997
2 37047  99.1190 332.9695 0233006 125.4300 236.8856 13.84893646662563
FENGYUN 1C DEB          
1 37048U 99025EEG 26280.42077699  .00000205  00000+0  23796-3 0  9995
2 37048  98.8553 121.6182 0254187  87.0739  29.9319 13.65332179662450
FENGYUN 1C DEB          
1 37049U 99025EEH 26264.83191210  .00002652  00000+0  77831-3 0  9996
2 37049  99.2526 284.5254 0033799  78.7099 281.7885 14.44435708678212
FENGYUN 1C DEB          
1 37053U 99025EEM 26283.65467888  .00004105  00000+0  91454-3 0  9991
2 37053  99.1635  63.3982 0039089 342.9599  75.3338 14.57063947694301
FENGYUN 1C DEB          
1 37054U 99025EEN 26277.20469508  .00000331  00000+0  16791-3 0  9995
2 37054  98.5826 255.1522 0099446 331.7919  27.7893 14.19793538686215
FENGYUN 1C DEB          
1 37056U 99025EEQ 26283.39415096  .00000945  00000+0  16145-3 0  9991
2 37056  98.9501 330.8848 0264189 317.6966  40.4115 14.51508425697863
FENGYUN 1C DEB          
1 37057U 99025EER 26283.79549045  .00000307  00000+0  18015-3 0  9998
2 37057  98.9138 294.6680 0283800  26.8338 334.7190 13.96476068678130
FENGYUN 1C DEB          
1 37060U 99025EEU 26282.35014248  .00000101  00000+0  94993-4 0  9997
2 37060  99.0495 342.6961 0079232 238.0325 121.3120 14.00934141669155
FENGYUN 1C DEB          
1 37061U 99025EEV 26275.25253022  .00001698  00000+0  86335-3 0  9996
2 37061  98.0568 277.7431 0796770 356.8826   2.7494 13.15651662120128
FENGYUN 1C DEB          
1 37064U 99025EEY 26283.71295753  .00004691  00000+0  21358-2 0  9995
2 37064  98.9075  81.8209 0099502 318.8708  40.4998 14.19574414858159
FENGYUN 1C DEB          
1 37065U 99025EEZ 26283.61729122  .00001423  00000+0  14930-2 0  9995
2 37065 103.2834 209.9158 0295977 308.8484  48.6565 13.60329848263056
FENGYUN 1C DEB          
1 37067U 99025EFB 26283.60763732  .00008771  00000+0  50915-2 0  9997
2 37067  99.5040 243.8841 0140051   4.5620 355.6786 14.04161039616406
FENGYUN 1C DEB          
1 37069U 99025EFD 26283.32668575  .00001246  00000+0  14099-2 0  9990
2 37069  95.8428 131.7941 0418757 162.8939 198.6818 13.39120733917436
FENGYUN 1C DEB          
1 37077U 99025EFM 26280.06264395  .00000681  00000+0  21207-3 0  9991
2 37077  99.0214  16.9247 0095611 165.8035 194.5874 14.41833818892536
FENGYUN 1C DEB          
1 37079U 99025EFP 26282.70770561  .00013355  00000+0  22670-2 0  9999
2 37079  98.8702  85.9764 0010522 287.0572  72.9478 14.69291753690236
FENGYUN 1C DEB          
1 37081U 99025EFR 26281.65338282  .00018076  00000+0  58373-2 0  9999
2 37081  98.6755  73.5240 0248002 205.3972 153.4848 14.23112695628289
FENGYUN 1C DEB          
1 37400U 99025EFS 26280.95489113  .00000297  00000+0  24230-3 0  9998
2 37400  98.8413  96.9932 0401315  72.6553 291.8069 13.63966156842723
FENGYUN 1C DEB          
1 37404U 99025EFW 26282.81885508  .00000853  00000+0  32685-3 0  9998
2 37404  98.4601 283.1539 0043717 353.5905 129.2079 14.32569449870508
FENGYUN 1C DEB          
1 37406U 99025EFY 26283.85183895  .00000783  00000+0  46168-3 0  9998
2 37406  98.4159 139.7742 0148391 129.6777 244.9862 14.05058485674749
FENGYUN 1C DEB          
1 37415U 99025EGH 26280.48645298  .00000107  00000+0  16859-3 0  9998
2 37415  98.9835   5.5216 0285199 139.7411 222.5231 13.52253694663599
FENGYUN 1C DEB          
1 37417U 99025EGK 26278.24091037  .00000196  00000+0  13715-3 0  9993
2 37417  98.8185 268.6546 0079402 145.4782 215.1581 14.07664179725218
FENGYUN 1C DEB          
1 37418U 99025EGL 26280.26570373  .00000639  00000+0  16090-2 0  9994
2 37418  98.6133  77.7784 1068925  89.3660 282.9534 11.95485637530514
FENGYUN 1C DEB          
1 37419U 99025EGM 26281.34837298  .00004395  00000+0  16352-2 0  9991
2 37419  98.5665 306.5261 0368018  61.4280 302.3405 14.01062026345422
FENGYUN 1C DEB          
1 37420U 99025EGN 26283.24448633  .00000658  00000+0  46537-3 0  9992
2 37420  98.8855 269.1617 0072230 153.9909 206.4914 14.00004842639831
FENGYUN 1C DEB          
1 37421U 99025EGP 26283.49671477  .00000424  00000+0  51088-3 0  9992
2 37421  98.9108 207.8407 0408300  47.5219 315.9672 13.40774693649898
FENGYUN 1C DEB          
1 37422U 99025EGQ 26270.19470614  .00006199  00000+0  16343-2 0  9995
2 37422  98.8626  43.8337 0025841 243.0094 116.8459 14.49152603670045
FENGYUN 1C DEB          
1 37423U 99025EGR 26283.93804112  .00000753  00000+0  46161-3 0  9998
2 37423  98.7606 330.6205 0047570  29.3077 331.0746 14.08182473678628
FENGYUN 1C DEB          
1 37424U 99025EGS 26275.97989762  .00000932  00000+0  36690-3 0  9994
2 37424  97.2073 354.7770 0213862 121.8834 240.3351 14.19087315727454
FENGYUN 1C DEB          
1 37425U 99025EGT 26277.21780414  .00000866  00000+0  66091-3 0  9991
2 37425  97.1557  69.4088 0157133  45.4909  78.2914 13.89632382692567
FENGYUN 1C DEB          
1 37427U 99025EGV 26283.77581372  .00004029  00000+0  22962-3 0  9997
2 37427  98.6415 104.0887 0168090  24.5320 336.3782 15.02266086648529
FENGYUN 1C DEB          
1 37428U 99025EGW 26276.77555654  .00003034  00000+0  10092-2 0  9999
2 37428  97.6982 113.6629 0052923 284.1576  75.3736 14.37496400676715
FENGYUN 1C DEB          
1 37429U 99025EGX 26274.18470731  .00000418  00000+0  24903-3 0  9995
2 37429  98.6638 258.2408 0102001 248.4618 110.5656 14.10035537672078
FENGYUN 1C DEB          
1 37430U 99025EGY 26280.45744049  .00002252  00000+0  87042-3 0  9991
2 37430  98.7507   1.3820 0016880 268.2792  91.6457 14.31081447659711
FENGYUN 1C DEB          
1 37432U 99025EHA 26283.77149283  .00002599  00000+0  49191-3 0  9997
2 37432  98.1752 295.5908 0179452  73.0902 288.9884 14.55338804127671
FENGYUN 1C DEB          
1 37433U 99025EHB 26279.26398733  .00003575  00000+0  16900-2 0  9999
2 37433  98.0917  94.5408 0206036  76.3804 286.0222 14.09691135279235
FENGYUN 1C DEB          
1 37435U 99025EHD 26279.36537870  .00001210  00000+0  54703-3 0  9997
2 37435  98.6242 314.9271 0039899 228.1742 131.6027 14.23488599931721
FENGYUN 1C DEB          
1 37436U 99025EHE 26282.39050954  .00000474  00000+0  30658-3 0  9992
2 37436  98.8993 337.5147 0058798  27.6857 332.7422 14.06784712682259
FENGYUN 1C DEB          
1 37437U 99025EHF 26283.21024486  .00000592  00000+0  28450-3 0  9994
2 37437  98.6082 271.2058 0110255 258.1525 163.8940 14.19421341682676
FENGYUN 1C DEB          
1 37438U 99025EHG 26275.91490926  .00000574  00000+0  31055-3 0  9994
2 37438  98.7116 313.8077 0029874 101.8249 258.6278 14.16127626642986
FENGYUN 1C DEB          
1 37439U 99025EHH 26278.50497981  .00001704  00000+0  81862-3 0  9998
2 37439  99.0198  11.9332 0053434 331.1937  91.8181 14.19522745654709
FENGYUN 1C DEB          
1 37441U 99025EHK 26277.20013781  .00000453  00000+0  67765-3 0  9995
2 37441  99.1468  89.8528 0507663  69.8244 295.6722 13.14739084860544
FENGYUN 1C DEB          
1 37444U 99025EHN 26283.59633116  .00004326  00000+0  78076-3 0  9997
2 37444  99.0836  32.2688 0238678 165.5881 195.2278 14.50223199695231
FENGYUN 1C DEB          
1 37445U 99025EHP 26283.51935061  .00001146  00000+0  41359-3 0  9995
2 37445  99.2511  19.4297 0168313 145.8922 215.3210 14.28136380687468
FENGYUN 1C DEB          
1 37447U 99025EHR 26283.38654180  .00000924  00000+0  46052-3 0  9990
2 37447  98.7576 344.8663 0039965  86.0838 274.4905 14.18940547677372
FENGYUN 1C DEB          
1 37448U 99025EHS 26277.45206741  .00000910  00000+0  55583-3 0  9992
2 37448  99.2994 346.6116 0301212 344.2899  14.9066 13.88353130664776
FENGYUN 1C DEB          
1 37453U 99025EHX 26274.91326777  .00001292  00000+0  98173-3 0  9994
2 37453  97.6323 156.0850 0356305 162.6321 198.7394 13.68911931936340
FENGYUN 1C DEB          
1 37457U 99025EJB 26278.45907126  .00002618  00000+0  11250-2 0  9997
2 37457  99.0855   1.7161 0059402 303.3851  56.1652 14.24666449642938
FENGYUN 1C DEB          
1 37460U 99025EJE 26281.94969341  .00004687  00000+0  11565-2 0  9993
2 37460  98.3891 101.4736 0052947  92.8889 267.8367 14.51735151868401
FENGYUN 1C DEB          
1 37461U 99025EJF 26283.84647840  .00001582  00000+0  27941-2 0  9998
2 37461  99.8569 141.1954 0664289  23.6550 339.3656 12.79890567558984
FENGYUN 1C DEB          
1 37464U 99025EJJ 26278.85310312  .00001369  00000+0  12319-2 0  9993
2 37464 102.7138 288.8704 0449449 185.5609 174.0421 13.48741562649259
FENGYUN 1C DEB          
1 37474U 99025EJU 26281.47674566  .00007251  00000+0  85101-3 0  9996
2 37474  99.1314 172.2115 0119424 279.6673  79.1062 14.80283087668033
FENGYUN 1C DEB          
1 37476U 99025EJW 26275.04255441  .00000500  00000+0  13508-2 0  9992
2 37476  98.9509 212.0671 1076889  15.4633 347.6774 11.91581346709361
FENGYUN 1C DEB          
1 37477U 99025EJX 26282.44511792  .00001102  00000+0  53023-3 0  9995
2 37477  98.6099 283.9791 0036723 318.8001  41.0405 14.20462213861826
FENGYUN 1C DEB          
1 37478U 99025EJY 26277.60778387  .00000514  00000+0  84407-3 0  9999
2 37478  99.6586 234.9765 0549113 357.7022   2.1583 13.03922229604168
FENGYUN 1C DEB          
1 37588U 99025EKG 26275.84994910  .00001281  00000+0  66250-3 0  9995
2 37588  98.1285 302.0432 0080611 282.9869 254.5985 14.14889951624101
FENGYUN 1C DEB          
1 37589U 99025EKH 26272.96856068  .00002555  00000+0  13743-2 0  9990
2 37589  99.0670 182.8359 0111433 165.7125 194.7241 14.10627523866875
FENGYUN 1C DEB          
1 37591U 99025EKK 26283.69259437  .00014089  00000+0  26581-2 0  9991
2 37591  98.4051 238.6620 0060217 136.6981 346.0553 14.63415699708673
FENGYUN 1C DEB          
1 37593U 99025EKM 26282.56760597  .00002581  00000+0  76218-3 0  9999
2 37593  98.9942 179.2104 0146308 312.9840 166.1602 14.38459105904435
FENGYUN 1C DEB          
1 37594U 99025EKN 26282.51088597  .00000335  00000+0  20095-3 0  9995
2 37594  98.7063 308.2430 0086587 135.4090 225.4090 14.11360213820047
FENGYUN 1C DEB          
1 37595U 99025EKP 26283.93665690  .00055788  00000+0  60250-2 0  9996
2 37595  99.0383 176.2594 0018083 125.4878 300.5516 14.87972653670760
FENGYUN 1C DEB          
1 37600U 99025EKU 26278.67432094  .00003075  00000+0  16931-2 0  9997
2 37600  98.9244  66.6173 0347839 325.8532  32.0681 13.85787929925965
FENGYUN 1C DEB          
1 37682U 99025EKX 26281.40007304  .00001056  00000+0  99082-3 0  9990
2 37682  98.5887 261.8280 0224295 278.9202  78.6620 13.72988462665448
FENGYUN 1C DEB          
1 37683U 99025EKY 26283.86045766  .00001782  00000+0  14135-2 0  9998
2 37683  97.9814 143.6711 0582182  74.3823 304.1153 13.33019120332641
FENGYUN 1C DEB          
1 37686U 99025ELB 26273.23351032  .00000244  00000+0  35173-3 0  9995
2 37686  99.0240 263.4088 0396297  38.9914 336.1060 13.35580856645184
FENGYUN 1C DEB          
1 37687U 99025ELC 26283.75887760  .00003731  00000+0  20708-2 0  9997
2 37687  98.1889 287.2488 0325128 243.1443 298.1201 13.88170513874400
FENGYUN 1C DEB          
1 37689U 99025ELE 26282.12122907  .00006495  00000+0  15774-2 0  9991
2 37689  98.9095 345.8846 0018858  61.9063 298.4035 14.53117399621696
FENGYUN 1C DEB          
1 37690U 99025ELF 26283.36580244  .00001152  00000+0  57824-3 0  9990
2 37690  98.7359 324.9089 0041781 150.8428 273.8555 14.18040211680395
FENGYUN 1C DEB          
1 37691U 99025ELG 26283.57235121  .00017944  00000+0  19870-2 0  9999
2 37691  98.3560 196.9486 0245095 287.3826  70.0711 14.67941059900486
FENGYUN 1C DEB          
1 37693U 99025ELJ 26276.21961899  .00000734  00000+0  43822-3 0  9996
2 37693  98.7064 270.7773 0070981 324.0574  97.4308 14.09026970662954
FENGYUN 1C DEB          
1 37694U 99025ELK 26283.94930763  .00002749  00000+0  12156-2 0  9994
2 37694  98.1819 333.2370 0143275 292.0007 194.7602 14.18619483559867
FENGYUN 1C DEB          
1 37695U 99025ELL 26283.27632103  .00000839  00000+0  51326-3 0  9999
2 37695  98.1887 286.1412 0460047 172.9483 202.8304 13.65829070933670
FENGYUN 1C DEB          
1 37704U 99025ELV 26282.92794263  .00000920  00000+0  86827-3 0  9992
2 37704  98.3407  81.3733 0239881  89.9217  60.3288 13.71200162664912
FENGYUN 1C DEB          
1 37707U 99025ELY 26275.97932111  .00001055  00000+0  21657-3 0  9998
2 37707 100.1964 351.0302 0139878 247.4537 291.9528 14.57797390898518
FENGYUN 1C DEB          
1 37712U 99025EMD 26277.19549100  .00000688  00000+0  23874-3 0  9996
2 37712  98.8572  69.0551 0078416 200.4951 334.5111 14.37155762682032
FENGYUN 1C DEB          
1 37714U 99025EMF 26281.79300360  .00003124  00000+0  11016-2 0  9994
2 37714  98.9072  46.9804 0046323 281.2847  78.3134 14.34917718618095
FENGYUN 1C DEB          
1 37715U 99025EMG 26283.29153029  .00000497  00000+0  37515-3 0  9993
2 37715  98.9572 287.6557 0113712   4.3258   9.3745 13.95794738620105
FENGYUN 1C DEB          
1 37716U 99025EMH 26282.44453218  .00001792  00000+0  69876-3 0  9997
2 37716  98.6604 347.5898 0032438  51.5801 324.8511 14.30637005648688
FENGYUN 1C DEB          
1 37717U 99025EMJ 26281.81357874  .00032960  00000+0  17160-2 0  9998
2 37717  98.7484 282.1402 0035622 190.9911 293.1624 15.15393840939124
FENGYUN 1C DEB          
1 37719U 99025EML 26277.97173146  .00002346  00000+0  50904-3 0  9999
2 37719  99.4732 350.0797 0044097  97.4935  81.2550 14.58684656 45547
FENGYUN 1C DEB          
1 37899U 99025EMY 26278.77516476  .00001691  00000+0  13632-2 0  9992
2 37899  98.7881 117.3179 0203514 254.2257 103.6373 13.82557690597741
FENGYUN 1C DEB          
1 37900U 99025EMZ 26276.79726897  .00002446  00000+0  12851-2 0  9996
2 37900 102.3073 101.7251 0207622 229.1054 129.1954 14.05161564639569
FENGYUN 1C DEB          
1 37902U 99025ENB 26280.47258110  .00001414  00000+0  15635-2 0  9993
2 37902  98.6704 109.4701 0318373 255.8394 100.7182 13.53624728670171
FENGYUN 1C DEB          
1 37906U 99025ENF 26282.90550632  .00000348  00000+0  33883-3 0  9992
2 37906  99.5677 333.1727 0161718 316.8630 221.3605 13.81098045636123
FENGYUN 1C DEB          
1 37907U 99025ENG 26283.60857196  .00003145  00000+0  13109-2 0  9992
2 37907  99.0898  52.1152 0055832  38.7187 321.7973 14.26180958875729
FENGYUN 1C DEB          
1 37908U 99025ENH 26278.43160986  .00000724  00000+0  25160-3 0  9993
2 37908  99.1189 333.4506 0073118  11.1763 349.1025 14.37330947683225
FENGYUN 1C DEB          
1 37911U 99025ENL 26262.05610300  .00001223  00000+0  81532-3 0  9998
2 37911  99.2883 349.8327 0137640  63.6673 297.8551 13.98595706806262
FENGYUN 1C DEB          
1 37912U 99025ENM 26282.40617145  .00002283  00000+0  11919-2 0  9992
2 37912  99.2406 265.2714 0088468 299.7740  59.4653 14.13540179815330
FENGYUN 1C DEB          
1 37914U 99025ENP 26275.24823068  .00000965  00000+0  49222-3 0  9995
2 37914  99.2190 283.4712 0066048 245.8003 113.6258 14.17135478663449
FENGYUN 1C DEB          
1 37917U 99025ENS 26265.06131827  .00000966  00000+0  51834-3 0  9995
2 37917  98.9320   8.0593 0045236 326.0174  33.8104 14.14901459678297
FENGYUN 1C DEB          
1 37918U 99025ENT 26282.13509633  .00000961  00000+0  34580-3 0  9991
2 37918  99.0619 250.7584 0055723 123.8437 236.8068 14.35319427 78507
FENGYUN 1C DEB          
1 37919U 99025ENU 26283.60761292  .00000624  00000+0  27114-3 0  9997
2 37919  99.0880 237.7173 0047351 224.7763 134.9590 14.27346361692146
FENGYUN 1C DEB          
1 37920U 99025ENV 26279.72474049  .00002236  00000+0  91775-3 0  9993
2 37920  98.8277   1.5681 0053702  80.2502  70.8062 14.27302802683884
FENGYUN 1C DEB          
1 37921U 99025ENW 26279.89830967  .00000284  00000+0  23513-3 0  9993
2 37921  98.9847 318.9279 0083226   2.0529 358.0959 13.95301675673057
FENGYUN 1C DEB          
1 37925U 99025EPA 26282.52150495  .00009822  00000+0  10936-2 0  9993
2 37925  99.0610 197.4783 0050478 111.0250 249.6372 14.86419577701436
FENGYUN 1C DEB          
1 37926U 99025EPB 26283.41668089  .00001887  00000+0  79963-3 0  9995
2 37926  98.7021 349.4380 0052247  67.8630 352.6456 14.25856758785672
FENGYUN 1C DEB          
1 37927U 99025EPC 26283.76429516  .00024066  00000+0  26728-2 0  9998
2 37927  98.8160 101.8908 0005250  27.4476 332.7013 14.87191689695857
FENGYUN 1C DEB          
1 37928U 99025EPD 26281.15289131  .00000851  00000+0  28875-3 0  9999
2 37928  98.8802 171.2405 0069965 229.9340 129.5697 14.38022644854943
FENGYUN 1C DEB          
1 38115U 99025EPL 26255.15826422  .00005235  00000+0  25992-2 0  9996
2 38115  97.6988  36.0306 0253713 169.9089 190.7314 14.02084822278483
FENGYUN 1C DEB          
1 38116U 99025EPM 26281.36133486  .00000298  00000+0  16419-3 0  9999
2 38116  98.6828 318.6651 0070434   8.4551  56.1486 14.17502000687295
FENGYUN 1C DEB          
1 38119U 99025EPQ 26282.43309290  .00005986  00000+0  22228-2 0  9992
2 38119  98.5905 351.0888 0219531  84.3635 278.2531 14.20025297582705
FENGYUN 1C DEB          
1 38121U 99025EPS 26283.73084138  .00000997  00000+0  37768-3 0  9993
2 38121  99.1474  91.2443 0202839 344.7259  14.7852 14.22938051882136
FENGYUN 1C DEB          
1 38122U 99025EPT 26275.76913917  .00001210  00000+0  27352-3 0  9991
2 38122  98.3246 276.7123 0223673 346.7779  12.7608 14.43870070719807
FENGYUN 1C DEB          
1 38124U 99025EPV 26269.93453206  .00000082  00000+0  14286-3 0  9993
2 38124  97.8110 162.8588 0355080 279.8058  76.3163 13.41053528584447
FENGYUN 1C DEB          
1 38125U 99025EPW 26274.40967045  .00000612  00000+0  87047-3 0  9997
2 38125 100.2149 343.7585 0407820 338.4031  20.0311 13.31328510857280
FENGYUN 1C DEB          
1 38130U 99025EQB 26281.53693492  .00001205  00000+0  10500-2 0  9995
2 38130  98.5870 310.1413 0207058 137.6369 224.0983 13.78244597734118
FENGYUN 1C DEB          
1 38135U 99025EQG 26283.90070638  .00000922  00000+0  31703-3 0  9998
2 38135  98.6214 341.5825 0219310 269.9197  87.6854 14.25973812653463
FENGYUN 1C DEB          
1 38136U 99025EQH 26281.35990186  .00001500  00000+0  10197-2 0  9991
2 38136  98.5586 118.6194 0141229 343.3163  16.3380 13.96766893129658
FENGYUN 1C DEB          
1 38137U 99025EQJ 26279.38578454  .00000247  00000+0  17461-3 0  9991
2 38137  98.8289 320.3428 0044780 314.4601  45.2909 14.06399565678921
FENGYUN 1C DEB          
1 38138U 99025EQK 26278.10471737  .00003808  00000+0  12379-2 0  9995
2 38138  98.8046  25.6534 0037592 174.8332 185.3250 14.39006896680621
FENGYUN 1C DEB          
1 38143U 99025EQQ 26278.38477586  .00000927  00000+0  59025-3 0  9998
2 38143  98.9937 337.3283 0055950 116.5553 244.1364 14.05398934644492
FENGYUN 1C DEB          
1 38144U 99025EQR 26283.21705454  .00001014  00000+0  10747-2 0  9990
2 38144  98.9919  87.9480 0288962 131.9407 230.6757 13.59699412651330
FENGYUN 1C DEB          
1 38146U 99025EQT 26279.63259775  .00002730  00000+0  42786-3 0  9998
2 38146  99.4918  48.2697 0192803 286.9470  83.9717 14.62107740362298
FENGYUN 1C DEB          
1 38147U 99025EQU 26282.77698353  .00000775  00000+0  35054-3 0  9994
2 38147  98.5500 293.8441 0050852 141.8614 218.6181 14.24136062646718
FENGYUN 1C DEB          
1 38148U 99025EQV 26279.54133820  .00001731  00000+0  11422-2 0  9994
2 38148  99.0627  35.1669 0152738  26.6454 334.2457 13.97506903637942
FENGYUN 1C DEB          
1 38149U 99025EQW 26282.76641455  .00000359  00000+0  16188-3 0  9991
2 38149  98.3827 266.6450 0077547 358.3443   1.7469 14.26221794747781
FENGYUN 1C DEB          
1 38155U 99025ERC 26280.52757386  .00004292  00000+0  16568-2 0  9992
2 38155  98.4348 179.4347 0096911 332.5321  27.0757 14.28135372680367
FENGYUN 1C DEB          
1 38157U 99025ERE 26279.64038344  .00001709  00000+0  53843-3 0  9999
2 38157  99.6618 220.3783 0270361 356.9665   2.9860 14.23106024804830
FENGYUN 1C DEB          
1 38158U 99025ERF 26281.85648951  .00000729  00000+0  71882-3 0  9991
2 38158  99.2648 304.0458 0212681  22.8163 338.2268 13.72326096609984
FENGYUN 1C DEB          
1 38159U 99025ERG 26266.95578332  .00000602  00000+0  40630-3 0  9998
2 38159  99.2915 170.1907 0055564 275.7881  83.6951 14.03824178871131
FENGYUN 1C DEB          
1 38163U 99025ERL 26281.38486243  .00000540  00000+0  34365-3 0  9995
2 38163  99.1006 324.8836 0076660 129.1560 231.6452 14.06556429287531
FENGYUN 1C DEB          
1 38166U 99025ERP 26283.59851670  .00005662  00000+0  19778-2 0  9993
2 38166  99.0838  46.1929 0052261 242.7312 116.8542 14.34883011680960
FENGYUN 1C DEB          
1 38168U 99025ERR 26276.06754917  .00002420  00000+0  82397-3 0  9992
2 38168  98.7895  19.3356 0038017 323.9162  35.9459 14.37060876686890
FENGYUN 1C DEB          
1 38169U 99025ERS 26281.85180836  .00009238  00000+0  12181-2 0  9996
2 38169  98.9861 294.5971 0025381 205.9202 154.0737 14.80126359656975
FENGYUN 1C DEB          
1 38172U 99025ERV 26283.53690008  .00000604  00000+0  74076-3 0  9994
2 38172 100.4295  36.6603 0279447 310.3396  47.3632 13.55024511657590
FENGYUN 1C DEB          
1 38173U 99025ERW 26278.04677010  .00002938  00000+0  83188-3 0  9999
2 38173  98.9945 197.3630 0158883 321.1424  37.8425 14.39271231649031
FENGYUN 1C DEB          
1 38491U 99025ESA 26261.23334904  .00000552  00000+0  34729-3 0  9994
2 38491  98.9391 264.6711 0224669 336.6456  22.4624 13.96695371703612
FENGYUN 1C DEB          
1 38492U 99025ESB 26283.37929836  .00003202  00000+0  19094-2 0  9990
2 38492  98.6130 340.5287 0222119  33.2129 328.2754 13.96360531602108
FENGYUN 1C DEB          
1 38493U 99025ESC 26276.58352702  .00000114  00000+0  10850-3 0  9999
2 38493  99.1130 222.3475 0425484 200.0855 158.3097 13.62587667605133
FENGYUN 1C DEB          
1 38494U 99025ESD 26282.26213723  .00002917  00000+0  10111-2 0  9993
2 38494  98.4476 216.4490 0369105 239.1130 117.3257 14.04376768113677
FENGYUN 1C DEB          
1 38495U 99025ESE 26255.23939735  .00001647  00000+0  15306-2 0  9999
2 38495  99.1556 263.7063 0249487 142.5475 219.3351 13.70425779648574
FENGYUN 1C DEB          
1 38496U 99025ESF 26282.26244355  .00000738  00000+0  42510-3 0  9998
2 38496  98.7617 289.4147 0075988 234.6982 124.7066 14.10749262852575
FENGYUN 1C DEB          
1 38498U 99025ESH 26279.81891418  .00000940  00000+0  16542-2 0  9995
2 38498  99.6976 272.7632 0555663 114.0267 252.0009 12.97065398576073
FENGYUN 1C DEB          
1 38499U 99025ESJ 26282.08503456  .00001497  00000+0  12957-2 0  9995
2 38499  98.4004 148.2144 0228002  50.9356 311.1842 13.76400804796900
FENGYUN 1C DEB          
1 38500U 99025ESK 26282.66001950  .00001712  00000+0  13367-2 0  9990
2 38500  98.6469 351.4670 0202800 133.2726 228.5552 13.84248134273764
FENGYUN 1C DEB          
1 38510U 99025ESV 26280.23513034  .00000725  00000+0  38602-3 0  9996
2 38510  98.6032 283.0362 0098032  17.0502 343.3927 14.13941148928879
FENGYUN 1C DEB          
1 38512U 99025ESX 26281.55092634  .00000837  00000+0  76217-3 0  9990
2 38512  98.3538 131.7134 0227881  16.6404 344.2071 13.74666794636881
FENGYUN 1C DEB          
1 38513U 99025ESY 26283.50041092  .00013529  00000+0  10490-2 0  9992
2 38513  97.5976 174.9378 0224562 337.7873  21.3728 14.83650545681215
FENGYUN 1C DEB          
1 38514U 99025ESZ 26283.83180020  .00003279  00000+0  11131-2 0  9998
2 38514  98.0439 291.2108 0250187 207.1088 151.6844 14.21120147922812
FENGYUN 1C DEB          
1 38516U 99025ETB 26277.21091131  .00000173  00000+0  72959-4 0  9996
2 38516  98.4727 259.7954 0109724 328.4495  31.0142 14.34256755891080
FENGYUN 1C DEB          
1 38519U 99025ETE 26275.19618663  .00001459  00000+0  11154-2 0  9995
2 38519  99.5547 262.6493 0170089 341.1134  18.3763 13.88626399888097
FENGYUN 1C DEB          
1 38717U 99025ETJ 26282.85449656  .00002013  00000+0  92703-3 0  9997
2 38717  99.1439 313.6842 0055322 215.2514 318.1777 14.21505654627021
FENGYUN 1C DEB          
1 38722U 99025ETP 26279.14563220  .00010011  00000+0  16053-2 0  9995
2 38722  99.3647  62.0525 0129007 273.6582  84.9873 14.66483575748124
FENGYUN 1C DEB          
1 38724U 99025ETR 26281.81573214  .00005081  00000+0  23048-2 0  9991
2 38724  98.7336 290.4852 0118245 291.5365  67.3241 14.18660689608741
FENGYUN 1C DEB          
1 38725U 99025ETS 26283.63992518  .00005641  00000+0  15514-2 0  9997
2 38725  98.8896  67.6035 0031753  77.8018 282.6726 14.47066208777138
FENGYUN 1C DEB          
1 38727U 99025ETU 26275.77809235  .00001604  00000+0  96506-3 0  9994
2 38727  98.6179 263.2645 0103886 111.8651  11.5944 14.05452542759610
FENGYUN 1C DEB          
1 38728U 99025ETV 26278.91480416  .00003405  00000+0  50492-3 0  9995
2 38728  99.2564 312.6598 0068963 216.6375 268.8998 14.74316952699850
FENGYUN 1C DEB          
1 38783U 99025ETX 26279.44998051  .00004195  00000+0  57978-3 0  9997
2 38783  98.3300   2.0670 0205806 274.5319  83.2402 14.65117645842936
FENGYUN 1C DEB          
1 38789U 99025EUD 26282.49830726  .00001088  00000+0  24250-3 0  9991
2 38789  98.8280 186.9732 0201729 202.6480 333.3848 14.47404103661947
FENGYUN 1C DEB          
1 38795U 99025EUK 26254.18828045  .00000631  00000+0  71715-3 0  9995
2 38795  98.7047 240.8924 0494194 298.5404  56.6821 13.30882081821352
FENGYUN 1C DEB          
1 38797U 99025EUM 26282.41891761  .00000038  00000+0  85134-4 0  9991
2 38797  99.4523 171.6427 0244598 172.8147 187.6606 13.61866667633756
FENGYUN 1C DEB          
1 38798U 99025EUN 26279.49670225  .00000081  00000+0  15483-3 0  9993
2 38798  98.8244   7.6010 0408475  85.8000 278.9686 13.29258150226906
FENGYUN 1C DEB          
1 38799U 99025EUP 26279.49636332  .00003040  00000+0  66000-3 0  9994
2 38799  98.3835 358.9971 0160019 160.4019 200.3422 14.51144988683548
FENGYUN 1C DEB          
1 38801U 99025EUR 26278.40319169  .00001259  00000+0  29509-3 0  9997
2 38801  98.3358 320.7200 0342816 198.2387 175.8872 14.26064678685870
FENGYUN 1C DEB          
1 38803U 99025EUT 26280.01061862  .00002381  00000+0  99892-3 0  9992
2 38803  99.1303 300.9406 0061227 260.5796  98.8457 14.25952170644601
FENGYUN 1C DEB          
1 38809U 99025EUZ 26282.22410261  .00000610  00000+0  24673-3 0  9992
2 38809  98.5863 288.1397 0221441 179.9608 180.1623 14.18869700734662
FENGYUN 1C DEB          
1 38813U 99025EVD 26278.27170513  .00000552  00000+0  27879-3 0  9996
2 38813  99.3445 297.2194 0005847  10.0748 350.0543 14.20707790524601
FENGYUN 1C DEB          
1 38817U 99025EVH 26283.76808973  .00001099  00000+0  11842-2 0  9997
2 38817  98.5730 121.8287 0290296 336.5687  22.2445 13.58510548699346
FENGYUN 1C DEB          
1 38818U 99025EVJ 26281.40243150  .00000586  00000+0  19138-3 0  9994
2 38818  98.2615 332.7701 0085357 276.5141 148.9566 14.40155538715602
FENGYUN 1C DEB          
1 38819U 99025EVK 26277.21555648  .00000466  00000+0  23181-3 0  9997
2 38819  98.6392 267.5545 0080869  62.4385   0.0884 14.19858495676701
FENGYUN 1C DEB          
1 38824U 99025EVQ 26282.88004432  .00003003  00000+0  14578-2 0  9991
2 38824  99.2986  74.3890 0092545  78.0733 283.0798 14.16899377733986
FENGYUN 1C DEB          
1 38827U 99025EVT 26282.77107651  .00001453  00000+0  41243-3 0  9996
2 38827  98.3669 301.3874 0214520 136.2616 225.5790 14.34276008653735
FENGYUN 1C DEB          
1 38829U 99025EVV 26282.26099975  .00000618  00000+0  37394-3 0  9995
2 38829  98.7378 294.5352 0039539 259.0767 100.5953 14.09736731683662
FENGYUN 1C DEB          
1 38832U 99025EVY 26282.99041375  .00001075  00000+0  67039-3 0  9997
2 38832  99.2427 338.3616 0084538 289.0296  70.1727 14.05391257679882
FENGYUN 1C DEB          
1 39536U 99025EWD 26275.87837094  .00000742  00000+0  72820-3 0  9993
2 39536  99.7664 325.8033 0239865 221.7921 136.4688 13.70454548657926
FENGYUN 1C DEB          
1 39537U 99025EWE 26282.62756284  .00001265  00000+0  10235-2 0  9998
2 39537  99.1723  66.4545 0172938 253.8216 104.3847 13.85392056634212
FENGYUN 1C DEB          
1 39540U 99025EWH 26281.35034789  .00001532  00000+0  19385-2 0  9992
2 39540 106.1833 328.9291 0398261 142.6957 291.2390 13.38038803731040
FENGYUN 1C DEB          
1 39541U 99025EWJ 26282.34733514  .00000671  00000+0  32172-3 0  9998
2 39541  98.6474 323.5262 0069539 284.0032  75.3421 14.21038956632716
FENGYUN 1C DEB          
1 39543U 99025EWL 26283.76146515  .00000841  00000+0  65982-3 0  9990
2 39543  99.0180 300.8356 0337847  67.0965 296.5471 13.70765393533226
FENGYUN 1C DEB          
1 39544U 99025EWM 26275.90635253  .00000126  00000+0  10175-3 0  9990
2 39544  98.7024 149.1759 0052962 262.2118  97.3035 14.05881943609880
FENGYUN 1C DEB          
1 40688U 99025EWU 26273.59535757  .00000245  00000+0  24001-3 0  9997
2 40688  99.0066  55.5237 0141039 325.9154  33.3004 13.84080848339543
FENGYUN 1C DEB          
1 40689U 99025EWV 26278.53735138  .00001321  00000+0  11956-2 0  9992
2 40689  99.1165 184.3382 0311264  49.6878 313.1025 13.65564119589332
FENGYUN 1C DEB          
1 40690U 99025EWW 26276.39499740  .00000131  00000+0  12482-3 0  9996
2 40690  99.3892 322.4712 0093498  69.0625 292.0512 13.95981394654865
FENGYUN 1C DEB          
1 40691U 99025EWX 26276.89361985  .00000041  00000+0  64361-4 0  9995
2 40691  99.0257 305.9129 0128054 229.1827 129.8171 13.90068628595364
FENGYUN 1C DEB          
1 40695U 99025EXB 26281.25906152  .00001431  00000+0  22431-3 0  9991
2 40695  99.4650  81.7146 0278370 163.4502 197.6007 14.51978982362111
FENGYUN 1C DEB          
1 40696U 99025EXC 26282.20167086 -.00000082  00000+0 -26524-4 0  9994
2 40696  98.9863 266.6326 0078775 250.2100 109.0556 13.96876806598748
FENGYUN 1C DEB          
1 40999U 99025EXD 26278.43055300  .00000573  00000+0  37786-3 0  9999
2 40999  99.0962 349.8660 0058072 152.7086 207.7152 14.04986195857264
FENGYUN 1C DEB          
1 41003U 99025EXH 26279.61541329  .00024290  00000+0  24930-2 0  9996
2 41003  98.9682 239.0854 0055136  69.2166 291.4942 14.89261820568318
FENGYUN 1C DEB          
1 41005U 99025EXK 26270.85702073  .00001507  00000+0  84236-3 0  9992
2 41005  98.9362 286.9791 0569673  72.6549 293.6060 13.51680306562855
FENGYUN 1C DEB          
1 41006U 99025EXL 26279.73966408  .00002094  00000+0  16158-2 0  9992
2 41006 102.3681 250.1398 0183831  21.1597 339.7028 13.87038843616180
FENGYUN 1C DEB          
1 41007U 99025EXM 26280.36649706  .00000883  00000+0  71625-3 0  9998
2 41007  99.9406 331.0864 0169117 341.8271  17.6885 13.86701978615363
FENGYUN 1C DEB          
1 41008U 99025EXN 26279.65459924  .00000448  00000+0  27424-3 0  9995
2 41008  99.3583  64.9765 0501364 109.2262 256.3815 13.61559158604981
FENGYUN 1C DEB          
1 41009U 99025EXP 26283.25151309  .00005498  00000+0  12730-2 0  9996
2 41009  99.2024 292.6612 0010270 260.0890  99.9145 14.55531169633677
FENGYUN 1C DEB          
1 41011U 99025EXR 26283.94991743  .00003777  00000+0  62554-3 0  9997
2 41011  99.1316 357.0798 0304390 182.7945 177.1556 14.44693010615187
FENGYUN 1C DEB          
1 41016U 99025EXW 26283.38338028  .00001821  00000+0  89266-3 0  9998
2 41016  98.2465 341.6136 0143081  28.2308 332.6529 14.13694850642690
FENGYUN 1C DEB          
1 41018U 99025EXY 26275.08513308  .00001297  00000+0  14913-2 0  9997
2 41018  99.9446 225.6787 0305796 112.8680 250.5048 13.53152556921417
FENGYUN 1C DEB          
1 41822U 99025EXZ 26283.16684381  .00002025  00000+0  84561-3 0  9995
2 41822  98.7123 352.8449 0053618  66.8231 293.8585 14.26505032516687
FENGYUN 1C DEB          
1 41823U 99025EYA 26283.16201731  .00001827  00000+0  78612-3 0  9999
2 41823  98.6974 348.8443 0053928  76.0519 284.6650 14.25063404516497
FENGYUN 1C DEB          
1 41824U 99025EYB 26282.47614345  .00001771  00000+0  75071-3 0  9996
2 41824  98.7108 349.6084 0056025  76.6767 284.0652 14.25826619516435
FENGYUN 1C DEB          
1 41825U 99025EYC 26282.64807428  .00002013  00000+0  83510-3 0  9999
2 41825  98.7244 355.6830 0053808  68.4629 292.2275 14.26834315516373
FENGYUN 1C DEB          
1 41826U 99025EYD 26281.41824773  .00001553  00000+0  66795-3 0  9990
2 41826  98.7130 350.1682 0054613  76.6593 284.0668 14.25277155516275
FENGYUN 1C DEB          
1 41827U 99025EYE 26281.64957037  .00002049  00000+0  84516-3 0  9998
2 41827  98.7252 354.9788 0056277  65.9002 294.8051 14.27050423516065
FENGYUN 1C DEB          
1 41828U 99025EYF 26283.66023981  .00013145  00000+0  26691-2 0  9993
2 41828  98.9200  77.9365 0031447 334.9488  25.0182 14.60980637518600
FENGYUN 1C DEB          
1 41829U 99025EYG 26283.48290607  .00002069  00000+0  85764-3 0  9995
2 41829  98.7272 356.7900 0054390  63.8090 296.8669 14.26843097516088
FENGYUN 1C DEB          
1 41830U 99025EYH 26282.16296429  .00001939  00000+0  78250-3 0  9996
2 41830  98.7375 359.2569 0052217  64.2237 296.4319 14.28359165515602
FENGYUN 1C DEB          
1 41831U 99025EYJ 26280.72667082  .00001783  00000+0  74936-3 0  9998
2 41831  98.7152 351.0309 0054775  75.1100 285.6137 14.26277422515194
FENGYUN 1C DEB          
1 41832U 99025EYK 26281.13820856  .00001694  00000+0  71836-3 0  9992
2 41832  98.7088 348.2487 0054360  78.3803 282.3472 14.25910150516157
FENGYUN 1C DEB          
1 41833U 99025EYL 26283.47330972  .00002212  00000+0  90121-3 0  9992
2 41833  98.7309 357.6403 0052395  68.0008 292.6728 14.27714382516671
FENGYUN 1C DEB          
1 43213U 99025EYM 26282.97226799  .00001910  00000+0  81478-3 0  9990
2 43213  98.7146 350.4297 0053743  75.9594 284.7552 14.25459007446623
FENGYUN 1C DEB          
1 43214U 99025EYN 26282.64265547  .00001888  00000+0  80075-3 0  9995
2 43214  98.7169 350.6173 0053866  76.1396 284.5768 14.25775536446897
FENGYUN 1C DEB          
1 43358U 99025EYP 26282.20240912  .00000696  00000+0  89236-3 0  9999
2 43358  98.6925   5.5681 0364709 163.0088 198.3643 13.41066019577570
FENGYUN 1C DEB          
1 43359U 99025EYQ 26282.47553499  .00003012  00000+0  12531-2 0  9994
2 43359  99.0475  16.5045 0074041 228.9584 130.5180 14.25677256520319
FENGYUN 1C DEB          
1 45526U 99025EYR 26281.72486777  .00002195  00000+0  89037-3 0  9990
2 45526  98.7476 359.1162 0052144  72.0239 288.6615 14.27951746476550
FENGYUN 1C DEB          
1 45527U 99025EYS 26281.64189254  .00001861  00000+0  78319-3 0  9992
2 45527  98.7195 351.8177 0053711  77.4086 283.3094 14.26196237438527
FENGYUN 1C DEB          
1 46439U 99025EYU 26269.19332588  .00000422  00000+0  19364-3 0  9998
2 46439  98.5525 252.3531 0119155 291.8596  66.9945 14.22649383644505
FENGYUN 1C DEB          
1 46440U 99025EYV 26283.90501222  .00000555  00000+0  23883-3 0  9996
2 46440  98.5679 307.1427 0174499 340.7474 137.8726 14.20719980666598
FENGYUN 1C DEB          
1 46443U 99025EYY 26283.45213142  .00002172  00000+0  11475-2 0  9990
2 46443  99.2004   3.2068 0097509 229.8500 191.0020 14.12526508638534
FENGYUN 1C DEB          
1 46444U 99025EYZ 26283.84871593  .00000968  00000+0  39404-3 0  9998
2 46444  98.5213 283.2207 0082774 346.2135 132.5161 14.27847477668929
FENGYUN 1C DEB          
1 46447U 99025EZC 26283.26423975  .00000661  00000+0  22675-3 0  9996
2 46447  98.4753 275.7022 0160941 250.6871 107.6848 14.32526155835383
FENGYUN 1C DEB          
1 46448U 99025EZD 26277.99686465  .00002601  00000+0  11235-2 0  9990
2 46448  99.0662 352.4174 0062622 332.1740  27.6093 14.24312968661813
FENGYUN 1C DEB          
1 46449U 99025EZE 26273.53943662  .00000489  00000+0  20524-3 0  9996
2 46449  98.6139 305.6091 0203104 148.0170 213.3525 14.19680598617769
FENGYUN 1C DEB          
1 46450U 99025EZF 26283.26242313  .00002246  00000+0  12174-2 0  9998
2 46450  98.0625 111.9100 0179001 279.1837  78.9124 14.05495427653522
FENGYUN 1C DEB          
1 46451U 99025EZG 26282.28169137  .00004866  00000+0  18639-2 0  9994
2 46451  98.1469 283.9933 0165051  22.9615 350.7643 14.23770367612792
FENGYUN 1C DEB          
1 46468U 99025EZK 26282.24667295  .00002082  00000+0  86873-3 0  9990
2 46468  98.8810  18.9791 0043673  83.9737 304.3860 14.26818066780998
FENGYUN 1C DEB          
1 46986U 99025EZL 26276.80306469  .00000742  00000+0  19823-3 0  9995
2 46986  98.2153 297.5674 0104502  31.4792 329.2598 14.48020072676691
FENGYUN 1C DEB          
1 46987U 99025EZM 26281.19807228  .00004894  00000+0  12941-2 0  9998
2 46987  98.9192  72.2723 0031466 167.6495 192.5475 14.49029366616724
FENGYUN 1C DEB          
1 46989U 99025EZP 26276.26097633  .00002217  00000+0  17076-2 0  9994
2 46989  99.5262  85.3757 0234236 282.1756 257.1119 13.82087002751074
FENGYUN 1C DEB          
1 46990U 99025EZQ 26279.77710712  .00013970  00000+0  28336-2 0  9994
2 46990  98.2131 112.7605 0327004 255.2111 165.8867 14.32656501127867
FENGYUN 1C DEB          
1 46992U 99025EZS 26271.23455278  .00000188  00000+0  15049-3 0  9997
2 46992  98.9583 256.5102 0072549  77.4623 283.4645 14.01044488650109
FENGYUN 1C DEB          
1 46993U 99025EZT 26282.48294296  .00000302  00000+0  30860-3 0  9994
2 46993  98.7397  18.2218 0262625 222.8022 198.9575 13.69406847643734
FENGYUN 1C DEB          
1 46995U 99025EZV 26282.13245833  .00001438  00000+0  10922-2 0  9998
2 46995  98.5890 345.1219 0181452  14.7305 345.9044 13.87817807646331
FENGYUN 1C DEB          
1 46997U 99025EZX 26278.38398958  .00001409  00000+0  56874-3 0  9994
2 46997  98.5347 317.7145 0025885 181.7601 191.7293 14.29278839666871
FENGYUN 1C DEB          
1 47001U 99025FAB 26276.50478337  .00002314  00000+0  72759-3 0  9999
2 47001  99.2861   4.3556 0049599 265.7166  93.8352 14.40838170781564
FENGYUN 1C DEB          
1 47003U 99025FAD 26274.55626431  .00000288  00000+0  40713-3 0  9997
2 47003  98.8512 176.3309 0334487  41.4602 321.1399 13.42978479692362
FENGYUN 1C DEB          
1 47005U 99025FAF 26279.60454598  .00002778  00000+0  14803-2 0  9999
2 47005  99.6017  34.5041 0062845 139.7038 235.1929 14.13266882869727
FENGYUN 1C DEB          
1 47006U 99025FAG 26283.45757620  .00000574  00000+0  42030-3 0  9996
2 47006  99.1623 346.8831 0081434 329.8586  29.7905 13.98515334869842
FENGYUN 1C DEB          
1 47007U 99025FAH 26273.80808964  .00001872  00000+0  10440-2 0  9994
2 47007  98.1872 110.3332 0231499 309.9789  48.1251 13.99332703829315
FENGYUN 1C DEB          
1 47009U 99025FAK 26283.62740716  .00000039  00000+0  10385-3 0  9990
2 47009  98.9768 236.9506 0351530 226.9785 130.1399 13.37444286628448
FENGYUN 1C DEB          
1 47012U 99025FAN 26281.39879151  .00000360  00000+0  36003-3 0  9994
2 47012  98.7177 141.2850 0163117 339.4443  20.0198 13.78166099587005
FENGYUN 1C DEB          
1 47015U 99025FAR 26279.49228544  .00006278  00000+0  49061-3 0  9991
2 47015  98.6837  10.7198 0161895 231.8746 126.7784 14.91697953688154
FENGYUN 1C DEB          
1 47018U 99025FAU 26281.27808943  .00009415  00000+0  18273-2 0  9996
2 47018  98.9111  32.5005 0018694 167.7882 221.8632 14.63333577826825
FENGYUN 1C DEB          
1 47025U 99025FBB 26283.41114894  .00004151  00000+0  10805-2 0  9992
2 47025  99.0159 155.5037 0035539 174.9442   0.4637 14.49803784671085
FENGYUN 1C DEB          
1 47029U 99025FBF 26274.42304199  .00018917  00000+0  85726-3 0  9996
2 47029  98.9236 328.8136 0091652 103.1015 258.0462 15.17162330 74889
FENGYUN 1C DEB          
1 47036U 99025FBN 26283.92118147  .00000174  00000+0  10952-3 0  9990
2 47036  98.6824 325.0025 0066845 314.1704 170.0844 14.15326777642015
FENGYUN 1C DEB          
1 47040U 99025FBS 26279.57298895  .00000487  00000+0  31929-3 0  9994
2 47040 100.3066 232.1313 0062770 154.7348 205.6908 14.06916255932960
FENGYUN 1C DEB          
1 47041U 99025FBT 26281.42629824  .00055321  00000+0  15952-2 0  9996
2 47041  98.2207 340.3966 0007958 227.1403 132.9171 15.35493769757426
FENGYUN 1C DEB          
1 47042U 99025FBU 26280.97897082  .00000251  00000+0  13019-3 0  9994
2 47042  98.9796 189.7211 0053163 255.2056 165.4021 14.23125059667773
FENGYUN 1C DEB          
1 47100U 99025FBY 26283.10365004  .00004838  00000+0  10720-2 0  9991
2 47100  99.0092 130.8400 0081590 164.4516 195.9213 14.55603353311470
FENGYUN 1C DEB          
1 47101U 99025FBZ 26283.42126466  .00005349  00000+0  22786-2 0  9997
2 47101  98.8182 348.4526 0104107 270.0798  88.8450 14.22673005389451
FENGYUN 1C DEB          
1 47102U 99025FCA 26282.28352329  .00001180  00000+0  55569-3 0  9995
2 47102  98.4481 211.2446 0114931 263.5545 250.4785 14.18319590661992
FENGYUN 1C DEB          
1 47104U 99025FCC 26275.33835449  .00000178  00000+0  10474-3 0  9996
2 47104  98.8796 311.0906 0040080 214.0853 145.7748 14.19660755665388
FENGYUN 1C DEB          
1 48518U 99025FCG 26282.16065279  .00002679  00000+0  13892-2 0  9995
2 48518  99.2680 257.6170 0129832 341.2687  18.3729 14.11479926644059
FENGYUN 1C DEB          
1 49389U 99025FCJ 26262.28230283  .00002006  00000+0  12521-2 0  9994
2 49389  98.7248  84.9872 0134498 127.4246 233.9249 14.01461741267765
