ONEWEB-0012             
1 44057U 19010A   26283.54055943  .00000082  00000+0  17999-3 0  9994
2 44057  87.9172 205.8903 0002300  69.3124 290.8254 13.16595413366747
ONEWEB-0010             
1 44058U 19010B   26283.48990416  .00000080  00000+0  17697-3 0  9994
2 44058  87.9183 205.9028 0001512  73.0986 287.0311 13.16595513366788
ONEWEB-0008             
1 44059U 19010C   26283.21124632 -.00000012  00000+0 -63779-4 0  9995
2 44059  87.9181 205.9526 0002130  82.3095 277.8278 13.16595003366863
ONEWEB-0007             
1 44060U 19010D   26283.56589163  .00000116  00000+0  27435-3 0  9990
2 44060  87.9021 236.2168 0001870  68.5910 291.5420 13.15549470366542
ONEWEB-0006             
1 44061U 19010E   26283.95014496 -.00000038  00000+0 -13555-3 0  9999
2 44061  87.9033 236.1167 0001817  81.3333 278.8004 13.15547970366647
ONEWEB-0011             
1 44062U 19010F   26283.23394943  .00000132  00000+0  31538-3 0  9993
2 44062  87.9030 236.2704 0001932  88.0949 272.0403 13.15548927366549
ONEWEB-0013             
1 45131U 20008A   26283.55012047 -.00000596  00000+0 -17673-2 0  9996
2 45131  87.8597  29.5529 0002484  84.2844 275.8566 13.09461250321163
ONEWEB-0017             
1 45132U 20008B   26283.60500751 -.00000098  00000+0 -31819-3 0  9993
2 45132  87.8925  13.3066 0001728 107.4063 252.7254 13.10377015323063
ONEWEB-0020             
1 45133U 20008C   26283.49811709 -.00000184  00000+0 -56386-3 0  9991
2 45133  87.8913  13.3280 0001821 102.7026 257.4305 13.10370614323449
ONEWEB-0021             
1 45134U 20008D   26283.58972176 -.00000619  00000+0 -18103-2 0  9995
2 45134  87.8915  13.3198 0001720  98.7672 261.3650 13.10372463323765
ONEWEB-0023             
1 45136U 20008F   26283.52441337 -.00000296  00000+0 -88327-3 0  9998
2 45136  87.8927  13.3212 0001987 102.1162 258.0188 13.10375983323181
ONEWEB-0024             
1 45137U 20008G   26283.49654493 -.00000117  00000+0 -37071-3 0  9996
2 45137  87.8927  13.3279 0001739 102.3920 257.7402 13.10371337323346
ONEWEB-0025             
1 45138U 20008H   26283.49627123 -.00000118  00000+0 -37348-3 0  9995
2 45138  87.8928  13.3166 0002003 115.8440 244.2894 13.10369540323679
ONEWEB-0026             
1 45139U 20008J   26283.44312841  .00000280  00000+0  75375-3 0  9999
2 45139  87.8962 358.1667 0001775 105.3928 254.7396 13.11415310326218
ONEWEB-0028             
1 45140U 20008K   26283.95150482  .00000157  00000+0  40765-3 0  9996
2 45140  87.8957 358.0684 0002219  90.2381 269.9001 13.11418614323792
ONEWEB-0032             
1 45141U 20008L   26283.53048570  .00000032  00000+0  54545-4 0  9999
2 45141  87.8928  13.3235 0002225  95.1099 265.0283 13.10376344323400
ONEWEB-0033             
1 45142U 20008M   26283.50488847 -.00000502  00000+0 -14745-2 0  9992
2 45142  87.8912  13.3302 0001357 112.6713 247.4559 13.10371806323310
ONEWEB-0035             
1 45143U 20008N   26283.52540142 -.00000300  00000+0 -89492-3 0  9990
2 45143  87.8925  13.3223 0001706 101.0589 259.0731 13.10375191323040
ONEWEB-0036             
1 45144U 20008P   26283.50306150 -.00000426  00000+0 -12578-2 0  9997
2 45144  87.8938  13.3581 0002005 100.9986 259.1367 13.10370337323463
ONEWEB-0038             
1 45145U 20008Q   26283.91107198  .00000021  00000+0  24569-4 0  9998
2 45145  87.8976 358.0983 0001374  39.4246 320.6981 13.11415490325496
ONEWEB-0039             
1 45146U 20008R   26283.50827492 -.00000577  00000+0 -16881-2 0  9994
2 45146  87.8924  13.3261 0002146  91.6805 268.4568 13.10370875323268
ONEWEB-0040             
1 45147U 20008S   26283.50150424 -.00000374  00000+0 -11066-2 0  9994
2 45147  87.8907  13.3311 0002110 105.6657 254.4704 13.10370281322962
ONEWEB-0043             
1 45149U 20008U   26283.50334451 -.00000417  00000+0 -12310-2 0  9991
2 45149  87.8926  13.3300 0002053  94.3315 265.8047 13.10375870323285
ONEWEB-0044             
1 45150U 20008V   26283.22661863  .00000122  00000+0  31289-3 0  9990
2 45150  87.8917  13.3823 0001907 100.8311 259.3032 13.10376395323547
ONEWEB-0045             
1 45151U 20008W   26283.90585830  .00000289  00000+0  77868-3 0  9992
2 45151  87.8966 358.0737 0001872  98.0286 262.1055 13.11415930325577
ONEWEB-0047             
1 45152U 20008X   26283.52513868 -.00000923  00000+0 -26812-2 0  9992
2 45152  87.8936  13.3282 0001514 100.5998 259.5300 13.10365257323300
ONEWEB-0048             
1 45153U 20008Y   26283.59651804 -.00000469  00000+0 -13795-2 0  9994
2 45153  87.8918  13.3227 0001756  97.5223 262.6104 13.10375413322923
ONEWEB-0049             
1 45154U 20008Z   26283.52342465 -.00000326  00000+0 -97024-3 0  9998
2 45154  87.8920  13.3269 0002173 107.1732 252.9633 13.10374874323133
ONEWEB-0051             
1 45155U 20008AA  26283.90416227  .00000378  00000+0  10295-2 0  9998
2 45155  87.8964 358.0770 0001834 101.9325 258.2008 13.11414020326251
ONEWEB-0052             
1 45156U 20008AB  26283.54407372  .00000580  00000+0  16261-2 0  9994
2 45156  87.8930  13.3169 0002160 102.8715 257.2654 13.10373869323048
ONEWEB-0053             
1 45157U 20008AC  26283.27072683 -.00000358  00000+0 -10611-2 0  9996
2 45157  87.8912  13.3837 0002210  96.7405 263.3974 13.10371240322980
ONEWEB-0054             
1 45158U 20008AD  26283.23002158  .00000319  00000+0  87724-3 0  9998
2 45158  87.8919  13.3806 0001822 103.5926 256.5404 13.10375634323093
ONEWEB-0056             
1 45159U 20008AE  26283.58280835 -.00000556  00000+0 -16301-2 0  9994
2 45159  87.8930  13.3109 0001866 110.9814 249.1514 13.10371145323294
ONEWEB-0057             
1 45160U 20008AF  26283.52368512 -.00000506  00000+0 -14865-2 0  9997
2 45160  87.8931  13.3313 0002296  98.5169 261.6219 13.10375489323450
ONEWEB-0058             
1 45161U 20008AG  26283.58649622 -.00000035  00000+0 -13764-3 0  9993
2 45161  87.8917  13.3140 0001364 100.3638 259.7643 13.10368960323535
ONEWEB-0059             
1 45162U 20008AH  26283.58308418 -.00000556  00000+0 -16300-2 0  9995
2 45162  87.8917  13.3187 0002139  96.5766 263.5605 13.10371470323436
ONEWEB-0062             
1 45163U 20008AJ  26283.53021262  .00000005  00000+0 -23280-4 0  9995
2 45163  87.8930  13.3237 0001477 105.3977 254.7313 13.10376563323295
ONEWEB-0065             
1 45164U 20008AK  26283.94594405  .00000341  00000+0  94057-3 0  9996
2 45164  87.8926  13.2494 0002138 105.1742 254.9622 13.10370601323043
ONEWEB-0066             
1 45424U 20020A   26283.50743061  .00000548  00000+0  15107-2 0  9992
2 45424  87.8961 358.1550 0001792  96.5838 263.5494 13.11416516317794
ONEWEB-0067             
1 45425U 20020B   26283.92593949 -.00000498  00000+0 -14406-2 0  9994
2 45425  87.8982 358.0183 0002022  96.8693 263.2665 13.11427471317900
ONEWEB-0080             
1 45426U 20020C   26283.92633776 -.00000477  00000+0 -13807-2 0  9999
2 45426  87.8973 358.0825 0001528 105.1238 255.0059 13.11418814317876
ONEWEB-0090             
1 45427U 20020D   26283.19218161  .00000392  00000+0  10710-2 0  9990
2 45427  87.8973 358.2305 0001761 102.2303 257.9023 13.11420111317743
ONEWEB-0061             
1 45428U 20020E   26283.91080706 -.00000023  00000+0 -99844-4 0  9993
2 45428  87.8964 358.0690 0001804 100.9341 259.1990 13.11415240317793
ONEWEB-0081             
1 45429U 20020F   26283.51081767  .00000548  00000+0  15116-2 0  9996
2 45429  87.8965 358.1561 0002048  98.0328 262.1032 13.11416625317852
ONEWEB-0069             
1 45430U 20020G   26283.51264842  .00000527  00000+0  14510-2 0  9999
2 45430  87.8969 358.1613 0001842  94.2487 265.8851 13.11416948317780
ONEWEB-0031             
1 45431U 20020H   26283.92957573 -.00000533  00000+0 -15399-2 0  9990
2 45431  87.8956 358.0731 0001663 104.3268 255.8045 13.11415099317823
ONEWEB-0027             
1 45432U 20020J   26283.91180677  .00000063  00000+0  12888-3 0  9990
2 45432  87.9176 342.8924 0001793 111.8473 248.2850 13.17648908321591
ONEWEB-0064             
1 45433U 20020K   26283.47010177 -.00000530  00000+0 -15325-2 0  9998
2 45433  87.8963 358.1620 0001707 105.9128 254.2188 13.11415405317790
ONEWEB-0018             
1 45434U 20020L   26283.95996045  .00000435  00000+0  11908-2 0  9994
2 45434  87.8967 358.0653 0001722  87.7195 272.4130 13.11419967317806
ONEWEB-0083             
1 45435U 20020M   26283.95008907 -.00000042  00000+0 -15558-3 0  9998
2 45435  87.8969 358.0669 0001804 100.9025 259.2306 13.11418427317849
ONEWEB-0095             
1 45436U 20020N   26283.94158033 -.00000360  00000+0 -10512-2 0  9991
2 45436  87.8959 358.0690 0002263 116.3276 243.8084 13.11416422317847
ONEWEB-0092             
1 45437U 20020P   26283.43804162  .00000478  00000+0  13131-2 0  9995
2 45437  87.8970 358.1673 0001701  94.7330 265.3992 13.11414926317898
ONEWEB-0085             
1 45438U 20020Q   26283.94980203  .00000024  00000+0  33183-4 0  9991
2 45438  87.8967 358.0668 0001822 101.5918 258.5415 13.11418792317845
ONEWEB-0096             
1 45439U 20020R   26283.95177877  .00000011  00000+0 -33800-5 0  9992
2 45439  87.8970 358.0666 0001912 103.9342 256.1999 13.11418587317837
ONEWEB-0037             
1 45440U 20020S   26283.51915930  .00000378  00000+0  10315-2 0  9994
2 45440  87.8978 358.1330 0001920 107.2571 252.8768 13.11416097317815
ONEWEB-0042             
1 45441U 20020T   26283.94130986 -.00000552  00000+0 -15935-2 0  9991
2 45441  87.8969 358.0649 0001941  98.8190 261.3158 13.11418449317836
ONEWEB-0098             
1 45442U 20020U   26283.93721621 -.00000465  00000+0 -13477-2 0  9995
2 45442  87.8955 358.0700 0001773 100.8605 259.2722 13.11417026317819
ONEWEB-0055             
1 45443U 20020V   26283.53441086 -.00000228  00000+0 -67852-3 0  9990
2 45443  87.8969 358.1553 0001923 103.6988 256.4355 13.11415488317736
ONEWEB-0093             
1 45444U 20020W   26283.90910984  .00000136  00000+0  34766-3 0  9994
2 45444  87.8967 358.0802 0001937  92.8631 267.2719 13.11413962317841
ONEWEB-0029             
1 45445U 20020X   26283.92295589 -.00000437  00000+0 -12683-2 0  9993
2 45445  87.8962 358.0718 0001912  93.8724 266.2623 13.11416105317823
ONEWEB-0068             
1 45446U 20020Y   26283.51407752  .00000488  00000+0  13402-2 0  9990
2 45446  87.8967 358.1551 0001899  95.3144 264.8201 13.11415912317711
ONEWEB-0046             
1 45447U 20020Z   26283.50573367  .00000529  00000+0  14578-2 0  9997
2 45447  87.8966 358.1559 0002079  98.4600 261.6764 13.11417966317722
ONEWEB-0063             
1 45448U 20020AA  26283.91616063 -.00000229  00000+0 -68296-3 0  9990
2 45448  87.8970 358.0831 0002114 105.8479 254.2883 13.11413641317868
ONEWEB-0019             
1 45449U 20020AB  26283.95489482  .00000264  00000+0  71010-3 0  9993
2 45449  87.8969 358.0557 0001613 102.3404 257.7904 13.11419370317716
ONEWEB-0094             
1 45450U 20020AC  26283.92967521  .00000150  00000+0  35335-3 0  9991
2 45450  87.9184 342.8802 0001698  93.1826 266.9500 13.17649780321557
ONEWEB-0087             
1 45451U 20020AD  26283.92604917 -.00000505  00000+0 -14616-2 0  9993
2 45451  87.8964 358.0582 0001816  91.7910 268.3426 13.11413909317753
ONEWEB-0082             
1 45452U 20020AE  26283.92266548 -.00000563  00000+0 -16246-2 0  9993
2 45452  87.8969 358.0722 0002222  90.1920 269.9463 13.11416375317849
ONEWEB-0050             
1 45453U 20020AF  26283.54793120  .00002089  00000+0  21090-3 0  9990
2 45453  88.9372 217.5592 0000916 316.9535  43.1623 14.90699837357560
ONEWEB-0034             
1 45454U 20020AG  26283.50248527  .00000514  00000+0  14143-2 0  9994
2 45454  87.8971 358.1649 0001871 100.2668 259.8671 13.11418372317707
ONEWEB-0060             
1 45455U 20020AH  26283.91517606 -.00000094  00000+0 -30168-3 0  9998
2 45455  87.8965 358.0739 0001850  69.8730 290.2597 13.11415234317718
ONEWEB-0086             
1 45456U 20020AJ  26283.51237589  .00000569  00000+0  15709-2 0  9992
2 45456  87.8974 358.1573 0001312  81.3924 278.7353 13.11416753317722
ONEWEB-0088             
1 45457U 20020AK  26283.49046783  .00000118  00000+0  29800-3 0  9992
2 45457  87.8979 358.1411 0002268 101.7704 258.3678 13.11419453317659
ONEWEB-0102             
1 47258U 20100A   26283.86198108 -.00000076  00000+0 -24545-3 0  9998
2 47258  87.8938 327.7031 0001686  94.5332 265.5989 13.12444657279909
ONEWEB-0109             
1 47259U 20100B   26283.87041655  .00000220  00000+0  57740-3 0  9996
2 47259  87.8948 327.6953 0001777 101.7597 258.3731 13.12445709279733
ONEWEB-0110             
1 47260U 20100C   26283.82132939  .00000205  00000+0  53326-3 0  9998
2 47260  87.8947 327.6892 0001652  88.3700 271.7618 13.12442476279892
ONEWEB-0111             
1 47261U 20100D   26283.39440374 -.00000321  00000+0 -92671-3 0  9993
2 47261  87.8941 327.7902 0001869  93.7548 266.3794 13.12443556279671
ONEWEB-0114             
1 47262U 20100E   26283.88232339  .00000491  00000+0  13290-2 0  9993
2 47262  87.8943 327.6936 0001687 104.7411 255.3904 13.12442848279696
ONEWEB-0117             
1 47263U 20100F   26283.87385409  .00000296  00000+0  78704-3 0  9995
2 47263  87.8945 327.6841 0001882  95.8792 264.2551 13.12444336279706
ONEWEB-0118             
1 47264U 20100G   26283.83150613 -.00000167  00000+0 -49841-3 0  9998
2 47264  87.8950 327.6955 0002152 103.7929 256.3439 13.12441452279894
ONEWEB-0119             
1 47265U 20100H   26283.85690185 -.00000235  00000+0 -68880-3 0  9994
2 47265  87.8935 327.6965 0001840  97.4983 262.6354 13.12444156279879
ONEWEB-0120             
1 47266U 20100J   26283.42333044  .00000370  00000+0  99377-3 0  9999
2 47266  87.8936 327.7850 0001739 102.4071 257.7252 13.12443837279841
ONEWEB-0121             
1 47267U 20100K   26283.86876051  .00000086  00000+0  20250-3 0  9996
2 47267  87.8946 327.6935 0002014  88.5933 271.5426 13.12444569279811
ONEWEB-0122             
1 47268U 20100L   26283.86281519 -.00000112  00000+0 -34786-3 0  9997
2 47268  87.8942 327.6975 0001561 100.4316 259.6989 13.12442478279725
ONEWEB-0123             
1 47269U 20100M   26283.93482037 -.00000374  00000+0 -10752-2 0  9990
2 47269  87.8943 327.6820 0001950  98.7742 261.3608 13.12443084279878
ONEWEB-0124             
1 47270U 20100N   26283.84843111 -.00000379  00000+0 -10886-2 0  9999
2 47270  87.8935 327.6995 0001706  90.3528 269.7796 13.12443590279741
ONEWEB-0125             
1 47271U 20100P   26283.82641541  .00000074  00000+0  17039-3 0  9999
2 47271  87.8948 327.7006 0002150  93.5329 266.6046 13.12442545279808
ONEWEB-0126             
1 47272U 20100Q   26283.38945016 -.00000344  00000+0 -99245-3 0  9996
2 47272  87.8939 327.7946 0001820 100.4834 259.6500 13.12443993279810
ONEWEB-0127             
1 47273U 20100R   26283.88908883  .00000403  00000+0  10835-2 0  9994
2 47273  87.8946 327.6912 0001767 100.3699 259.7629 13.12443824279905
ONEWEB-0128             
1 47274U 20100S   26283.83487575 -.00000433  00000+0 -12397-2 0  9990
2 47274  87.8956 327.7178 0002222  88.2762 271.8621 13.12435610279916
ONEWEB-0129             
1 47275U 20100T   26283.81455394  .00000438  00000+0  11828-2 0  9994
2 47275  87.8945 327.7031 0001676 134.0313 226.0954 13.12442962279848
ONEWEB-0130             
1 47276U 20100U   26283.84165424 -.00000364  00000+0 -10467-2 0  9998
2 47276  87.8942 327.6948 0001771  97.9353 262.1977 13.12442617279819
ONEWEB-0131             
1 47277U 20100V   26283.83827018 -.00000267  00000+0 -77632-3 0  9992
2 47277  87.8935 327.7007 0001694  93.1769 266.9553 13.12442266279858
ONEWEB-0132             
1 47278U 20100W   26283.94331752  .00000062  00000+0  13796-3 0  9992
2 47278  87.8940 327.6849 0001900  95.1047 265.0299 13.12444347279768
ONEWEB-0133             
1 47279U 20100X   26283.88388345  .00000439  00000+0  11850-2 0  9992
2 47279  87.8950 327.6859 0001760  92.8822 267.2508 13.12443490279912
ONEWEB-0134             
1 47280U 20100Y   26283.92974675 -.00000349  00000+0 -10062-2 0  9992
2 47280  87.8951 327.6736 0001594  98.4667 261.6642 13.12444071279893
ONEWEB-0135             
1 47281U 20100Z   26283.82472900  .00000143  00000+0  36197-3 0  9994
2 47281  87.8941 327.7034 0001577  94.2309 265.8999 13.12441764279902
ONEWEB-0136             
1 47282U 20100AA  26283.84334958 -.00000371  00000+0 -10675-2 0  9994
2 47282  87.8945 327.6894 0001515  99.3567 260.7733 13.12441416279830
ONEWEB-0137             
1 47283U 20100AB  26283.87724074  .00000389  00000+0  10458-2 0  9996
2 47283  87.8937 327.6958 0002009  98.7514 261.3842 13.12444068279741
ONEWEB-0138             
1 47284U 20100AC  26283.85519821 -.00000310  00000+0 -89806-3 0  9997
2 47284  87.8942 327.7016 0001656 100.2128 259.9187 13.12444268279827
ONEWEB-0139             
1 47285U 20100AD  26283.89602500  .00000243  00000+0  63974-3 0  9990
2 47285  87.8946 327.6809 0001829  98.3445 261.7891 13.12441574279901
ONEWEB-0140             
1 47286U 20100AE  26283.85011724 -.00000419  00000+0 -11987-2 0  9992
2 47286  87.8948 327.6832 0001796  91.3153 268.8181 13.12443921279865
ONEWEB-0141             
1 47287U 20100AF  26283.89574068  .00000271  00000+0  71679-3 0  9991
2 47287  87.8948 327.6782 0002113 101.3490 258.7876 13.12442336279857
ONEWEB-0142             
1 47288U 20100AG  26283.88414681  .00000437  00000+0  11806-2 0  9994
2 47288  87.8941 327.6951 0001844 110.7220 249.4107 13.12442554279849
ONEWEB-0143             
1 47289U 20100AH  26283.36051366  .00000261  00000+0  68981-3 0  9997
2 47289  87.8942 327.7990 0001939 101.2273 258.9073 13.12440345279756
ONEWEB-0144             
1 47290U 20100AJ  26283.86537181 -.00000022  00000+0 -97276-4 0  9995
2 47290  87.8949 327.6826 0001664 106.9204 253.2107 13.12444506279741
ONEWEB-0145             
1 47291U 20100AK  26283.91281122 -.00000227  00000+0 -66775-3 0  9999
2 47291  87.8940 327.6883 0001712 101.8946 258.2375 13.12441440279945
ONEWEB-0146             
1 47292U 20100AL  26283.90943315 -.00000115  00000+0 -35419-3 0  9995
2 47292  87.8940 327.6876 0001979  87.8567 272.2788 13.12442144279851
ONEWEB-0147             
1 47293U 20100AM  26283.87555170  .00000353  00000+0  94578-3 0  9993
2 47293  87.8947 327.6794 0001714  95.0588 265.0736 13.12443935279749
ONEWEB-0115             
1 48042U 21025A   26283.96568171  .00000118  00000+0  28691-3 0  9990
2 48042  87.8895 297.1775 0001846  89.1825 270.9516 13.13469642268796
ONEWEB-0152             
1 48043U 21025B   26283.82685596 -.00000154  00000+0 -45740-3 0  9993
2 48043  87.8888 297.2057 0001967  89.7355 270.4000 13.13470671268732
ONEWEB-0153             
1 48044U 21025C   26283.95720296  .00000312  00000+0  81826-3 0  9994
2 48044  87.8892 297.1784 0001831  94.5145 265.6194 13.13469697268742
ONEWEB-0154             
1 48045U 21025D   26283.95380532  .00000328  00000+0  86368-3 0  9993
2 48045  87.8888 297.1797 0001812  91.1165 269.0172 13.13470606268708
ONEWEB-0116             
1 48046U 21025E   26283.76420885 -.00000288  00000+0 -82401-3 0  9990
2 48046  87.8891 297.2157 0001849  87.4919 272.6422 13.13470618268823
ONEWEB-0150             
1 48047U 21025F   26283.96904879  .00000109  00000+0  26228-3 0  9998
2 48047  87.8896 297.1741 0002051  97.0046 263.1316 13.13470007268741
ONEWEB-0107             
1 48048U 21025G   26283.74220459  .00000011  00000+0 -54888-5 0  9998
2 48048  87.8892 297.2141 0001844  97.3117 262.8222 13.13470235268693
ONEWEB-0101             
1 48049U 21025H   26283.85731208  .00000012  00000+0 -96075-6 0  9996
2 48049  87.8886 297.1957 0001698  94.1714 265.9610 13.13471777268682
ONEWEB-0113             
1 48050U 21025J   26283.76843449 -.00000209  00000+0 -60459-3 0  9992
2 48050  87.8880 297.1088 0002005  93.5216 266.6143 13.13892286268788
ONEWEB-0112             
1 48051U 21025K   26283.82346769 -.00000089  00000+0 -27901-3 0  9994
2 48051  87.8892 297.1962 0001602  95.6449 264.4863 13.13469645268779
ONEWEB-0156             
1 48052U 21025L   26283.29868682 -.00000310  00000+0 -88523-3 0  9993
2 48052  87.8894 297.3102 0001890  96.0709 264.0636 13.13469600268688
ONEWEB-0161             
1 48053U 21025M   26283.95890421  .00000273  00000+0  71383-3 0  9995
2 48053  87.8891 297.1785 0001861 100.1876 259.9463 13.13470073268701
ONEWEB-0158             
1 48054U 21025N   26283.84206443 -.00000436  00000+0 -12290-2 0  9993
2 48054  87.8891 297.2002 0001776  82.6319 277.5012 13.13469926268819
ONEWEB-0157             
1 48055U 21025P   26283.94364173  .00000178  00000+0  45176-3 0  9991
2 48055  87.8884 297.1798 0001754 103.8995 256.2330 13.13471258268767
ONEWEB-0162             
1 48056U 21025Q   26283.38658139 -.00000172  00000+0 -50534-3 0  9998
2 48056  87.8895 297.2913 0002000  93.9330 266.2028 13.13470369268663
ONEWEB-0155             
1 48057U 21025R   26283.77434797 -.00000182  00000+0 -53294-3 0  9991
2 48057  87.8887 297.2143 0001885  95.4719 264.6625 13.13468265268856
ONEWEB-0149             
1 48058U 21025S   26283.94874534  .00000235  00000+0  60726-3 0  9993
2 48058  87.8883 297.1812 0002071  94.3687 265.7678 13.13469566268681
ONEWEB-0148             
1 48059U 21025T   26283.83530463 -.00000284  00000+0 -81351-3 0  9995
2 48059  87.8882 297.2045 0002331 100.2627 259.8765 13.13470455268792
ONEWEB-0160             
1 48060U 21025U   26283.31899775  .00000014  00000+0  35232-5 0  9992
2 48060  87.8878 297.3035 0002103  72.5057 287.6302 13.13470686268673
ONEWEB-0163             
1 48061U 21025V   26283.30376516 -.00000330  00000+0 -93811-3 0  9993
2 48061  87.8886 297.3099 0001740 100.8729 259.2596 13.13469362268792
ONEWEB-0159             
1 48062U 21025W   26283.75236871 -.00000191  00000+0 -55919-3 0  9994
2 48062  87.8896 297.2165 0001718  99.2427 260.8897 13.13469714268779
ONEWEB-0164             
1 48063U 21025X   26283.96227881  .00000233  00000+0  60424-3 0  9991
2 48063  87.8886 297.1786 0001764  89.6957 270.4374 13.13469364268788
ONEWEB-0167             
1 48064U 21025Y   26283.76165534 -.00000283  00000+0 -81092-3 0  9997
2 48064  87.8889 297.2201 0001204 101.7251 258.4013 13.13470621268747
ONEWEB-0166             
1 48065U 21025Z   26283.93688155  .00000054  00000+0  11346-3 0  9995
2 48065  87.8890 297.1662 0001884  93.3928 266.7417 13.13470595268842
ONEWEB-0151             
1 48066U 21025AA  26283.93856066  .00000121  00000+0  29696-3 0  9996
2 48066  87.8888 297.1790 0001729  92.1100 268.0227 13.13471761268782
ONEWEB-0170             
1 48067U 21025AB  26283.94705099  .00000211  00000+0  54225-3 0  9993
2 48067  87.8890 297.1805 0001656  76.5115 283.6199 13.13469758268744
ONEWEB-0168             
1 48068U 21025AC  26283.77945432 -.00000011  00000+0 -64888-4 0  9999
2 48068  87.8883 297.2138 0001792  93.3154 266.8180 13.13470510268738
ONEWEB-0173             
1 48069U 21025AD  26283.39008397 -.00000088  00000+0 -27667-3 0  9995
2 48069  87.8889 297.2906 0001608 101.6390 258.4920 13.13471555268929
ONEWEB-0171             
1 48070U 21025AE  26283.96059407  .00000265  00000+0  69098-3 0  9997
2 48070  87.8884 297.1794 0001737  90.5400 269.5928 13.13468771268816
ONEWEB-0172             
1 48071U 21025AF  26283.94027411  .00000094  00000+0  22199-3 0  9997
2 48071  87.8884 297.1822 0001540  97.5434 262.5870 13.13471628269708
ONEWEB-0174             
1 48072U 21025AG  26283.84547712 -.00000209  00000+0 -60621-3 0  9990
2 48072  87.8896 297.2012 0001932  95.7432 264.3918 13.13470956269017
ONEWEB-0175             
1 48073U 21025AH  26283.95212932  .00000275  00000+0  71828-3 0  9998
2 48073  87.8889 297.1657 0001541  87.5441 272.5865 13.13469276268686
ONEWEB-0177             
1 48074U 21025AJ  26283.96396610 -.00000103  00000+0 -31636-3 0  9991
2 48074  87.8892 297.1768 0002041  96.7911 263.3451 13.13469817268875
ONEWEB-0178             
1 48075U 21025AK  26283.75418789 -.00000235  00000+0 -67747-3 0  9999
2 48075  87.8880 297.2232 0001574  94.5061 265.6248 13.13470510268895
ONEWEB-0108             
1 48076U 21025AL  26283.94195710  .00000142  00000+0  35271-3 0  9999
2 48076  87.8893 297.1770 0001929  81.0757 279.0590 13.13473294268849
ONEWEB-0169             
1 48077U 21025AM  26283.74560365  .00000040  00000+0  74056-4 0  9992
2 48077  87.8887 297.2207 0001934  93.7190 266.4160 13.13469350267475
ONEWEB-0176             
1 48210U 21031A   26283.95302249  .00000187  00000+0  47055-3 0  9996
2 48210  87.8909 266.6002 0001764  84.6670 275.4661 13.14501165263525
ONEWEB-0184             
1 48211U 21031B   26283.92765885  .00000007  00000+0 -16326-4 0  9993
2 48211  87.8907 266.6109 0001149  72.7306 287.3949 13.14501914263492
ONEWEB-0179             
1 48212U 21031C   26283.93994805  .00012902  00000+0  11942-2 0  9994
2 48212  87.8970 258.2366 0348311 227.7864 129.3305 14.58014102265749
ONEWEB-0180             
1 48213U 21031D   26283.93103005  .00000077  00000+0  17274-3 0  9994
2 48213  87.8908 266.6105 0001627  95.8334 264.2982 13.14501163263429
ONEWEB-0218             
1 48214U 21031E   26283.95134382  .00000198  00000+0  50029-3 0  9998
2 48214  87.8908 266.6048 0001144  96.8300 263.2960 13.14502533263588
ONEWEB-0209             
1 48215U 21031F   26283.94119140  .00000200  00000+0  50576-3 0  9994
2 48215  87.8905 266.6159 0001844  93.8471 266.2870 13.14502998263580
ONEWEB-0198             
1 48216U 21031G   26283.92611220 -.00000053  00000+0 -17638-3 0  9999
2 48216  87.8891 266.6071 0001561  96.3854 263.7453 13.14504761263698
ONEWEB-0189             
1 48217U 21031H   26283.93779828  .00000149  00000+0  36603-3 0  9997
2 48217  87.8915 266.6073 0001651  94.0518 266.0800 13.14503170263437
ONEWEB-0196             
1 48218U 21031J   26283.91751252 -.00000155  00000+0 -45200-3 0  9999
2 48218  87.8902 266.6158 0001855  92.2335 267.9007 13.14504250263430
ONEWEB-0183             
1 48219U 21031K   26283.96656135 -.00000027  00000+0 -10756-3 0  9995
2 48219  87.8906 266.6029 0002071  87.4870 272.6497 13.14502811263531
ONEWEB-0185             
1 48220U 21031L   26283.91666801 -.00000125  00000+0 -37214-3 0  9990
2 48220  87.8905 266.6114 0002173  96.7459 263.3918 13.14502261263451
ONEWEB-0187             
1 48221U 21031M   26283.66869988 -.00000175  00000+0 -50639-3 0  9995
2 48221  87.8906 266.6709 0001874  89.3093 270.8251 13.14500840263434
ONEWEB-0192             
1 48222U 21031N   26283.94288854  .00000235  00000+0  59870-3 0  9995
2 48222  87.8904 266.6052 0001794  87.2287 272.9048 13.14503057263381
ONEWEB-0219             
1 48223U 21031P   26283.92258613 -.00000117  00000+0 -34906-3 0  9998
2 48223  87.8908 266.6109 0001991  92.4330 267.7028 13.14505046263587
ONEWEB-0202             
1 48224U 21031Q   26283.67560425 -.00000159  00000+0 -46289-3 0  9991
2 48224  87.8904 266.6666 0001220  90.4488 269.6782 13.14501487263537
ONEWEB-0204             
1 48225U 21031R   26283.93696270  .00000102  00000+0  24153-3 0  9991
2 48225  87.8907 266.6093 0002259  86.3024 273.8364 13.14502188263462
ONEWEB-0205             
1 48226U 21031S   26283.91410656 -.00000178  00000+0 -51354-3 0  9990
2 48226  87.8903 266.6120 0001824  93.5937 266.5402 13.14501027263474
ONEWEB-0206             
1 48227U 21031T   26283.96148326  .00000084  00000+0  19204-3 0  9990
2 48227  87.8914 266.6017 0001951  82.0630 278.0721 13.14503568263436
ONEWEB-0182             
1 48228U 21031U   26283.95640741  .00000164  00000+0  40714-3 0  9997
2 48228  87.8906 266.6057 0002041  84.8501 275.2861 13.14502203263642
ONEWEB-0186             
1 48229U 21031V   26283.96825793 -.00000037  00000+0 -13560-3 0  9991
2 48229  87.8909 266.6031 0001801  86.7867 273.3469 13.14502823263592
ONEWEB-0181             
1 48230U 21031W   26283.94623144  .00000249  00000+0  63625-3 0  9997
2 48230  87.8904 266.6205 0001868  96.1665 263.9678 13.14500613263442
ONEWEB-0188             
1 48231U 21031X   26283.90905314 -.00000209  00000+0 -59755-3 0  9993
2 48231  87.8905 266.6278 0001914  87.6344 272.5004 13.14503587263346
ONEWEB-0220             
1 48232U 21031Y   26283.94711499  .00000207  00000+0  52337-3 0  9992
2 48232  87.8905 266.6062 0001928  91.2181 268.9170 13.14501146263615
ONEWEB-0165             
1 48233U 21031Z   26283.67224803 -.00000192  00000+0 -55204-3 0  9992
2 48233  87.8904 266.6695 0001546  92.2923 267.8384 13.14503168263530
ONEWEB-0199             
1 48234U 21031AA  26283.95978589  .00000138  00000+0  33650-3 0  9990
2 48234  87.8913 266.6034 0001933  78.6207 281.5140 13.14501218263471
ONEWEB-0203             
1 48235U 21031AB  26283.94964088  .00000259  00000+0  66383-3 0  9992
2 48235  87.8906 266.6058 0001740  79.1440 280.9886 13.14503518263487
ONEWEB-0197             
1 48236U 21031AC  26283.92581168 -.00000061  00000+0 -20002-3 0  9996
2 48236  87.8899 266.5897 0002046  85.7947 274.3417 13.14501129263397
ONEWEB-0194             
1 48237U 21031AD  26282.99223093 -.00000139  00000+0 -40839-3 0  9999
2 48237  87.8903 266.8023 0001902  79.7894 280.3450 13.14501225263449
ONEWEB-0193             
1 48238U 21031AE  26283.69254250 -.00000140  00000+0 -41322-3 0  9997
2 48238  87.8911 266.6573 0001949  74.1057 286.0287 13.14503528263481
ONEWEB-0191             
1 48239U 21031AF  26283.93273631  .00000143  00000+0  35006-3 0  9992
2 48239  87.8905 266.6091 0001995  87.2162 272.9196 13.14502074263379
ONEWEB-0195             
1 48240U 21031AG  26284.00003472 -.00020220  00000+0 -54685-1 0  9999
2 48240  87.8900 266.5895 0001628  96.3830  26.1631 13.14513188  5200
ONEWEB-0201             
1 48241U 21031AH  26283.21229189 -.00001044  00000+0 -28515-2 0  9994
2 48241  87.8904 266.7637 0002079  94.0127 266.1241 13.14494646263493
ONEWEB-0207             
1 48242U 21031AJ  26283.95218893  .00000193  00000+0  48539-3 0  9997
2 48242  87.8909 266.6047 0002307  88.9125 271.2269 13.14501440263507
ONEWEB-0208             
1 48243U 21031AK  26283.93442810  .00000126  00000+0  30509-3 0  9998
2 48243  87.8903 266.6102 0001651  93.1054 267.0264 13.14503625263510
ONEWEB-0200             
1 48244U 21031AL  26283.21382816 -.00000440  00000+0 -12205-2 0  9992
2 48244  87.8912 266.7513 0001934  94.8624 265.2727 13.14502581263348
ONEWEB-0217             
1 48245U 21031AM  26283.91581078 -.00000911  00000+0 -24934-2 0  9996
2 48245  87.8903 266.6134 0001621  89.2834 270.8482 13.14498752263389
ONEWEB-0211             
1 48767U 21045A   26283.20895736 -.00000086  00000+0 -26104-3 0  9996
2 48767  87.9025 236.1270 0001214  79.6162 280.5105 13.16198598259575
ONEWEB-0223             
1 48768U 21045B   26283.64830560  .00001841  00000+0  48547-2 0  9991
2 48768  87.9031 236.1791 0001410  72.5078 287.6207 13.15539685259584
ONEWEB-0230             
1 48769U 21045C   26283.69582539  .00000124  00000+0  29595-3 0  9993
2 48769  87.9028 236.1778 0002084  77.1071 283.0292 13.15549228259856
ONEWEB-0237             
1 48770U 21045D   26283.60865919 -.00000209  00000+0 -58854-3 0  9998
2 48770  87.9025 236.1934 0001760  87.4633 272.6699 13.15547839259566
ONEWEB-0235             
1 48771U 21045E   26283.65936768 -.00000044  00000+0 -15065-3 0  9999
2 48771  87.9032 236.1784 0001633  68.3628 291.7676 13.15547363259568
ONEWEB-0242             
1 48772U 21045F   26283.65303544 -.00000017  00000+0 -78597-4 0  9990
2 48772  87.9033 236.1782 0001902  72.0030 288.1308 13.15549378259601
ONEWEB-0241             
1 48773U 21045G   26283.56432063  .00000105  00000+0  24433-3 0  9995
2 48773  87.9030 236.2041 0001455  72.2891 287.8398 13.15548326259504
ONEWEB-0243             
1 48774U 21045H   26283.59600945 -.00000107  00000+0 -31840-3 0  9999
2 48774  87.9021 236.2083 0001926  62.2411 297.8914 13.15548865259537
ONEWEB-0222             
1 48775U 21045J   26283.65540888  .00000017  00000+0  10929-4 0  9990
2 48775  87.9031 236.1730 0001581  73.5365 286.5939 13.15546917259580
ONEWEB-0244             
1 48776U 21045K   26283.90973932 -.00000083  00000+0 -25425-3 0  9990
2 48776  87.9033 236.1239 0001814  74.0684 286.0647 13.15548215260188
ONEWEB-0247             
1 48777U 21045L   26283.60234751 -.00000040  00000+0 -14104-3 0  9992
2 48777  87.9020 236.2010 0001702  53.3111 306.8176 13.15548707259580
ONEWEB-0245             
1 48778U 21045M   26283.59758604 -.00000109  00000+0 -32298-3 0  9999
2 48778  87.9030 236.1917 0001558  83.0692 277.0616 13.15546644259553
ONEWEB-0229             
1 48779U 21045N   26283.66889337 -.00000089  00000+0 -26941-3 0  9991
2 48779  87.9030 236.1747 0001941  74.2301 285.9043 13.15548828259592
ONEWEB-0228             
1 48780U 21045P   26283.62626112  .00000190  00000+0  46936-3 0  9996
2 48780  87.9030 236.1822 0001850  79.2282 280.9057 13.15549275259508
ONEWEB-0232             
1 48781U 21045Q   26283.60076291 -.00000057  00000+0 -18445-3 0  9990
2 48781  87.9033 236.1861 0001885  79.5417 280.5926 13.15549589259820
ONEWEB-0231             
1 48782U 21045R   26283.57858301  .00000000  00000+0 -34430-4 0  9997
2 48782  87.9029 236.1971 0001691  74.3867 285.7450 13.15548997259512
ONEWEB-0234             
1 48783U 21045S   26283.92070658 -.00000019  00000+0 -85594-4 0  9996
2 48783  87.9035 236.1183 0001935 102.6557 257.4790 13.15548916259690
ONEWEB-0238             
1 48784U 21045T   26283.69279772  .00000101  00000+0  23527-3 0  9996
2 48784  87.9035 236.1593 0002131  95.8149 264.3225 13.15547410259569
ONEWEB-0240             
1 48785U 21045U   26283.94222234  .00000058  00000+0  12126-3 0  9990
2 48785  87.9036 236.1176 0001603  77.2030 282.9279 13.15547090259620
ONEWEB-0246             
1 48786U 21045V   26283.63245029  .00000167  00000+0  40907-3 0  9993
2 48786  87.9031 236.1815 0001909  74.7502 285.3839 13.15548419259457
ONEWEB-0210             
1 48787U 21045W   26283.68315572 -.00000014  00000+0 -69908-4 0  9996
2 48787  87.9030 236.1689 0001999  53.3117 306.8197 13.15548865259507
ONEWEB-0214             
1 48788U 21045X   26283.92004429 -.00000052  00000+0 -17240-3 0  9993
2 48788  87.9032 236.1197 0002183  70.9061 289.2306 13.15547451259509
ONEWEB-0221             
1 48789U 21045Y   26283.92716920  .00000047  00000+0  89736-4 0  9992
2 48789  87.9031 236.1254 0001744  75.5037 284.6287 13.15548466259592
ONEWEB-0213             
1 48790U 21045Z   26283.68789218 -.00000007  00000+0 -51816-4 0  9993
2 48790  87.9031 236.1754 0001779  70.9174 289.2149 13.15549671259629
ONEWEB-0212             
1 48791U 21045AA  26282.90435232 -.00000128  00000+0 -37277-3 0  9990
2 48791  87.9029 236.3254 0001976  75.3821 284.7529 13.15546835259510
ONEWEB-0227             
1 48792U 21045AB  26283.58808540 -.00000076  00000+0 -23724-3 0  9996
2 48792  87.9030 236.1879 0001818  76.6058 283.5275 13.15549161259559
ONEWEB-0226             
1 48793U 21045AC  26283.58173142 -.00000097  00000+0 -29089-3 0  9993
2 48793  87.9031 236.1954 0001925  69.5359 290.5978 13.15547929259524
ONEWEB-0224             
1 48794U 21045AD  26283.69740016  .00000093  00000+0  21248-3 0  9999
2 48794  87.9021 236.1978 0001329 102.6421 257.4858 13.15549603259460
ONEWEB-0233             
1 48795U 21045AE  26283.93019703  .00000096  00000+0  22141-3 0  9995
2 48795  87.9018 236.1574 0001649  76.1919 283.9395 13.15548749259517
ONEWEB-0190             
1 48796U 21045AF  26283.68947478  .00000031  00000+0  48982-4 0  9998
2 48796  87.9026 236.1759 0001526  60.0111 300.1171 13.15549889259556
ONEWEB-0236             
1 48797U 21045AG  26283.63085331  .00000179  00000+0  44095-3 0  9998
2 48797  87.9028 236.1907 0001918  83.5440 276.5908 13.15549056259431
ONEWEB-0248             
1 48798U 21045AH  26283.64352613  .00000065  00000+0  13929-3 0  9996
2 48798  87.9033 236.1806 0001448  73.3990 286.7299 13.15547315259590
ONEWEB-0225             
1 48799U 21045AJ  26282.90514912 -.00000125  00000+0 -36600-3 0  9997
2 48799  87.9026 236.3325 0001587  63.7316 296.3977 13.15548289259502
ONEWEB-0215             
1 48800U 21045AK  26283.63559098 -.00000122  00000+0 -35893-3 0  9995
2 48800  87.9033 236.1748 0001414  62.7823 297.3452 13.15548148259470
ONEWEB-0216             
1 48801U 21045AL  26283.56907380  .00000151  00000+0  36602-3 0  9998
2 48801  87.9033 236.1989 0001992  78.5100 281.6254 13.15549313259473
ONEWEB-0239             
1 48802U 21045AM  26283.57381605  .00000006  00000+0 -17233-4 0  9996
2 48802  87.9032 236.2020 0001083  70.1137 290.0110 13.15547540259519
ONEWEB-0249             
1 48967U 21060A   26283.56828135  .00000012  00000+0 -21889-5 0  9998
2 48967  87.9182 205.8838 0001714  72.5817 287.5501 13.16593699254795
ONEWEB-0250             
1 48968U 21060B   26283.54655759  .00000029  00000+0  36505-4 0  9994
2 48968  87.9187 203.2730 0001641 107.0487 253.0829 13.25839957255501
ONEWEB-0252             
1 48970U 21060D   26283.90311776  .00000063  00000+0  13232-3 0  9994
2 48970  87.9183 205.8102 0002108  77.1499 282.9868 13.16593228254882
ONEWEB-0253             
1 48971U 21060E   26283.51207530 -.00000070  00000+0 -21749-3 0  9996
2 48971  87.9181 205.8927 0001746  75.5062 284.6263 13.16595301254760
ONEWEB-0254             
1 48972U 21060F   26283.52156084 -.00000074  00000+0 -22695-3 0  9990
2 48972  87.9179 205.8894 0001507  72.6104 287.5192 13.16595143254768
ONEWEB-0255             
1 48973U 21060G   26283.48356833  .00000084  00000+0  18669-3 0  9995
2 48973  87.9184 205.9026 0001647  70.9666 289.1643 13.16595414254830
ONEWEB-0256             
1 48974U 21060H   26283.50969609 -.00000047  00000+0 -15585-3 0  9995
2 48974  87.9181 205.8979 0001975  71.4742 288.6604 13.16595135254807
ONEWEB-0257             
1 48975U 21060J   26283.54215579  .00000099  00000+0  22597-3 0  9996
2 48975  87.9181 205.8824 0001760  69.4053 290.7267 13.16595224254764
ONEWEB-0258             
1 48976U 21060K   26283.54372618  .00000139  00000+0  32922-3 0  9993
2 48976  87.9171 205.8900 0001761  74.2214 285.9111 13.16596233254779
ONEWEB-0259             
1 48977U 21060L   26283.53740444  .00000006  00000+0 -16945-4 0  9991
2 48977  87.9185 205.8951 0001635  74.7848 285.3464 13.16594177254803
ONEWEB-0260             
1 48978U 21060M   26283.60469082  .00000048  00000+0  91301-4 0  9990
2 48978  87.9172 205.8774 0002137  67.4793 292.6564 13.16593393254798
ONEWEB-0261             
1 48979U 21060N   26283.49860764 -.00000004  00000+0 -43025-4 0  9994
2 48979  87.9170 205.8978 0001673  63.9689 296.1614 13.16593040254831
ONEWEB-0262             
1 48980U 21060P   26283.47880901  .00000145  00000+0  34570-3 0  9997
2 48980  87.9184 205.8938 0001534  78.7533 281.3770 13.16595975254795
ONEWEB-0263             
1 48981U 21060Q   26283.51048368 -.00000108  00000+0 -31505-3 0  9992
2 48981  87.9171 205.8957 0001584  65.5825 294.5471 13.16594296254762
ONEWEB-0264             
1 48982U 21060R   26283.54769746  .00000096  00000+0  21645-3 0  9994
2 48982  87.9170 205.8880 0001813  68.4892 291.6432 13.16594897254771
ONEWEB-0266             
1 48984U 21060T   26283.56907110  .00000053  00000+0  10445-3 0  9996
2 48984  87.9183 205.8818 0001807  75.1675 284.9656 13.16594494254760
ONEWEB-0267             
1 48985U 21060U   26283.58014492  .00000010  00000+0 -71994-5 0  9993
2 48985  87.9183 205.8762 0001754  67.2201 292.9116 13.16595390254774
ONEWEB-0268             
1 48986U 21060V   26283.54848225  .00000172  00000+0  41575-3 0  9997
2 48986  87.9180 205.8905 0001930  72.3865 287.7477 13.16595741255032
ONEWEB-0269             
1 48987U 21060W   26283.60545917  .00000068  00000+0  14386-3 0  9991
2 48987  87.9180 205.8769 0002088  78.5431 281.5934 13.16596907254813
ONEWEB-0270             
1 48988U 21060X   26283.54690258  .00000117  00000+0  27276-3 0  9991
2 48988  87.9172 205.8886 0001450  71.6057 288.5232 13.16595140254844
ONEWEB-0271             
1 48989U 21060Y   26283.23025253  .00000109  00000+0  25258-3 0  9994
2 48989  87.9176 205.9447 0001648  68.0752 292.0554 13.16594889254806
ONEWEB-0272             
1 48990U 21060Z   26283.55639756  .00000073  00000+0  15656-3 0  9991
2 48990  87.9181 205.8878 0002029  67.3189 292.8157 13.16594973254790
ONEWEB-0273             
1 48991U 21060AA  26283.50257448 -.00000103  00000+0 -30311-3 0  9992
2 48991  87.9169 205.8972 0001717  70.3849 289.7468 13.16596025254769
ONEWEB-0274             
1 48992U 21060AB  26283.52788440  .00000010  00000+0 -73787-5 0  9998
2 48992  87.9176 205.8917 0002038  67.3307 292.8039 13.16595952254801
ONEWEB-0275             
1 48993U 21060AC  26283.59279764 -.00000028  00000+0 -10679-3 0  9999
2 48993  87.9182 205.8780 0002582  63.6103 296.5293 13.16593149254746
ONEWEB-0276             
1 48994U 21060AD  26283.55007489  .00000157  00000+0  37756-3 0  9995
2 48994  87.9180 205.8850 0001916  69.1849 290.9487 13.16595852254758
ONEWEB-0277             
1 48995U 21060AE  26283.25872469  .00000037  00000+0  61953-4 0  9995
2 48995  87.9183 205.9461 0001699  70.3179 289.8135 13.16593031254708
ONEWEB-0278             
1 48996U 21060AF  26283.55322951  .00000077  00000+0  16877-3 0  9993
2 48996  87.9185 205.8837 0001796  80.8618 279.2716 13.16595032254878
ONEWEB-0279             
1 48997U 21060AG  26283.56115667  .00000099  00000+0  22543-3 0  9990
2 48997  87.9181 205.8803 0001773  65.0756 295.0559 13.16596061254808
ONEWEB-0280             
1 48998U 21060AH  26283.57618953 -.00000002  00000+0 -39850-4 0  9994
2 48998  87.9183 205.8811 0001538  79.3331 280.7973 13.16595632254743
ONEWEB-0281             
1 48999U 21060AJ  26283.58173922 -.00000004  00000+0 -45147-4 0  9996
2 48999  87.9184 205.8771 0001979  72.3083 287.8264 13.16594326254814
ONEWEB-0282             
1 49000U 21060AK  26283.53579476 -.00000279  00000+0 -76210-3 0  9997
2 49000  87.9181 205.8914 0001738  72.8519 287.2802 13.16594720254782
ONEWEB-0283             
1 49001U 21060AL  26283.52473437  .00000037  00000+0  62496-4 0  9999
2 49001  87.9182 205.8932 0001789  68.4312 291.7010 13.16594720254794
ONEWEB-0284             
1 49002U 21060AM  26283.51838672 -.00000022  00000+0 -90515-4 0  9994
2 49002  87.9181 205.8891 0001608  81.3479 278.7834 13.16595386254772
ONEWEB-0285             
1 49075U 21075A   26283.86454968 -.00002011  00000+0 -56290-2 0  9990
2 49075  87.8939 327.6968 0001867  89.2399 270.8943 13.12426639250382
ONEWEB-0286             
1 49076U 21075B   26283.92285027 -.00000401  00000+0 -11498-2 0  9998
2 49076  87.8936 327.6918 0002097  96.8442 263.2926 13.12442238249742
ONEWEB-0287             
1 49077U 21075C   26283.89337878 -.00000006  00000+0 -48113-4 0  9994
2 49077  87.9175 342.8939 0002305 102.0494 258.0896 13.17650312248869
ONEWEB-0288             
1 49078U 21075D   26283.82303072  .00000175  00000+0  45237-3 0  9995
2 49078  87.8944 327.6988 0001990 102.0409 258.0943 13.12441498250351
ONEWEB-0289             
1 49079U 21075E   26283.93219448  .00000039  00000+0  68143-4 0  9992
2 49079  87.9167 342.9009 0001632 109.3077 250.8231 13.17647416249449
ONEWEB-0290             
1 49080U 21075F   26283.90519816  .00000005  00000+0 -21086-4 0  9992
2 49080  87.9174 342.8892 0001606 111.6182 248.5121 13.17647052248854
ONEWEB-0291             
1 49081U 21075G   26283.88981389  .00010273  00000+0  26360-1 0  9992
2 49081  87.9175 342.8916 0002026 108.4806 251.6546 13.17740940248842
ONEWEB-0293             
1 49082U 21075H   26283.91531948  .00000021  00000+0  21699-4 0  9992
2 49082  87.9174 342.8894 0001826 103.4740 256.6595 13.17647803248872
ONEWEB-0294             
1 49083U 21075J   26283.90602900 -.00000020  00000+0 -91785-4 0  9993
2 49083  87.8947 327.6875 0001649 105.2591 254.8719 13.12440604249758
ONEWEB-0295             
1 49084U 21075K   26283.91447776 -.00000028  00000+0 -10428-3 0  9995
2 49084  87.9176 342.8939 0002165 103.6738 256.4635 13.17647281248831
ONEWEB-0296             
1 49085U 21075L   26283.88570888  .00000442  00000+0  11929-2 0  9997
2 49085  87.8939 327.6952 0002037 105.6658 254.4695 13.12443503249757
ONEWEB-0297             
1 49086U 21075M   26283.91618791 -.00000336  00000+0 -97046-3 0  9997
2 49086  87.8935 327.6917 0001957  99.0185 261.1165 13.12444062250363
ONEWEB-0298             
1 49087U 21075N   26283.91883560  .00000025  00000+0  30641-4 0  9998
2 49087  87.9170 342.8910 0001974  97.3435 262.7921 13.17647919248866
ONEWEB-0299             
1 49088U 21075P   26283.92035938  .00000037  00000+0  63153-4 0  9995
2 49088  87.9178 342.8812 0002049 101.8629 258.2733 13.17650624248842
ONEWEB-0300             
1 49089U 21075Q   26283.06995873 -.00000244  00000+0 -71264-3 0  9997
2 49089  87.8950 327.8522 0002116  88.6272 271.5099 13.12443246250270
ONEWEB-0301             
1 49090U 21075R   26283.89250864  .00000367  00000+0  98598-3 0  9997
2 49090  87.8946 327.6846 0002012  87.4349 272.7009 13.12442363249744
ONEWEB-0302             
1 49091U 21075S   26283.87893598  .00000447  00000+0  12060-2 0  9991
2 49091  87.8941 327.6945 0001788 107.3416 252.7908 13.12443617249723
ONEWEB-0304             
1 49092U 21075T   26283.89506870 -.00000088  00000+0 -26083-3 0  9992
2 49092  87.9175 342.8980 0002053 101.7941 258.3421 13.17646696248817
ONEWEB-0305             
1 49093U 21075U   26283.88832599 -.00000046  00000+0 -15136-3 0  9993
2 49093  87.9174 342.8921 0002286 103.4860 256.6526 13.17647323248847
ONEWEB-0308             
1 49094U 21075V   26283.94838590  .00000227  00000+0  59441-3 0  9994
2 49094  87.8947 327.6801 0001862  97.1805 262.9536 13.12444794249743
ONEWEB-0309             
1 49095U 21075W   26283.89169761  .00000029  00000+0  40924-4 0  9993
2 49095  87.9174 342.8914 0001727 113.2416 246.8897 13.17649040248813
ONEWEB-0310             
1 49096U 21075X   26283.88740623  .00000441  00000+0  11894-2 0  9995
2 49096  87.8936 327.7031 0001851  96.7169 263.4170 13.12443516250366
ONEWEB-0311             
1 49097U 21075Y   26283.89842989 -.00000017  00000+0 -76077-4 0  9992
2 49097  87.9175 342.8907 0002363 100.2330 259.9068 13.17650201248867
ONEWEB-0312             
1 49098U 21075Z   26283.91364118  .00000077  00000+0  16398-3 0  9992
2 49098  87.9169 342.8974 0002051 105.9998 254.1360 13.17648510248841
ONEWEB-0313             
1 49099U 21075AA  26283.91855378  .00000065  00000+0  13437-3 0  9994
2 49099  87.9173 342.8999 0002039 100.9729 259.1633 13.17647883248836
ONEWEB-0314             
1 49100U 21075AB  26283.88494051  .00000079  00000+0  16940-3 0  9997
2 49100  87.9181 342.8929 0002160 107.4089 252.7279 13.17647805248803
ONEWEB-0315             
1 49101U 21075AC  26283.93652543 -.00000151  00000+0 -45383-3 0  9992
2 49101  87.8947 327.6668 0002247  95.0210 265.1175 13.12445020250354
ONEWEB-0316             
1 49102U 21075AD  26283.79475370  .00000074  00000+0  15422-3 0  9991
2 49102  87.9121 312.4765 0001858  98.3163 261.8180 13.18685784252440
ONEWEB-0317             
1 49103U 21075AE  26283.86364754 -.00000017  00000+0 -83170-4 0  9998
2 49103  87.8934 327.6989 0001325 106.5410 253.5865 13.12441477250364
ONEWEB-0318             
1 49104U 21075AF  26283.86794260  .00000053  00000+0  10148-3 0  9990
2 49104  87.9121 312.4654 0002113  94.1865 265.9509 13.18684263252415
ONEWEB-0319             
1 49105U 21075AG  26283.90013456  .00000019  00000+0  14535-4 0  9994
2 49105  87.9173 342.8947 0002366  94.4250 265.7152 13.17647116248845
ONEWEB-0323             
1 49106U 21075AH  26283.46385146 -.00000341  00000+0 -98232-3 0  9999
2 49106  87.8949 327.7666 0002426  98.1886 261.9517 13.12444370249676
ONEWEB-0329             
1 49107U 21075AJ  26283.90856350 -.00000008  00000+0 -54867-4 0  9996
2 49107  87.9174 342.8944 0002037 102.4377 257.6982 13.17646947248820
ONEWEB-0330             
1 49108U 21075AK  26283.91208914  .00000066  00000+0  13618-3 0  9995
2 49108  87.9179 342.9085 0001958 104.5472 255.5877 13.17648414248868
ONEWEB-0292             
1 49186U 21083A   26283.95551935  .00000272  00000+0  70924-3 0  9990
2 49186  87.8885 297.1877 0002035  91.5121 268.6241 13.13470731246128
ONEWEB-0303             
1 49187U 21083B   26283.86374865  .00000099  00000+0  21792-3 0  9992
2 49187  87.9122 312.4643 0002020  93.7155 266.4208 13.18685813245224
ONEWEB-0306             
1 49188U 21083C   26283.85363258  .00000030  00000+0  42141-4 0  9993
2 49188  87.9128 312.4587 0001649  97.7499 262.3821 13.18686109245268
ONEWEB-0307             
1 49189U 21083D   26283.79722577  .00000327  00000+0  86142-3 0  9997
2 49189  87.8885 297.2184 0001968  93.8673 266.2681 13.13469878246104
ONEWEB-0320             
1 49190U 21083E   26283.34270980  .00000084  00000+0  17926-3 0  9990
2 49190  87.9117 312.5663 0001849  94.1891 265.9452 13.18683879245152
ONEWEB-0321             
1 49191U 21083F   26283.95741573  .00000010  00000+0 -84100-5 0  9999
2 49191  87.9170 251.3358 0001805  78.1003 282.0332 13.20770244252119
ONEWEB-0322             
1 49192U 21083G   26283.94534680  .00000281  00000+0  73430-3 0  9999
2 49192  87.8880 297.1873 0001527  82.7744 277.3558 13.13470602246118
ONEWEB-0324             
1 49193U 21083H   26283.84687788  .00000072  00000+0  14938-3 0  9993
2 49193  87.9125 312.4659 0001855  99.6898 260.4443 13.18685209245241
ONEWEB-0325             
1 49194U 21083J   26283.85025833  .00000008  00000+0 -12459-4 0  9999
2 49194  87.9122 312.4636 0001926  90.5977 269.5376 13.18685643245259
ONEWEB-0326             
1 49195U 21083K   26283.86556065  .00000010  00000+0 -82335-5 0  9991
2 49195  87.9123 312.4643 0002136  91.3365 268.8012 13.18687053245248
ONEWEB-0327             
1 49196U 21083L   26283.78942260  .00000007  00000+0 -15291-4 0  9991
2 49196  87.9118 312.4764 0002235  87.4112 272.7276 13.18686795245252
ONEWEB-0328             
1 49197U 21083M   26283.78284246  .00000069  00000+0  15472-3 0  9992
2 49197  87.8886 297.2039 0001847  97.0960 263.0379 13.13470566246075
ONEWEB-0331             
1 49198U 21083N   26283.85868624 -.00000027  00000+0 -10033-3 0  9993
2 49198  87.9127 312.4623 0002233  94.1680 265.9708 13.18686562245257
ONEWEB-0333             
1 49199U 21083P   26283.77774589 -.00000132  00000+0 -39675-3 0  9991
2 49199  87.8879 297.2208 0001920  91.2191 268.9158 13.13471289246084
ONEWEB-0334             
1 49200U 21083Q   26283.66867429  .00000001  00000+0 -30504-4 0  9995
2 49200  87.9172 251.4044 0001334  67.3775 292.7499 13.20773470252035
ONEWEB-0335             
1 49201U 21083R   26283.77268390 -.00000125  00000+0 -37839-3 0  9995
2 49201  87.8881 297.2185 0002013  92.5136 267.6224 13.13470718246099
ONEWEB-0336             
1 49202U 21083S   26283.74391487 -.00000072  00000+0 -23340-3 0  9990
2 49202  87.8896 297.2209 0002127  94.2757 265.8616 13.13469788246086
ONEWEB-0337             
1 49203U 21083T   26283.75391633 -.00000224  00000+0 -64715-3 0  9995
2 49203  87.8884 297.2236 0001924  97.6464 262.4884 13.13471171246089
ONEWEB-0338             
1 49204U 21083U   26283.94898583  .00000003  00000+0 -23893-4 0  9990
2 49204  87.9172 251.3500 0001664  77.6883 282.4436 13.20769522252091
ONEWEB-0339             
1 49205U 21083V   26283.83869932 -.00000284  00000+0 -81328-3 0  9993
2 49205  87.8882 297.1997 0001729  88.2457 271.8871 13.13470079246078
ONEWEB-0340             
1 49206U 21083W   26283.31406530  .00000010  00000+0 -72773-5 0  9990
2 49206  87.9122 312.5733 0002024  95.3899 264.7464 13.18685354245140
ONEWEB-0341             
1 49207U 21083X   26283.32080071  .00000006  00000+0 -17251-4 0  9994
2 49207  87.9124 312.5713 0001972 108.2328 251.9019 13.18684418245169
ONEWEB-0342             
1 49208U 21083Y   26283.65269250  .00000054  00000+0  10062-3 0  9993
2 49208  87.9172 251.3989 0001855  81.7710 278.3634 13.20772239252029
ONEWEB-0343             
1 49209U 21083Z   26283.78447889  .00000042  00000+0  72864-4 0  9990
2 49209  87.9118 312.4778 0001471  95.5983 264.5317 13.18684233245271
ONEWEB-0344             
1 49210U 21083AA  26283.75744491 -.00000251  00000+0 -72275-3 0  9997
2 49210  87.8882 297.2281 0001920 104.1730 255.9613 13.13470835246062
ONEWEB-0345             
1 49211U 21083AB  26283.82516247 -.00000118  00000+0 -35774-3 0  9997
2 49211  87.8885 297.2048 0001824 102.0717 258.0616 13.13469488246083
ONEWEB-0346             
1 49212U 21083AC  26283.78112908  .00000004  00000+0 -22729-4 0  9999
2 49212  87.9127 312.4793 0002521  93.0203 267.1218 13.18684523245212
ONEWEB-0348             
1 49213U 21083AD  26283.94562670  .00000037  00000+0  58932-4 0  9993
2 49213  87.9166 251.3457 0002376  91.6240 268.5165 13.20772831252090
ONEWEB-0350             
1 49214U 21083AE  26283.76773603 -.00000261  00000+0 -74995-3 0  9991
2 49214  87.8880 297.2180 0001902  59.3330 300.7987 13.13471352246102
ONEWEB-0351             
1 49215U 21083AF  26283.93875178 -.00000051  00000+0 -15645-3 0  9995
2 49215  87.9175 251.3471 0001411  91.8009 268.3286 13.20772363252050
ONEWEB-0352             
1 49216U 21083AG  26283.96736255  .00000239  00000+0  61961-3 0  9999
2 49216  87.8886 297.1816 0001432  94.5151 265.6141 13.13469775246225
ONEWEB-0354             
1 49217U 21083AH  26283.96584159 -.00000083  00000+0 -23572-3 0  9999
2 49217  87.9172 251.3388 0002211  94.2019 265.9367 13.20771478252096
ONEWEB-0355             
1 49218U 21083AJ  26283.31136070 -.00000098  00000+0 -30291-3 0  9996
2 49218  87.8882 297.3135 0001696  96.2462 263.8860 13.13472344246016
ONEWEB-0357             
1 49219U 21083AK  26283.65947346  .00001565  00000+0  38163-2 0  9993
2 49219  87.9176 251.3945 0001743  85.5178 274.6154 13.20783807252055
ONEWEB-0332             
1 49279U 21090A   26282.99106885 -.00000094  00000+0 -28369-3 0  9994
2 49279  87.8901 266.7957 0001802  81.1791 278.9543 13.15786808242661
ONEWEB-0347             
1 49280U 21090B   26283.95236115  .00000015  00000+0  40329-5 0  9996
2 49280  87.9170 251.3435 0001851  76.0492 284.0847 13.20773287246323
ONEWEB-0349             
1 49281U 21090C   26283.90860104  .00000009  00000+0 -98240-5 0  9992
2 49281  87.9166 251.3522 0001966  81.2220 278.9136 13.20772687245101
ONEWEB-0353             
1 49282U 21090D   26283.91072459 -.00000243  00000+0 -69131-3 0  9998
2 49282  87.8904 266.6159 0001851  79.0558 281.0780 13.14500752242784
ONEWEB-0356             
1 49283U 21090E   26283.90692436 -.00000025  00000+0 -94516-4 0  9995
2 49283  87.9170 251.3474 0002448  76.4203 283.7203 13.20771476245101
ONEWEB-0358             
1 49284U 21090F   26283.94310707  .00000047  00000+0  84606-4 0  9999
2 49284  87.9168 251.3476 0002080  83.6598 276.4772 13.20771364245836
ONEWEB-0359             
1 49285U 21090G   26283.93385172  .00000071  00000+0  14165-3 0  9996
2 49285  87.9169 251.3411 0002168  85.1421 274.9960 13.20771900245812
ONEWEB-0360             
1 49286U 21090H   26283.92374183  .00000007  00000+0 -15441-4 0  9995
2 49286  87.9169 251.3489 0001920  84.9182 275.2170 13.20770467245122
ONEWEB-0361             
1 49287U 21090J   26283.60219733 -.00000022  00000+0 -85237-4 0  9998
2 49287  87.9172 251.4125 0002063  83.8107 276.3261 13.20770689245533
ONEWEB-0362             
1 49288U 21090K   26283.94947492  .00000020  00000+0  17776-4 0  9995
2 49288  87.9093 281.8979 0001715  94.5351 265.5978 13.19721242242185
ONEWEB-0363             
1 49289U 21090L   26283.92037971  .00000043  00000+0  74858-4 0  9995
2 49289  87.9164 251.3480 0002269  77.6192 282.5195 13.20772695245581
ONEWEB-0364             
1 49290U 21090M   26283.95910066 -.00000093  00000+0 -25945-3 0  9994
2 49290  87.9170 251.3479 0001938  81.8745 278.2608 13.20770070246724
ONEWEB-0365             
1 49291U 21090N   26283.95877238  .00004837  00000+0  12027-1 0  9991
2 49291  87.9134 281.8867 0001754 106.5828 253.5498 13.19812219241691
ONEWEB-0366             
1 49292U 21090P   26283.90734526 -.00000447  00000+0 -12404-2 0  9994
2 49292  87.8906 266.6176 0001934  86.7270 273.4081 13.14502526242762
ONEWEB-0367             
1 49293U 21090Q   26283.91953700 -.00000015  00000+0 -67970-4 0  9994
2 49293  87.9169 251.3511 0001802  81.6309 278.5029 13.20770218245101
ONEWEB-0368             
1 49294U 21090R   26283.66616408 -.00000001  00000+0 -33726-4 0  9995
2 49294  87.9171 251.4053 0002159  63.4455 296.6899 13.20773193246228
ONEWEB-0369             
1 49295U 21090S   26283.95405718  .00004715  00000+0  11725-1 0  9994
2 49295  87.9109 281.8933 0001860  83.5462 276.5882 13.19804283241680
ONEWEB-0370             
1 49296U 21090T   26283.92879255  .00000074  00000+0  14894-3 0  9999
2 49296  87.9164 251.3469 0001900  90.4566 269.6785 13.20773324245148
ONEWEB-0371             
1 49297U 21090U   26283.96200000  .00006933  00000+0  17254-1 0  9991
2 49297  87.9089 281.8889 0002230  88.4405 271.6984 13.19797094241727
ONEWEB-0372             
1 49298U 21090V   26283.91855653 -.00000013  00000+0 -63150-4 0  9991
2 49298  87.9169 251.3519 0001927  81.0208 279.1143 13.20771730245119
ONEWEB-0373             
1 49299U 21090W   26283.94394894  .00000105  00000+0  22583-3 0  9994
2 49299  87.9157 251.3455 0002029  83.7789 276.3575 13.20769976246302
ONEWEB-0374             
1 49300U 21090X   26283.96993872 -.00000064  00000+0 -20764-3 0  9995
2 49300  87.8913 266.6016 0002481  82.6684 277.4727 13.14503709242771
ONEWEB-0375             
1 49301U 21090Y   26283.93217035  .00000060  00000+0  11681-3 0  9995
2 49301  87.9169 251.3405 0002526  82.1679 277.9741 13.20771084245806
ONEWEB-0376             
1 49302U 21090Z   26283.96043877  .00002385  00000+0  59200-2 0  9990
2 49302  87.9160 281.8851 0001729  85.8386 274.2944 13.19771715241721
ONEWEB-0377             
1 49303U 21090AA  26283.91883191 -.00000025  00000+0 -92598-4 0  9997
2 49303  87.9170 251.3455 0002241  79.8926 280.2460 13.20769789245799
ONEWEB-0378             
1 49304U 21090AB  26283.93903327  .00000014  00000+0  23171-5 0  9992
2 49304  87.9170 251.3442 0002066  79.5042 280.6325 13.20769748245066
ONEWEB-0379             
1 49305U 21090AC  26283.96487528 -.00000032  00000+0 -12146-3 0  9996
2 49305  87.8906 266.6074 0001983  81.4699 278.6656 13.14503079242775
ONEWEB-0380             
1 49306U 21090AD  26283.95719554  .00001341  00000+0  33115-2 0  9993
2 49306  87.9134 281.8947 0002095  82.4745 277.6626 13.19828994241693
ONEWEB-0381             
1 49307U 21090AE  26283.91532468  .00000009  00000+0 -86479-5 0  9992
2 49307  87.9171 251.3513 0002206  82.3339 277.8044 13.20770470245101
ONEWEB-0382             
1 49308U 21090AF  26283.67457414  .00000014  00000+0  24585-5 0  9998
2 49308  87.9168 251.3937 0002232  79.5344 280.6041 13.20770224245062
ONEWEB-0383             
1 49309U 21090AG  26283.95809121  .00000145  00000+0  35609-3 0  9998
2 49309  87.8905 266.6028 0002014  82.1072 278.0286 13.14503241242804
ONEWEB-0384             
1 49310U 21090AH  26283.96234327 -.00002404  00000+0 -59417-2 0  9995
2 49310  87.9166 251.3777 0002382  72.1033 288.0360 13.20830426245118
ONEWEB-0385             
1 49311U 21090AJ  26282.98602209 -.00003472  00000+0 -85714-2 0  9990
2 49311  87.9166 251.5353 0002282  79.0033 281.1357 13.20788830244958
ONEWEB-0386             
1 49312U 21090AK  26283.91195233 -.00000027  00000+0 -98564-4 0  9991
2 49312  87.9169 251.3447 0002087  75.2926 284.8439 13.20770094245096
ONEWEB-0387             
1 49313U 21090AL  26282.91195986  .00000002  00000+0 -27919-4 0  9994
2 49313  87.9170 251.5588 0002258  87.1783 272.9609 13.20770286244965
ONEWEB-0388             
1 49314U 21090AM  26283.95254941  .00004476  00000+0  11136-1 0  9996
2 49314  87.9109 281.8902 0001908  88.1054 272.0297 13.19770127241689
ONEWEB-0389             
1 50469U 21132A   26283.46981928  .00000048  00000+0  90158-4 0  9999
2 50469  87.9173 342.9811 0002073  93.0601 267.0768 13.17647950233265
ONEWEB-0390             
1 50470U 21132B   26283.92714355  .00000062  00000+0  12618-3 0  9990
2 50470  87.9174 342.8908 0001790 110.7875 249.3449 13.17649372233325
ONEWEB-0391             
1 50471U 21132C   26283.92882329  .00000047  00000+0  87918-4 0  9997
2 50471  87.9168 342.8993 0002664 107.6687 252.4736 13.17648131233326
ONEWEB-0392             
1 50472U 21132D   26283.88326323  .00000061  00000+0  12425-3 0  9996
2 50472  87.9183 342.8867 0002280 100.2453 259.8936 13.17647940233351
ONEWEB-0393             
1 50473U 21132E   26283.93472848  .00000017  00000+0  10059-4 0  9990
2 50473  87.9174 342.8843 0002041  99.5559 260.5803 13.17649165233351
ONEWEB-0394             
1 50474U 21132F   26283.80978943  .00000061  00000+0  12229-3 0  9993
2 50474  87.9124 312.4632 0001997  91.0766 269.0595 13.18687010236832
ONEWEB-0395             
1 50475U 21132G   26283.90938415 -.00000148  00000+0 -45478-3 0  9995
2 50475  87.8969 358.0727 0001994 106.2824 253.8523 13.11412962230887
ONEWEB-0396             
1 50476U 21132H   26283.87891498  .00000014  00000+0  38602-5 0  9994
2 50476  87.9121 312.4605 0002109  91.8499 268.2875 13.18684387236889
ONEWEB-0397             
1 50477U 21132J   26283.89409959  .00000058  00000+0  11362-3 0  9994
2 50477  87.9122 312.4581 0002056  88.2583 271.8784 13.18686670236863
ONEWEB-0398             
1 50478U 21132K   26283.95333261  .00000287  00000+0  77296-3 0  9996
2 50478  87.8967 358.0628 0001764 111.8717 248.2599 13.11419534230788
ONEWEB-0399             
1 50479U 21132L   26283.93974570 -.00000395  00000+0 -11502-2 0  9998
2 50479  87.8963 358.0706 0002281  97.6094 262.5293 13.11416098230777
ONEWEB-0400             
1 50480U 21132M   26283.79629478  .00000067  00000+0  13669-3 0  9999
2 50480  87.9129 312.4697 0001822  99.1908 260.9430 13.18687906236842
ONEWEB-0401             
1 50481U 21132N   26283.84183539  .00000024  00000+0  29314-4 0  9997
2 50481  87.9126 312.4588 0001831  86.2820 273.8521 13.18685505236857
ONEWEB-0402             
1 50482U 21132P   26283.80472608  .00000060  00000+0  11923-3 0  9998
2 50482  87.9129 312.4539 0001896  79.9884 280.1462 13.18685502236871
ONEWEB-0403             
1 50483U 21132Q   26283.83002724  .00000046  00000+0  83967-4 0  9992
2 50483  87.9119 312.4713 0002048  96.3602 263.7764 13.18686021236831
ONEWEB-0404             
1 50484U 21132R   26283.92110462 -.00000397  00000+0 -11570-2 0  9992
2 50484  87.8964 358.0743 0002159 104.2519 255.8849 13.11416117230860
ONEWEB-0405             
1 50485U 21132S   26283.84350620  .00000006  00000+0 -18246-4 0  9991
2 50485  87.9128 312.4584 0001695 107.3575 252.7742 13.18687180237234
ONEWEB-0406             
1 50486U 21132T   26283.83507702 -.00000027  00000+0 -10180-3 0  9998
2 50486  87.9118 312.4693 0002403  97.0658 263.0747 13.18684042236862
ONEWEB-0407             
1 50487U 21132U   26283.82832302  .00000016  00000+0  77039-5 0  9999
2 50487  87.9127 312.4676 0001723  92.7801 267.3528 13.18683469236800
ONEWEB-0409             
1 50488U 21132V   26283.91940770 -.00000304  00000+0 -89366-3 0  9995
2 50488  87.8966 358.0663 0002053 106.6888 253.4466 13.11415899230758
ONEWEB-0412             
1 50489U 21132W   26283.81652353  .00000028  00000+0  37465-4 0  9997
2 50489  87.9119 312.4725 0001854  84.3640 275.7703 13.18683780236894
ONEWEB-0413             
1 50490U 21132X   26283.82159365  .00000031  00000+0  44939-4 0  9993
2 50490  87.9124 312.4714 0001737  85.4665 274.6665 13.18685687236836
ONEWEB-0414             
1 50491U 21132Y   26283.80641047  .00000029  00000+0  40873-4 0  9995
2 50491  87.9131 312.4601 0001989  89.4777 270.6583 13.18686982236864
ONEWEB-0417             
1 50492U 21132Z   26283.81484805  .00000012  00000+0 -32137-5 0  9992
2 50492  87.9129 312.4725 0002121  96.7396 263.3977 13.18684616236842
ONEWEB-0418             
1 50493U 21132AA  26283.82482250 -.00000016  00000+0 -74129-4 0  9997
2 50493  87.9116 312.4711 0002163 102.9168 257.2205 13.18687961236906
ONEWEB-0419             
1 50494U 21132AB  26283.79041734  .00000052  00000+0  99342-4 0  9994
2 50494  87.9127 312.4934 0002063 101.0928 259.0437 13.18687658236819
ONEWEB-0420             
1 50495U 21132AC  26283.80809712 -.00000007  00000+0 -51639-4 0  9994
2 50495  87.9122 312.4720 0001724  92.8130 267.3199 13.18684566236815
ONEWEB-0421             
1 50496U 21132AD  26283.87722967 -.00000017  00000+0 -76713-4 0  9999
2 50496  87.9128 312.4607 0002095  84.9402 275.1969 13.18684759236863
ONEWEB-0424             
1 50497U 21132AE  26283.83845277  .00000003  00000+0 -25065-4 0  9994
2 50497  87.9120 312.4686 0001899 110.3313 249.8024 13.18684564236885
ONEWEB-0426             
1 50498U 21132AF  26283.33597753  .00000071  00000+0  14654-3 0  9998
2 50498  87.9132 312.5601 0002634  91.8673 268.2761 13.18685364236766
ONEWEB-0427             
1 50499U 21132AG  26283.83676911 -.00000006  00000+0 -47651-4 0  9992
2 50499  87.9125 312.4525 0002088  95.7679 264.3691 13.18686334236852
ONEWEB-0429             
1 50500U 21132AH  26283.82328138  .00000037  00000+0  59993-4 0  9993
2 50500  87.9116 312.4704 0001773  92.6672 267.4664 13.18684714236824
ONEWEB-0430             
1 50501U 21132AJ  26283.81146477  .00000060  00000+0  11862-3 0  9995
2 50501  87.9118 312.4718 0001618  94.2762 265.8555 13.18684202236865
ONEWEB-0432             
1 50502U 21132AK  26283.79446547  .00000064  00000+0  12903-3 0  9995
2 50502  87.9125 312.4679 0001700 106.9925 253.1394 13.18687654236814
ONEWEB-0440             
1 50503U 21132AL  26283.83171219  .00000029  00000+0  39952-4 0  9997
2 50503  87.9121 312.4698 0001810  83.9211 276.2127 13.18684462236810
ONEWEB-0450             
1 50504U 21132AM  26283.90097207  .00000096  00000+0  21150-3 0  9994
2 50504  87.9131 312.4544 0001734  93.4167 266.7163 13.18684206236857
ONEWEB-0410             
1 51622U 22012A   26283.94401682  .00000010  00000+0 -78986-5 0  9992
2 51622  87.9174 342.8819 0003207  99.8371 260.3123 13.17648336228942
ONEWEB-0411             
1 51623U 22012B   26283.54223337  .00000549  00000+0  15351-2 0  9998
2 51623  87.8919  13.3218 0001409 113.3903 246.7372 13.10375203224399
ONEWEB-0415             
1 51624U 22012C   26283.53884168  .00000356  00000+0  98373-3 0  9995
2 51624  87.8926  13.3204 0001838 113.5654 246.5667 13.10375564224399
ONEWEB-0416             
1 51625U 22012D   26283.55073745  .00000708  00000+0  19910-2 0  9999
2 51625  87.8914  13.3279 0001814 115.0053 245.1263 13.10373128224439
ONEWEB-0422             
1 51626U 22012E   26283.87820037  .00000059  00000+0  11933-3 0  9996
2 51626  87.9175 342.8928 0001417  84.9199 275.2094 13.17649181229045
ONEWEB-0423             
1 51627U 22012F   26283.87144804  .00000169  00000+0  40280-3 0  9997
2 51627  87.9174 342.8975 0001884  98.4626 261.6719 13.17649931228933
ONEWEB-0425             
1 51628U 22012G   26283.48454336  .00000414  00000+0  11497-2 0  9999
2 51628  87.8920  13.3299 0002197 105.4303 254.7068 13.10369497224429
ONEWEB-0428             
1 51629U 22012H   26283.54053215  .00000499  00000+0  13940-2 0  9996
2 51629  87.8918  13.3205 0001762 101.8678 258.2647 13.10377214224390
ONEWEB-0431             
1 51630U 22012J   26283.50984180 -.00000656  00000+0 -19153-2 0  9997
2 51630  87.8924  13.3255 0001324 117.2310 242.8953 13.10371928224443
ONEWEB-0434             
1 51631U 22012K   26283.94620316  .00000390  00000+0  10814-2 0  9992
2 51631  87.8920  13.2642 0002604 103.7507 256.3911 13.10390447224484
ONEWEB-0435             
1 51632U 22012L   26283.95285775  .00000018  00000+0  16324-4 0  9991
2 51632  87.8912  13.2427 0001473  99.3864 260.7430 13.10368799224475
ONEWEB-0436             
1 51633U 22012M   26283.86300194  .00000075  00000+0  15953-3 0  9994
2 51633  87.9188 342.8902 0001752  92.6713 267.4619 13.17647690228913
ONEWEB-0438             
1 51634U 22012N   26283.55581385  .00000634  00000+0  17812-2 0  9990
2 51634  87.8914  13.3252 0002005 104.8843 255.2506 13.10373140224454
ONEWEB-0439             
1 51635U 22012P   26283.94099764  .00000555  00000+0  15528-2 0  9993
2 51635  87.8922  13.2407 0001939 100.4455 259.6891 13.10370510224487
ONEWEB-0442             
1 51636U 22012Q   26283.93135064  .00000032  00000+0  49971-4 0  9998
2 51636  87.9173 342.8994 0002456 101.0135 259.1273 13.17647812228916
ONEWEB-0443             
1 51637U 22012R   26283.95076129  .00000013  00000+0  11008-5 0  9997
2 51637  87.9172 342.8951 0002003  89.7595 270.3766 13.17648079228962
ONEWEB-0444             
1 51638U 22012S   26283.54903771  .00002229  00000+0  63476-2 0  9999
2 51638  87.8920  13.3169 0001827  95.3095 264.8241 13.10366667224443
ONEWEB-0445             
1 51639U 22012T   26283.95116973  .00000181  00000+0  48298-3 0  9996
2 51639  87.8920  13.2305 0001792 107.5947 252.5376 13.10369886224504
ONEWEB-0446             
1 51640U 22012U   26283.54732968  .00000620  00000+0  17396-2 0  9993
2 51640  87.8914  13.3293 0001904 112.3153 247.8177 13.10374275224430
ONEWEB-0448             
1 51641U 22012V   26283.55243031  .00000708  00000+0  19917-2 0  9991
2 51641  87.8914  13.3242 0001829 102.3613 257.7719 13.10372931224407
ONEWEB-0449             
1 51642U 22012W   26283.93929886  .00000585  00000+0  16403-2 0  9993
2 51642  87.8921  13.2405 0002301 105.9384 254.1997 13.10371409224460
ONEWEB-0451             
1 51643U 22012X   26283.85962226  .00000007  00000+0 -14949-4 0  9995
2 51643  87.9183 342.8895 0002096  97.6353 262.5017 13.17650236228892
ONEWEB-0452             
1 51644U 22012Y   26283.85796186  .00000072  00000+0  15112-3 0  9999
2 51644  87.9171 342.9129 0002184  92.2511 267.8871 13.17648886228902
ONEWEB-0456             
1 51646U 22012AA  26283.56598483  .00000217  00000+0  58682-3 0  9999
2 51646  87.8921  13.3080 0001712  99.7947 260.3374 13.10369107224453
ONEWEB-0457             
1 51647U 22012AB  26283.54378522  .00000555  00000+0  15542-2 0  9990
2 51647  87.8924  13.3219 0001857 116.8263 243.3054 13.10380162224453
ONEWEB-0458             
1 51648U 22012AC  26283.93338481  .00000656  00000+0  18430-2 0  9995
2 51648  87.8920  13.2271 0001942  96.0732 264.0617 13.10374587224462
ONEWEB-0461             
1 51649U 22012AD  26283.87987932  .00000007  00000+0 -14839-4 0  9992
2 51649  87.9176 342.8933 0001973 102.4726 257.6626 13.17647464229122
ONEWEB-0463             
1 51650U 22012AE  26283.86132892  .00000198  00000+0  47721-3 0  9995
2 51650  87.9170 342.9121 0001721 106.7163 253.4158 13.17648564228902
ONEWEB-0464             
1 51651U 22012AF  26283.94436698  .00000432  00000+0  12004-2 0  9992
2 51651  87.8909  13.2473 0001883  96.2849 263.8493 13.10390874224480
ONEWEB-0468             
1 51652U 22012AG  26283.94948429  .00000203  00000+0  54665-3 0  9999
2 51652  87.8911  13.2396 0001552  98.8287 261.3016 13.10372118224468
ONEWEB-0473             
1 51653U 22012AH  26283.55411030  .00000644  00000+0  18079-2 0  9997
2 51653  87.8910  13.3185 0001727 102.4339 257.6982 13.10376360224417
ONEWEB-0474             
1 51654U 22012AJ  26283.54563698  .00000637  00000+0  17893-2 0  9990
2 51654  87.8925  13.3169 0001736  96.8157 263.3168 13.10373731224408
ONEWEB-0475             
1 51655U 22012AK  26283.87313711  .00000080  00000+0  17185-3 0  9993
2 51655  87.9176 342.9061 0001805  79.3278 280.8056 13.17649816228925
ONEWEB-0490             
1 54113U 22138A   26283.30027640  .00001184  00000+0  29235-2 0  9999
2 54113  87.9093 282.0216 0001674  84.4144 275.7180 13.19737080192018
ONEWEB-0492             
1 54114U 22138B   26283.93221182 -.00006261  00000+0 -15696-1 0  9994
2 54114  87.9092 281.8964 0001587  93.8834 266.2480 13.19662480192107
ONEWEB-0495             
1 54115U 22138C   26283.75834351  .00000067  00000+0  13387-3 0  9996
2 54115  87.9087 281.9283 0001372  72.3837 287.7446 13.19729178192067
ONEWEB-0497             
1 54116U 22138D   26283.69521677 -.00003469  00000+0 -87046-2 0  9997
2 54116  87.9101 281.9416 0001833  86.6141 273.5201 13.19688920192040
ONEWEB-0499             
1 54117U 22138E   26283.75437630  .00000185  00000+0  42852-3 0  9997
2 54117  87.9086 281.9318 0001809  83.1442 276.9897 13.19745690192061
ONEWEB-0500             
1 54118U 22138F   26283.30186317  .00000442  00000+0  10709-2 0  9993
2 54118  87.9096 282.0214 0001706  86.6586 273.4742 13.19734493192018
ONEWEB-0501             
1 54119U 22138G   26283.93853427 -.00009144  00000+0 -22925-1 0  9998
2 54119  87.9099 281.8937 0001557  69.3664 290.7636 13.19643060192079
ONEWEB-0502             
1 54120U 22138H   26283.69680610 -.00003510  00000+0 -88077-2 0  9997
2 54120  87.9104 281.9348 0001525  79.4092 280.7213 13.19693745192061
ONEWEB-0503             
1 54121U 22138J   26283.76152866 -.00000213  00000+0 -56373-3 0  9995
2 54121  87.9108 281.9288 0002099  84.8121 275.3252 13.19716465192067
ONEWEB-0504             
1 54122U 22138K   26283.74882399  .00002381  00000+0  59104-2 0  9995
2 54122  87.9074 281.9323 0002045  69.0119 291.1232 13.19762818192071
ONEWEB-0505             
1 54123U 22138L   26283.74564941  .00003809  00000+0  94724-2 0  9999
2 54123  87.9092 281.9329 0001590  73.5873 286.5434 13.19760666192058
ONEWEB-0506             
1 54124U 22138M   26283.94789293  .00000194  00000+0  45115-3 0  9996
2 54124  87.9100 281.8922 0001666  80.9656 279.1666 13.19728181192075
ONEWEB-0507             
1 54125U 22138N   26283.74089786  .00004352  00000+0  10828-1 0  9996
2 54125  87.9088 281.9364 0001759  84.7331 275.4002 13.19764481192095
ONEWEB-0508             
1 54126U 22138P   26283.73769215  .00005005  00000+0  12449-1 0  9995
2 54126  87.9100 281.9383 0001037  99.4918 260.6332 13.19797408192070
ONEWEB-0509             
1 54127U 22138Q   26283.94014422 -.00008113  00000+0 -20343-1 0  9999
2 54127  87.9108 281.8962 0001535  88.9731 271.1577 13.19639590192075
ONEWEB-0510             
1 54128U 22138R   26283.96415320 -.00000069  00000+0 -20140-3 0  9993
2 54128  87.9172 251.3362 0002320  88.2713 271.8686 13.20771020194560
ONEWEB-0511             
1 54129U 22138S   26283.93697052 -.00006138  00000+0 -15392-1 0  9999
2 54129  87.9140 281.8950 0001466  79.3044 280.8254 13.19641609192101
ONEWEB-0512             
1 54130U 22138T   26283.92902798 -.00005065  00000+0 -12700-1 0  9994
2 54130  87.9087 281.8987 0001748  78.7795 281.3534 13.19674568192075
ONEWEB-0513             
1 54131U 22138U   26283.96297238  .00000000  00000+0 -31760-4 0  9998
2 54131  87.9089 281.8167 0001921  60.3758 299.7566 13.20261443191991
ONEWEB-0514             
1 54132U 22138V   26283.94480096 -.00003716  00000+0 -93246-2 0  9996
2 54132  87.9092 281.8934 0002028  90.1836 269.9529 13.19685616192095
ONEWEB-0515             
1 54133U 22138W   26283.95067873  .00000005  00000+0 -18928-4 0  9995
2 54133  87.9172 251.3380 0002043 106.9858 253.1499 13.20772648194580
ONEWEB-0516             
1 54134U 22138X   26283.69203411 -.00002301  00000+0 -57838-2 0  9990
2 54134  87.9089 281.9467 0001444 104.0199 256.1095 13.19700673192067
ONEWEB-0517             
1 54135U 22138Y   26283.74724355  .00003323  00000+0  82600-2 0  9990
2 54135  87.9101 281.9330 0002045  84.3994 275.7372 13.19756993192075
ONEWEB-0518             
1 54136U 22138Z   26283.69044041  .00000007  00000+0 -13947-4 0  9999
2 54136  87.9096 281.9462 0001678  90.1796 269.9529 13.19725322192061
ONEWEB-0519             
1 54137U 22138AA  26283.94330747 -.00009431  00000+0 -23648-1 0  9996
2 54137  87.9097 281.8919 0002023  85.9166 274.2198 13.19627036192106
ONEWEB-0520             
1 54138U 22138AB  26283.29553333  .00001620  00000+0  40135-2 0  9994
2 54138  87.9095 282.0240 0001594  82.0706 278.0608 13.19742070192008
ONEWEB-0521             
1 54139U 22138AC  26283.93538317 -.00006680  00000+0 -16749-1 0  9997
2 54139  87.9107 281.8897 0002120  86.6215 273.5160 13.19652741192030
ONEWEB-0522             
1 54140U 22138AD  26283.08073070 -.00000028  00000+0 -10259-3 0  9997
2 54140  87.9102 282.0617 0001811  83.2780 276.8559 13.19723778191964
ONEWEB-0523             
1 54141U 22138AE  26283.93720620  .00000035  00000+0  54577-4 0  9990
2 54141  87.9170 251.3476 0002516  96.9663 263.1757 13.20769760194589
ONEWEB-0524             
1 54142U 22138AF  26283.92710959  .00000055  00000+0  10335-3 0  9999
2 54142  87.9170 251.3455 0001791 108.5515 251.5813 13.20770496194589
ONEWEB-0525             
1 54143U 22138AG  26283.93378916 -.00005122  00000+0 -12845-1 0  9992
2 54143  87.9106 281.8967 0001410  99.9993 260.1299 13.19664278192092
ONEWEB-0526             
1 54144U 22138AH  26283.96674914  .00005574  00000+0  13869-1 0  9999
2 54144  87.9092 281.8888 0001741  89.6466 270.4866 13.19784299192075
ONEWEB-0529             
1 54145U 22138AJ  26283.81829765  .00004195  00000+0  10436-1 0  9995
2 54145  87.9090 281.9206 0001636  85.2277 274.9042 13.19767268192076
ONEWEB-0531             
1 54146U 22138AK  26283.91363582 -.00000037  00000+0 -12214-3 0  9998
2 54146  87.9168 251.3457 0002316  94.6885 265.4513 13.20769994194583
ONEWEB-0535             
1 54147U 22138AL  26283.92744863 -.00004545  00000+0 -11399-1 0  9994
2 54147  87.9108 281.8937 0002169  93.3509 266.7872 13.19674409192106
ONEWEB-0536             
1 54148U 22138AM  26282.99109568 -.00000009  00000+0 -53677-4 0  9997
2 54148  87.9168 251.5437 0002293 106.7179 253.4206 13.20769932194454
ONEWEB-0527             
1 54642U 22166A   26283.61372810  .00000068  00000+0  13417-3 0  9999
2 54642  87.9316 221.0297 0001887  73.9095 286.2247 13.21824805186782
ONEWEB-0528             
1 54643U 22166B   26283.23601518  .00000060  00000+0  11338-3 0  9990
2 54643  87.9310 221.1081 0001731  71.0215 289.1106 13.21827243186741
ONEWEB-0539             
1 54644U 22166C   26283.65234584 -.00000086  00000+0 -24047-3 0  9993
2 54644  87.9323 221.0049 0002093  71.7791 288.3571 13.21823877186798
ONEWEB-0540             
1 54645U 22166D   26283.73491713  .00000065  00000+0  12681-3 0  9998
2 54645  87.9309 221.0103 0002066  77.0333 283.1031 13.21825454186792
ONEWEB-0542             
1 54646U 22166E   26283.20827515 -.00000029  00000+0 -10098-3 0  9996
2 54646  87.9322 221.0930 0002147  71.4571 288.6796 13.21825280186737
ONEWEB-0545             
1 54647U 22166F   26283.55142761  .00000019  00000+0  14912-4 0  9995
2 54647  87.9311 221.0273 0002566  73.7683 286.3733 13.21824622186746
ONEWEB-0580             
1 54648U 22166G   26283.90467582 -.00000036  00000+0 -11839-3 0  9991
2 54648  87.9316 220.9577 0002307  76.7366 283.4025 13.21824352186833
ONEWEB-0582             
1 54649U 22166H   26283.64394911  .00000021  00000+0  20304-4 0  9998
2 54649  87.9322 221.0053 0002365  70.9326 289.2064 13.21825225186778
ONEWEB-0583             
1 54650U 22166J   26283.58003120  .00000040  00000+0  66313-4 0  9993
2 54650  87.9316 221.0380 0002030  74.3666 285.7692 13.21826024186776
ONEWEB-0584             
1 54651U 22166K   26283.52451024 -.00000032  00000+0 -10822-3 0  9994
2 54651  87.9311 221.0316 0002016  75.6522 284.4836 13.21824797186759
ONEWEB-0585             
1 54652U 22166L   26283.54805541  .00000024  00000+0  27556-4 0  9996
2 54652  87.9323 221.0213 0001754  74.4157 285.7171 13.21824326186763
ONEWEB-0586             
1 54653U 22166M   26283.63723383  .00000054  00000+0  99492-4 0  9991
2 54653  87.9315 221.0252 0002200  72.0793 288.0581 13.21826069186773
ONEWEB-0587             
1 54654U 22166N   26283.57161611 -.00000032  00000+0 -10950-3 0  9994
2 54654  87.9325 221.0232 0001627  78.8105 281.3212 13.21824802186923
ONEWEB-0589             
1 54655U 22166P   26283.55815462 -.00000032  00000+0 -10930-3 0  9991
2 54655  87.9317 221.0237 0002772  72.7160 287.4277 13.21823911186788
ONEWEB-0590             
1 54656U 22166Q   26283.58326222 -.00000058  00000+0 -17212-3 0  9994
2 54656  87.9324 221.0195 0002125  87.8760 272.2617 13.21826274186779
ONEWEB-0591             
1 54657U 22166R   26283.59514907  .00000021  00000+0  18494-4 0  9997
2 54657  87.9315 221.0220 0001998  76.2321 283.9036 13.21824027186803
ONEWEB-0592             
1 54658U 22166S   26283.52282869 -.00000007  00000+0 -47854-4 0  9998
2 54658  87.9321 221.0245 0001950  72.3825 287.7522 13.21827664186679
ONEWEB-0593             
1 54659U 22166T   26283.54469225  .00000029  00000+0  37567-4 0  9996
2 54659  87.9321 221.0261 0001995  70.5593 289.5756 13.21826772186789
ONEWEB-0594             
1 54660U 22166U   26283.64059147  .00000014  00000+0  14082-5 0  9999
2 54660  87.9311 221.0193 0001756  73.5564 286.5763 13.21825078186817
ONEWEB-0595             
1 54661U 22166V   26283.54133110 -.00000001  00000+0 -34709-4 0  9997
2 54661  87.9322 221.0296 0001790  79.6345 280.4991 13.21824167186775
ONEWEB-0596             
1 54662U 22166W   26283.59180642  .00000029  00000+0  37670-4 0  9993
2 54662  87.9313 221.0231 0001876  75.1576 284.9766 13.21825164186785
ONEWEB-0597             
1 54663U 22166X   26283.57329033  .00000046  00000+0  79216-4 0  9992
2 54663  87.9313 221.0282 0002018  73.6662 286.4694 13.21824586186784
ONEWEB-0600             
1 54664U 22166Y   26283.55478660  .00000040  00000+0  64588-4 0  9992
2 54664  87.9320 221.0247 0001942  68.1326 292.0014 13.21824096186757
ONEWEB-0601             
1 54665U 22166Z   26283.54638878  .00000013  00000+0 -31634-6 0  9990
2 54665  87.9308 221.0408 0002202  72.2199 287.9175 13.21826444186948
ONEWEB-0602             
1 54666U 22166AA  26283.58759996 -.00000021  00000+0 -83209-4 0  9993
2 54666  87.9312 221.0367 0001913  68.4145 291.7192 13.21825215186794
ONEWEB-0603             
1 54667U 22166AB  26283.51779726  .00000073  00000+0  14465-3 0  9992
2 54667  87.9325 221.0207 0001982  75.4296 284.7058 13.21826061186718
ONEWEB-0604             
1 54668U 22166AC  26283.58169171 -.00000032  00000+0 -10938-3 0  9995
2 54668  87.9316 221.0199 0001856  75.0916 285.0423 13.21823868186682
ONEWEB-0605             
1 54669U 22166AD  26283.57498463 -.00000068  00000+0 -19665-3 0  9999
2 54669  87.9319 221.0287 0002493  82.2680 277.8737 13.21825829186754
ONEWEB-0606             
1 54670U 22166AE  26283.52115478 -.00000047  00000+0 -14534-3 0  9995
2 54670  87.9316 221.0514 0001761  71.8557 288.2768 13.21825643186800
ONEWEB-0607             
1 54671U 22166AF  26283.56319225 -.00000008  00000+0 -49732-4 0  9992
2 54671  87.9321 221.0215 0001991  74.5646 285.5707 13.21823665186781
ONEWEB-0608             
1 54672U 22166AG  26283.64563247  .00000028  00000+0  35393-4 0  9995
2 54672  87.9322 221.0058 0002437  75.2744 284.8660 13.21825038186800
ONEWEB-0610             
1 54673U 22166AH  26283.54973621  .00000028  00000+0  35694-4 0  9990
2 54673  87.9314 221.0271 0002471  68.5120 291.6277 13.21824963186693
ONEWEB-0611             
1 54674U 22166AJ  26283.54302453  .00000046  00000+0  80906-4 0  9996
2 54674  87.9321 221.0268 0001887  75.0291 285.1051 13.21825435186682
ONEWEB-0612             
1 54675U 22166AK  26283.25368334  .00000079  00000+0  16087-3 0  9999
2 54675  87.9318 221.0870 0002053  73.4186 286.7174 13.21823867186634
ONEWEB-0615             
1 54676U 22166AL  26283.61199682  .00000054  00000+0  98421-4 0  9994
2 54676  87.9310 221.0217 0001667  72.5129 287.6187 13.21825138186692
ONEWEB-0655             
1 54677U 22166AM  26283.20994802 -.00000007  00000+0 -48344-4 0  9996
2 54677  87.9316 221.1025 0001989  68.3577 291.7769 13.21824919186636
ONEWEB-0659             
1 54678U 22166AN  26283.52955520  .00000024  00000+0  26194-4 0  9992
2 54678  87.9311 221.0373 0001852  78.9250 281.2092 13.21824452186760
ONEWEB-0685             
1 54679U 22166AP  26283.52199625  .00000001  00000+0 -27979-4 0  9997
2 54679  87.9312 220.9894 0002398  83.1393 277.0014 13.23189109186661
ONEWEB-0712             
1 54680U 22166AQ  26283.57540349 -.00000008  00000+0 -53280-4 0  9999
2 54680  87.9184 205.8800 0001867  57.5538 302.5773 13.16595055187249
ONEWEB-0714             
1 54681U 22166AR  26283.61030150  .00000030  00000+0  42005-4 0  9995
2 54681  87.9319 221.0145 0001839  66.1499 293.9828 13.21824503186784
ONEWEB-0532             
1 55140U 23004A   26283.91110650 -.00000034  00000+0 -12017-3 0  9990
2 55140  87.9173 342.8882 0002107 105.8133 254.3231 13.17648214182826
ONEWEB-0533             
1 55141U 23004B   26283.88049808  .00000480  00000+0  12983-2 0  9997
2 55141  87.8938 327.6982 0002091  94.7146 265.4222 13.12442953183235
ONEWEB-0541             
1 55142U 23004C   26283.92450575 -.00000475  00000+0 -13748-2 0  9996
2 55142  87.8965 358.0684 0001810 109.1853 250.9471 13.11416957181111
ONEWEB-0543             
1 55143U 23004D   26283.87553801  .00000065  00000+0  13179-3 0  9999
2 55143  87.9115 312.4682 0001715  89.1121 271.0208 13.18684798184944
ONEWEB-0544             
1 55144U 23004E   26283.79291913  .00000046  00000+0  84845-4 0  9992
2 55144  87.9121 312.4845 0001686  95.5045 264.6280 13.18684581184933
ONEWEB-0560             
1 55145U 23004F   26283.78617902  .00000026  00000+0  33208-4 0  9997
2 55145  87.9118 312.4755 0001596  94.2928 265.8386 13.18687546184941
ONEWEB-0565             
1 55146U 23004G   26283.77944372  .00000026  00000+0  33947-4 0  9991
2 55146  87.9111 312.4949 0001794 105.9397 254.1933 13.18685179184938
ONEWEB-0567             
1 55147U 23004H   26283.84855915 -.00000010  00000+0 -59326-4 0  9998
2 55147  87.9115 312.4744 0001689 103.1395 256.9926 13.18687192184947
ONEWEB-0569             
1 55148U 23004J   26283.95042541  .00000324  00000+0  85122-3 0  9992
2 55148  87.8888 297.1808 0000980 102.4233 257.7005 13.13470194185372
ONEWEB-0570             
1 55149U 23004K   26283.84012720  .00000029  00000+0  40882-4 0  9994
2 55149  87.9116 312.4736 0002290 101.2756 258.8633 13.18684187184936
ONEWEB-0571             
1 55150U 23004L   26283.83339157 -.00000008  00000+0 -53092-4 0  9997
2 55150  87.9113 312.4737 0001449 137.1303 222.9943 13.18686456184945
ONEWEB-0572             
1 55151U 23004M   26283.86638790  .00000108  00000+0  24589-3 0  9993
2 55151  87.9179 342.8999 0001843 103.9343 256.1994 13.17648293182712
ONEWEB-0573             
1 55152U 23004N   26283.82662869 -.00000037  00000+0 -12675-3 0  9990
2 55152  87.9115 312.4780 0001628 121.2738 238.8553 13.18686983184939
ONEWEB-0588             
1 55153U 23004P   26283.81990522  .00000021  00000+0  21174-4 0  9996
2 55153  87.9114 312.4771 0002181 106.1947 253.9425 13.18686642184936
ONEWEB-0598             
1 55154U 23004Q   26283.90246821  .00000346  00000+0  94020-3 0  9992
2 55154  87.8963 358.0776 0001330 119.8648 240.2612 13.11415788181065
ONEWEB-0599             
1 55155U 23004R   26283.90350942  .00000010  00000+0 -72484-5 0  9994
2 55155  87.9175 342.8909 0001591  98.2359 261.8953 13.17650098182721
ONEWEB-0614             
1 55156U 23004S   26283.51588206 -.00002137  00000+0 -60656-2 0  9996
2 55156  87.8954 358.1577 0002292 102.9589 257.1795 13.11429221180955
ONEWEB-0616             
1 55157U 23004T   26283.86976335  .00000021  00000+0  22139-4 0  9993
2 55157  87.9175 342.9025 0001433  70.8249 289.3038 13.17647832182936
ONEWEB-0617             
1 55158U 23004U   26283.50404037  .00000519  00000+0  14273-2 0  9990
2 55158  87.8960 358.1581 0002182 106.2016 253.9353 13.11418026180976
ONEWEB-0618             
1 55159U 23004V   26283.82015742  .00002839  00000+0  15437-3 0  9998
2 55159  86.9050 130.6577 0010210 214.6470 145.4106 15.14027302199759
ONEWEB-0619             
1 55160U 23004W   26283.52214025  .00000041  00000+0  72630-4 0  9994
2 55160  87.9182 342.9614 0002179  90.9944 269.1437 13.17648313182782
ONEWEB-0620             
1 55161U 23004X   26283.49893459  .00000416  00000+0  11372-2 0  9995
2 55161  87.8957 358.1608 0001752 109.9139 250.2178 13.11419119180940
ONEWEB-0621             
1 55162U 23004Y   26283.90755166  .00000068  00000+0  15487-3 0  9999
2 55162  87.8961 358.0786 0002142 100.1332 260.0038 13.11413327180976
ONEWEB-0622             
1 55163U 23004Z   26283.91263031 -.00000001  00000+0 -38408-4 0  9994
2 55163  87.8956 358.0777 0002568 115.0164 245.1231 13.11415920180960
ONEWEB-0623             
1 55164U 23004AA  26283.89674533  .00000077  00000+0  16415-3 0  9999
2 55164  87.9172 342.9045 0002690 101.4157 258.7277 13.17650278182829
ONEWEB-0624             
1 55165U 23004AB  26283.88003062  .00000357  00000+0  94922-3 0  9992
2 55165  87.8938 327.5943 0001994 101.0616 259.0737 13.12931790183256
ONEWEB-0625             
1 55166U 23004AC  26283.88663098 -.00000013  00000+0 -65794-4 0  9991
2 55166  87.9175 342.9049 0001388 100.8445 259.2842 13.17647917182813
ONEWEB-0626             
1 55167U 23004AD  26283.95244666 -.00000007  00000+0 -49968-4 0  9994
2 55167  87.9177 342.8912 0001611 105.8876 254.2433 13.17649990182821
ONEWEB-0627             
1 55168U 23004AE  26283.94061824  .00000055  00000+0  10885-3 0  9993
2 55168  87.9178 342.8946 0002378  98.8297 261.3104 13.17651105182824
ONEWEB-0628             
1 55169U 23004AF  26283.82810825  .00000007  00000+0 -15788-4 0  9990
2 55169  87.8945 327.6955 0002488  93.0187 267.1226 13.12441938183202
ONEWEB-0629             
1 55170U 23004AG  26283.89001088 -.00001285  00000+0 -33423-2 0  9996
2 55170  87.9180 342.8876 0002060  89.7428 270.3939 13.17658213182828
ONEWEB-0631             
1 55171U 23004AH  26283.81316731  .00000058  00000+0  11310-3 0  9990
2 55171  87.9128 312.4564 0001946 109.8546 250.2796 13.18685079184916
ONEWEB-0709             
1 55172U 23004AJ  26283.94655348 -.00000144  00000+0 -44071-3 0  9993
2 55172  87.8956 358.0742 0001307 129.1287 230.9957 13.11418254181044
ONEWEB-0710             
1 55173U 23004AK  26283.93050371  .00000030  00000+0  43049-4 0  9995
2 55173  87.9176 342.8870 0002058 101.7831 258.3532 13.17647523182827
ONEWEB-0711             
1 55174U 23004AL  26283.91771775 -.00000285  00000+0 -83889-3 0  9991
2 55174  87.8966 358.0728 0002531 106.3812 253.7594 13.11415387181002
ONEWEB-0713             
1 55175U 23004AM  26283.93636114 -.00000627  00000+0 -18049-2 0  9996
2 55175  87.8966 358.0721 0002198 104.6640 255.4732 13.11417139180992
ONEWEB-0715             
1 55176U 23004AN  26283.93127881 -.00000465  00000+0 -13489-2 0  9996
2 55176  87.8965 358.0720 0001624 124.4981 235.6300 13.11417591181031
ONEWEB-0716             
1 55177U 23004AP  26283.92375454  .00000045  00000+0  84016-4 0  9995
2 55177  87.9176 342.8915 0001760  93.6090 266.5243 13.17647630182825
ONEWEB-0717             
1 55178U 23004AQ  26283.90688596 -.00000015  00000+0 -70620-4 0  9993
2 55178  87.9174 342.8900 0002385 107.8814 252.2578 13.17647705182875
ONEWEB-0719             
1 55179U 23004AR  26283.91701305  .00000021  00000+0  21528-4 0  9997
2 55179  87.9185 342.8712 0001905  93.3519 266.7831 13.17647877182824
ONEWEB-0530             
1 55796U 23029A   26283.92206345  .00000039  00000+0  63808-4 0  9990
2 55796  87.9158 251.3659 0002396  84.5734 275.5673 13.20770375176424
ONEWEB-0534             
1 55797U 23029B   26283.91027557  .00000015  00000+0  43847-5 0  9992
2 55797  87.9163 251.3714 0001960  80.3293 279.8061 13.20793132176427
ONEWEB-0556             
1 55798U 23029C   26283.91701503 -.00000030  00000+0 -10533-3 0  9996
2 55798  87.9160 251.3674 0002461  63.5205 296.6180 13.20770148176424
ONEWEB-0562             
1 55799U 23029D   26283.22172690 -.00000019  00000+0 -79798-4 0  9996
2 55799  87.9170 251.4955 0002780  76.7856 283.3587 13.20773141176331
ONEWEB-0563             
1 55800U 23029E   26282.91365911  .00000022  00000+0  20993-4 0  9999
2 55800  87.9159 251.5795 0001781  78.1455 281.9878 13.20771106176285
ONEWEB-0564             
1 55801U 23029F   26283.66448273 -.00000012  00000+0 -62645-4 0  9997
2 55801  87.9167 251.4090 0002352  81.1148 279.0252 13.20773154176391
ONEWEB-0638             
1 55802U 23029G   26283.93950119  .00000229  00000+0  58290-3 0  9993
2 55802  87.8896 266.6448 0002249  75.1620 284.9759 13.14502940174603
ONEWEB-0639             
1 55803U 23029H   26283.95563427  .00006265  00000+0  15590-1 0  9998
2 55803  87.9083 281.8937 0001016  56.8853 303.2377 13.19793368174174
ONEWEB-0640             
1 55804U 23029J   26283.94795509  .00000248  00000+0  63462-3 0  9994
2 55804  87.8893 266.6329 0002231  70.2012 289.9358 13.14503538174628
ONEWEB-0641             
1 55805U 23029K   26283.95106656 -.00000387  00000+0 -99859-3 0  9990
2 55805  87.9099 281.8914 0001852  84.6324 275.5020 13.19721869174182
ONEWEB-0642             
1 55806U 23029L   26283.94629279  .00000093  00000+0  20079-3 0  9991
2 55806  87.9082 281.8974 0001084  91.3963 268.7294 13.19735795174171
ONEWEB-0643             
1 55807U 23029M   26283.91920883 -.00000112  00000+0 -33733-3 0  9999
2 55807  87.8906 266.6280 0001246  92.9923 267.1349 13.14502949174598
ONEWEB-0644             
1 55808U 23029N   26283.94173899 -.00008142  00000+0 -20418-1 0  9995
2 55808  87.9081 281.8982 0001256  88.8222 271.3054 13.19628241174172
ONEWEB-0645             
1 55809U 23029P   26283.96357478  .00005367  00000+0  13352-1 0  9998
2 55809  87.9090 281.8921 0001640  76.3815 283.7501 13.19790896174173
ONEWEB-0646             
1 55810U 23029Q   26283.75359005  .00001717  00000+0  42550-2 0  9993
2 55810  87.9084 281.9353 0001701  94.1344 265.9983 13.19738830174133
ONEWEB-0648             
1 55811U 23029R   26283.96316360  .00000074  00000+0  16385-3 0  9997
2 55811  87.8905 266.6039 0001314  59.9012 300.2248 13.14501129174600
ONEWEB-0649             
1 55812U 23029S   26283.93061720 -.00005542  00000+0 -13896-1 0  9991
2 55812  87.9093 281.8975 0001865 102.6114 257.5227 13.19667001174190
ONEWEB-0650             
1 55813U 23029T   26283.69838887 -.00004605  00000+0 -11547-1 0  9991
2 55813  87.9089 281.9453 0001418  86.9400 273.1895 13.19684353174132
ONEWEB-0652             
1 55814U 23029U   26283.94457320  .00000294  00000+0  75954-3 0  9991
2 55814  87.8898 266.6126 0002008  88.1397 271.9963 13.14503327174578
ONEWEB-0653             
1 55815U 23029V   26283.92932347  .00000045  00000+0  87311-4 0  9992
2 55815  87.8901 266.6143 0001928  83.6062 276.5288 13.14500893174602
ONEWEB-0654             
1 55816U 23029W   26283.92425651 -.00000256  00000+0 -72465-3 0  9997
2 55816  87.8897 266.6112 0002227  84.6107 275.5276 13.14502256174620
ONEWEB-0656             
1 55817U 23029X   26283.96078814 -.00000037  00000+0 -12364-3 0  9996
2 55817  87.9178 251.3343 0002405  84.9388 275.2019 13.20770875176437
ONEWEB-0657             
1 55818U 23029Y   26283.92109494 -.00003531  00000+0 -88597-2 0  9994
2 55818  87.9085 281.9005 0002514 100.9593 259.1823 13.19695626174178
ONEWEB-0658             
1 55819U 23029Z   26283.76467293 -.00000260  00000+0 -68086-3 0  9999
2 55819  87.9102 281.9165 0001506  91.0480 269.0825 13.19725174174164
ONEWEB-0660             
1 55820U 23029AA  26283.67394234  .00001448  00000+0  38713-2 0  9995
2 55820  87.8906 266.6626 0001753  79.6893 280.4434 13.14493982174575
ONEWEB-0661             
1 55821U 23029AB  26283.93612344  .00000129  00000+0  31461-3 0  9999
2 55821  87.8894 266.6372 0001965  77.7029 282.4321 13.14502806174590
ONEWEB-0662             
1 55822U 23029AC  26282.98209432 -.00000074  00000+0 -23482-3 0  9999
2 55822  87.8894 266.8339 0001898  80.1625 279.9719 13.14504787174515
ONEWEB-0663             
1 55823U 23029AD  26283.90985721 -.00000018  00000+0 -75646-4 0  9993
2 55823  87.9172 251.4115 0001607  75.2820 284.8491 13.20875743176422
ONEWEB-0664             
1 55824U 23029AE  26283.94730888  .00000042  00000+0  71769-4 0  9997
2 55824  87.9161 251.3754 0002189  74.6537 285.4838 13.20771932176420
ONEWEB-0665             
1 55825U 23029AF  26283.93358862  .00000129  00000+0  31356-3 0  9998
2 55825  87.8905 266.6232 0001709  78.5520 281.5802 13.14502798174610
ONEWEB-0666             
1 55826U 23029AG  26283.94057172  .00000007  00000+0 -13543-4 0  9995
2 55826  87.9161 251.3662 0002235 100.5526 259.5860 13.20770050176437
ONEWEB-0667             
1 55827U 23029AH  26283.93552979  .00000080  00000+0  16391-3 0  9993
2 55827  87.9173 251.3410 0001881  77.1267 283.0076 13.20770146176425
ONEWEB-0669             
1 55828U 23029AJ  26283.93046661  .00000077  00000+0  15826-3 0  9998
2 55828  87.9167 251.3475 0002477  81.2303 278.9111 13.20770207176420
ONEWEB-0670             
1 55829U 23029AK  26283.91241777 -.00000399  00000+0 -11104-2 0  9995
2 55829  87.8891 266.6390 0002135  76.7591 283.3777 13.14502862174630
ONEWEB-0671             
1 55830U 23029AL  26283.75994516 -.00000036  00000+0 -12334-3 0  9990
2 55830  87.9096 281.9338 0001744  81.9726 278.1605 13.19722151174143
ONEWEB-0672             
1 55831U 23029AM  26283.92544271  .00000029  00000+0  39141-4 0  9995
2 55831  87.9173 251.3429 0002129  87.1111 273.0266 13.20771943176421
ONEWEB-0673             
1 55832U 23029AN  26283.96436876  .00006533  00000+0  16260-1 0  9991
2 55832  87.9073 281.8973 0002104  71.5574 288.5788 13.19784726174177
ONEWEB-0674             
1 55833U 23029AP  26283.95472860  .00000157  00000+0  38951-3 0  9993
2 55833  87.8904 266.6134 0002136  76.0379 284.0988 13.14502724174622
ONEWEB-0675             
1 55834U 23029AQ  26283.75199066 -.00000231  00000+0 -60909-3 0  9999
2 55834  87.9132 281.9363 0002394  88.5193 271.6214 13.19759751174161
ONEWEB-0720             
1 55835U 23029AR  26283.74407972  .00002996  00000+0  74458-2 0  9998
2 55835  87.9088 281.9380 0001647  85.1281 275.0039 13.19759323174081
ONEWEB-0537             
1 56046U 23043A   26283.48198782  .00000076  00000+0  16651-3 0  9995
2 56046  87.9182 205.8949 0001841  78.6407 281.4930 13.16594784174132
ONEWEB-0538             
1 56047U 23043B   26283.55164464  .00000020  00000+0  17760-4 0  9996
2 56047  87.9185 205.8834 0001638  79.8611 280.2704 13.16595458174150
ONEWEB-0546             
1 56048U 23043C   26283.53897937  .00000124  00000+0  29004-3 0  9991
2 56048  87.9178 205.8853 0002213  91.2029 268.9355 13.16593659174140
ONEWEB-0547             
1 56049U 23043D   26283.53375990  .00000005  00000+0 -20438-4 0  9994
2 56049  87.9322 221.0286 0001763  72.7965 287.3362 13.21824064173464
ONEWEB-0548             
1 56050U 23043E   26283.48751691  .00000028  00000+0  39261-4 0  9994
2 56050  87.9184 205.8909 0002211  66.6959 293.4405 13.16595080174136
ONEWEB-0549             
1 56051U 23043F   26283.52788131 -.00000033  00000+0 -11131-3 0  9992
2 56051  87.9317 221.0308 0001664  81.0016 279.1306 13.21825062173462
ONEWEB-0550             
1 56052U 23043G   26283.59011766 -.00000010  00000+0 -56579-4 0  9994
2 56052  87.9319 221.0183 0002022  69.0829 291.0521 13.21826985173471
ONEWEB-0551             
1 56053U 23043H   26283.61026908 -.00000109  00000+0 -32371-3 0  9994
2 56053  87.9020 236.2132 0001609  79.9076 280.2236 13.15549031171576
ONEWEB-0552             
1 56054U 23043J   26283.20658453 -.00000040  00000+0 -12792-3 0  9995
2 56054  87.9315 221.0961 0001811  68.2872 291.8455 13.21827305173423
ONEWEB-0553             
1 56055U 23043K   26283.54531300  .00000081  00000+0  17715-3 0  9997
2 56055  87.9179 205.8847 0002121  84.1924 275.9448 13.16593581174151
ONEWEB-0554             
1 56056U 23043L   26283.60864535  .00000071  00000+0  15165-3 0  9990
2 56056  87.9172 205.8786 0002290  65.5487 294.5882 13.16593579174146
ONEWEB-0555             
1 56057U 23043M   26283.49465234 -.00000040  00000+0 -13865-3 0  9994
2 56057  87.9182 205.8923 0002197  84.8068 275.3314 13.16594968174135
ONEWEB-0557             
1 56058U 23043N   26283.20490784 -.00000003  00000+0 -42598-4 0  9997
2 56058  87.9179 205.9605 0001831  87.6106 272.5235 13.16594649174090
ONEWEB-0558             
1 56059U 23043P   26283.57834755  .00000032  00000+0  45991-4 0  9998
2 56059  87.9316 221.0199 0001670  83.0492 277.0832 13.21827559173480
ONEWEB-0559             
1 56060U 23043Q   26283.64225807  .00000072  00000+0  14266-3 0  9994
2 56060  87.9320 221.0053 0001692  75.1053 285.0268 13.21825286173505
ONEWEB-0566             
1 56061U 23043R   26283.55983372  .00000082  00000+0  16785-3 0  9992
2 56061  87.9321 221.0202 0001624  72.8183 287.3128 13.21824663173470
ONEWEB-0568             
1 56062U 23043S   26283.52629857 -.00000015  00000+0 -72749-4 0  9996
2 56062  87.9179 205.8848 0002001  80.5510 279.5847 13.16592645174151
ONEWEB-0574             
1 56063U 23043T   26283.55311062  .00000023  00000+0  24008-4 0  9998
2 56063  87.9316 221.0266 0002085  73.0895 287.0467 13.21824608173518
ONEWEB-0575             
1 56064U 23043U   26283.21600184  .00000049  00000+0  94278-4 0  9992
2 56064  87.9178 205.9420 0002173  72.4858 287.6511 13.16593576174101
ONEWEB-0576             
1 56065U 23043V   26283.50096698 -.00000048  00000+0 -15884-3 0  9990
2 56065  87.9183 205.8963 0002066  73.5578 286.5780 13.16592892174130
ONEWEB-0577             
1 56066U 23043W   26283.58330903  .00000025  00000+0  32784-4 0  9991
2 56066  87.9181 205.8774 0002592  67.2739 292.8665 13.16596173174174
ONEWEB-0578             
1 56067U 23043X   26283.53965258  .00000048  00000+0  84955-4 0  9996
2 56067  87.9320 221.0250 0002106  81.6751 278.4622 13.21826881173477
ONEWEB-0579             
1 56068U 23043Y   26283.60693720  .00000075  00000+0  15011-3 0  9993
2 56068  87.9322 221.0142 0001765  67.5904 292.5417 13.21827882173496
ONEWEB-0581             
1 56069U 23043Z   26283.20965072 -.00000001  00000+0 -37382-4 0  9999
2 56069  87.9175 205.9562 0002373  66.6466 293.4914 13.16595947174096
ONEWEB-0609             
1 56070U 23043AA  26283.94062742  .00000038  00000+0  67830-4 0  9993
2 56070  87.9020 236.1313 0001881  78.9659 281.1683 13.15549062171652
ONEWEB-0613             
1 56071U 23043AB  26283.63404241  .00000189  00000+0  46878-3 0  9999
2 56071  87.9020 236.2051 0001662  74.0081 286.1233 13.15548330171615
ONEWEB-0630             
1 56072U 23043AC  26283.24898015  .00000098  00000+0  22737-3 0  9990
2 56072  87.9030 236.2620 0001741  75.6653 284.4671 13.15550002171558
ONEWEB-0632             
1 56073U 23043AD  26283.62452859  .00000070  00000+0  15141-3 0  9996
2 56073  87.9022 236.1989 0002060  75.9104 284.2256 13.15549396171603
ONEWEB-0633             
1 56074U 23043AE  26283.69422356  .00000141  00000+0  34035-3 0  9995
2 56074  87.9030 236.1696 0001507  76.1423 283.9875 13.15550097171591
ONEWEB-0634             
1 56075U 23043AF  26282.91941598  .00000076  00000+0  16668-3 0  9993
2 56075  87.9021 236.3549 0001951  86.6765 273.4589 13.15548405171483
ONEWEB-0635             
1 56076U 23043AG  26283.59917714 -.00000101  00000+0 -30204-3 0  9995
2 56076  87.9031 236.1916 0002175  74.3314 285.8056 13.15548048171607
ONEWEB-0636             
1 56077U 23043AH  26283.59125132 -.00000121  00000+0 -35609-3 0  9997
2 56077  87.9029 236.1965 0002135  75.8821 284.2547 13.15548651171589
ONEWEB-0637             
1 56078U 23043AJ  26283.58491959 -.00000101  00000+0 -30249-3 0  9993
2 56078  87.9024 236.2068 0002201  81.4072 278.7308 13.15549062171608
ONEWEB-0647             
1 56079U 23043AK  26283.58015706  .00000015  00000+0  66803-5 0  9995
2 56079  87.9019 236.2198 0001999  72.7732 287.3617 13.15537027171591
ONEWEB-0651             
1 56080U 23043AL  26283.95567979  .00000047  00000+0  91273-4 0  9995
2 56080  87.9023 236.1378 0002195  80.1152 280.0227 13.15550110172849
ONEWEB-0718             
1 56081U 23043AM  26283.57063715 -.00000006  00000+0 -50721-4 0  9993
2 56081  87.9029 236.2020 0001802  91.8896 268.2441 13.15547533171603
ONEWEB-0561             
1 56710U 23068A   26283.95405220  .00000015  00000+0  43034-5 0  9990
2 56710  87.9171 251.3459 0002101  73.3855 286.7509 13.20771107164780
ONEWEB-0668             
1 56711U 23068B   26283.48830809  .00000070  00000+0  14845-3 0  9991
2 56711  87.9182 205.8946 0001990  88.1191 272.0168 13.16596283166955
ONEWEB-0676             
1 56712U 23068C   26283.57221581 -.00000227  00000+0 -62692-3 0  9992
2 56712  87.9178 205.8850 0002119  69.0792 291.0565 13.16594306166882
ONEWEB-0677             
1 56713U 23068D   26283.94226213  .00000045  00000+0  78312-4 0  9994
2 56713  87.9170 251.3393 0002302  83.5171 276.6225 13.20770006165080
ONEWEB-0678             
1 56714U 23068E   26283.69107637  .00000044  00000+0  81890-4 0  9999
2 56714  87.9029 236.1744 0001801  71.4849 288.6477 13.15548839164471
ONEWEB-0679             
1 56715U 23068F   26283.60705554  .00000093  00000+0  21024-3 0  9999
2 56715  87.9181 205.8685 0002324  81.4820 278.6574 13.16595835166916
ONEWEB-0680             
1 56716U 23068G   26283.53292102  .00000020  00000+0  16088-4 0  9997
2 56716  87.9322 221.0302 0002246  87.8390 272.3001 13.21827357166330
ONEWEB-0681             
1 56717U 23068H   26283.53789479 -.00000820  00000+0 -20166-2 0  9996
2 56717  87.9331 221.0392 0002763  60.4177 299.7232 13.21825671166329
ONEWEB-0682             
1 56718U 23068J   26283.63878297  .00000105  00000+0  24579-3 0  9992
2 56718  87.9029 236.1832 0002219  89.3489 270.7896 13.15549012164634
ONEWEB-0683             
1 56719U 23068K   26283.58648540 -.00000094  00000+0 -28246-3 0  9997
2 56719  87.9031 236.1966 0001944  84.7342 275.4010 13.15549514164599
ONEWEB-0684             
1 56720U 23068L   26283.67046404 -.00000101  00000+0 -30184-3 0  9993
2 56720  87.9029 236.1672 0000836  43.1188 317.0007 13.15549782164437
ONEWEB-0686             
1 56721U 23068M   26283.56747544  .00000078  00000+0  17102-3 0  9991
2 56721  87.9173 205.8892 0001596  80.4889 279.6422 13.16595677166892
ONEWEB-0694             
1 56722U 23068N   26283.49780285 -.00000279  00000+0 -76283-3 0  9993
2 56722  87.9179 205.8845 0002002  85.0741 275.0618 13.16594066166942
ONEWEB-0696             
1 56723U 23068P   26283.62768087  .00000202  00000+0  50186-3 0  9993
2 56723  87.9021 236.2057 0001795  64.2049 295.9266 13.15547019164549
ONEWEB-0703             
1 56724U 23068Q   26283.63719803  .00000146  00000+0  35298-3 0  9991
2 56724  87.9031 236.1895 0002064  52.0721 308.0595 13.15548912164434
ONEWEB-0721             
1 56725U 23068R   26283.59550161  .00000094  00000+0  18972-3 0  9999
2 56725  86.6783  48.6464 0001610  99.0040 261.1276 13.22476610173195
ONEWEB-0015             
1 61594U 24188A   26283.89907890  .00000499  00000+0  13712-2 0  9996
2 61594  87.8951 358.0974 0002333  96.4798 263.6596 13.11415062 99622
ONEWEB-0687             
1 61595U 24188B   26283.42595887  .00000063  00000+0  12995-3 0  9995
2 61595  87.9174 342.9935 0002347 105.4243 254.7148 13.17647940101076
ONEWEB-0688             
1 61596U 24188C   26283.91026695  .00000023  00000+0  26006-4 0  9991
2 61596  87.9171 342.8979 0003105  89.6557 270.4930 13.17648769101136
ONEWEB-0689             
1 61597U 24188D   26283.93296689 -.00000515  00000+0 -14891-2 0  9991
2 61597  87.8968 358.0618 0001950 110.2496 249.8842 13.11415392 99628
ONEWEB-0690             
1 61598U 24188E   26283.48537873 -.00000092  00000+0 -29594-3 0  9992
2 61598  87.8968 358.1605 0001618  83.2355 276.8957 13.11418757 99748
ONEWEB-0691             
1 61599U 24188F   26283.48029999 -.00000328  00000+0 -96196-3 0  9992
2 61599  87.8975 358.0813 0002223 100.7843 259.3536 13.11418316 99590
ONEWEB-0692             
1 61600U 24188G   26283.50062295  .00000418  00000+0  11449-2 0  9999
2 61600  87.8955 358.1686 0001423 125.2964 234.8297 13.11415653 99589
ONEWEB-0693             
1 61601U 24188H   26283.16269328  .00000087  00000+0  18982-3 0  9990
2 61601  87.9164 343.0593 0001829  75.0546 285.0787 13.17647590101029
ONEWEB-0695             
1 61602U 24188J   26283.93466277 -.00000569  00000+0 -16410-2 0  9998
2 61602  87.8963 358.0736 0001841 117.2252 242.9063 13.11415559 99632
ONEWEB-0697             
1 61603U 24188K   26283.50911138  .00000643  00000+0  17772-2 0  9996
2 61603  87.8962 358.1530 0001373 123.0106 237.1154 13.11415670 99561
ONEWEB-0698             
1 61604U 24188L   26283.94484592 -.00000206  00000+0 -61649-3 0  9994
2 61604  87.8959 358.0772 0000696  91.5453 268.5755 13.11419212 99646
ONEWEB-0699             
1 61605U 24188M   26283.51506361 -.00000668  00000+0 -19511-2 0  9999
2 61605  87.8925  13.3232 0001269 119.7973 240.3280 13.10372865 98415
ONEWEB-0700             
1 61606U 24188N   26283.59311597 -.00000671  00000+0 -19581-2 0  9994
2 61606  87.8935  13.2334 0001337 116.2038 243.9227 13.10373894 98412
ONEWEB-0701             
1 61607U 24188P   26283.53373992  .00000194  00000+0  51808-3 0  9993
2 61607  87.8921  13.3219 0001208 120.5910 239.5337 13.10375447 98414
ONEWEB-0702             
1 61608U 24188Q   26283.91434205 -.00000136  00000+0 -41923-3 0  9996
2 61608  87.8974 358.0099 0001709 140.2150 219.9103 13.11415127 99650
ONEWEB-0704             
1 61609U 24188R   26283.59820404 -.00000595  00000+0 -17394-2 0  9994
2 61609  87.8924  13.3001 0001616 137.7459 222.3793 13.10374909 98406
ONEWEB-0705             
1 61610U 24188S   26283.52695778 -.00000214  00000+0 -65045-3 0  9998
2 61610  87.8929  13.3206 0002304 126.9673 233.1666 13.10375528 90569
ONEWEB-0706             
1 61611U 24188T   26283.51167695 -.00000624  00000+0 -18241-2 0  9990
2 61611  87.8925  13.3251 0001726 121.5007 238.6290 13.10373026 98488
ONEWEB-0707             
1 61612U 24188U   26283.51846763 -.00000350  00000+0 -10380-2 0  9993
2 61612  87.8954  13.3231 0001912 115.2066 244.9260 13.10372930 98425
ONEWEB-0708             
1 61613U 24188V   26283.53714649  .00000291  00000+0  79728-3 0  9997
2 61613  87.8919  13.3257 0002257 109.9909 250.1462 13.10376191 98408
